Cotação,DY,P/VP,Liquidez Diária,Liquidez Unidade,VARIAÇÃO,Papel,Razão Social,CNPJ,PÚBLICO-ALVO,MANDATO,SEGMENTO,TIPO DE FUNDO,PRAZO DE DURAÇÃO,TIPO DE GESTÃO,TAXA DE ADMINISTRAÇÃO,VACÂNCIA,NUMERO DE COTISTAS,COTAS EMITIDAS,VAL. PATRIMONIAL P/ COTA,VALOR PATRIMONIAL,ÚLTIMO RENDIMENTO,Valor Patrimonial Unidade
7.50,10.78,0.62,686.16,K,-0.93,AJFI11,AJ MALLS,51472985/0001-99,Geral,Renda,Shoppings / Varejo,Fundo de Tijolo,Indeterminado,Ativa,,8.76,12776,31625967,12.15,384.21,0.06,Milhões
7.69,17.57,0.82,166.81,K,-5.76,ALZC11,ALIANZA CRÉDITO IMOBILIÁRIO FUNDO DE INVESTIMENTO IMOBILIÁRIO,40011324/0001-40,Investidor Qualificado,Títulos e valores mobiliários,Títulos e Valores Mobiliários,Fundo de papel,Indeterminado,Ativa,1.30,0.00,9099,20050219,9.44,189.18,0.11,Milhões
72.63,0.00,0.93,781.77,K,-15.05,AURB11,ALIANZA URBAN HUB RENDA FUNDO DE INVESTIMENTO IMOBILIÁRIO,41076823/0001-88,Investidor Qualificado,Renda,Logístico / Indústria / Galpões,Fundo de Tijolo,Indeterminado,Ativa,1.00,16.00,19,1085769,78.36,85.09,0.41,Milhões
91.18,12.88,0.97,718.14,K,7.25,AFHI11,AF INVEST CRI FUNDO DE INVESTIMENTO IMOBILIÁRIO - RECEBÍVEIS IMOBILIÁRIOS,36642293/0001-58,Geral,Títulos e valores mobiliários,Títulos e Valores Mobiliários,Fundo de papel,Indeterminado,Ativa,1.00,0.00,38871,4555607,93.85,427.52,1.01,Milhões
83.76,5.21,0.68,563.15,K,-12.57,APXM11,FUNDO DE INVESTIMENTO IMOBILIÁRIO APEX MALLS,43010485/0001-07,Geral,Híbridos,Shoppings / Varejo,Fundo de Tijolo,Indeterminado,Ativa,,0.00,598,2829131,123.36,349.01,0.25,Milhões
46.21,13.05,0.59,281.20,K,-4.96,AIEC11,AUTONOMY EDIFÍCIOS CORPORATIVOS FUNDO DE INVESTIMENTO IMOBILIÁRIO,35765826/0001-26,Geral,Renda,Lajes Corporativas,Fundo de Tijolo,Indeterminado,Ativa,0.75,0.00,15719,4824976,77.71,374.96,0.34,Milhões
1.01,7.45,1.06,4.64,K,12.22,AROA11,AROEIRA 333 RENDA LOGÍSTICA,44674528/0001-11,Geral,Desenvolvimento para renda,Outros,Fundo de desenvolvimento,Indeterminado,Ativa,,0.00,4656,167926821,0.95,160.20,0.01,Milhões
7.54,15.49,0.83,76.92,K,-13.43,ARXD11,ARX DOVER RECEBÍVEIS FUNDO DE INVESTIMENTO IMOBILIÁRIO,44527494/0001-32,Geral,Títulos e valores mobiliários,Títulos e Valores Mobiliários,Fundo de papel,Indeterminado,Ativa,1.02,0.00,1766,9011159,9.12,82.14,0.10,Milhões
7.60,15.12,0.78,1.06,M,-10.28,AZPL11,AZ QUEST PANORAMA LOGÍSTICA FUNDO DE INVESTIMENTO IMOBILIÁRIO - RESPONSABILIDADE LIMITADA,51890054/0001-00,Geral,Renda,Logístico / Indústria / Galpões,Fundo misto,Indeterminado,Ativa,1.10,0.00,6586,18209635,9.72,176.93,0.21,Milhões
64.19,15.20,0.77,285.31,K,8.96,BCRI11,BANESTES RECEBÍVEIS IMOBILIÁRIOS FUNDO DE INVESTIMENTO,22219335/0001-38,Geral,Títulos e valores mobiliários,Títulos e Valores Mobiliários,Fundo de papel,Indeterminado,Ativa,1.0,0.00,43131,6257862,83.32,521.40,0.91,Milhões
71.06,18.79,0.91,91.17,K,-30.21,BNFS11,BANRISUL NOVAS FRONTEIRAS FUNDO DE INVESTIMENTO IMOBILIÁRIO,15570431/0001-60,Geral,Desenvolvimento para renda,Agências bancárias,Fundo de Tijolo,Indeterminado,Ativa,0.4,9.30,5946,699989,78.38,54.87,1.00,Milhões
9.99,9.69,0.93,1.32,M,2.46,ALZR11,ALIANZA TRUST RENDA IMOBILIARIA - FUNDO DE INVESTIMENTO IMOBILIARIO,28737771/0001-85,Geral,Renda,Híbrido,Fundo de Tijolo,Indeterminado,Ativa,0.20,0.00,165608,122266239,10.77,1.32,0.08,Bilhão
352.00,0.00,0.50,36.41,K,-43.34,BBFI11,BB FUNDO DE INVESTIMENTO IMOBILIÁRIO PROGRESSIVO,07000400/0001-46,Geral,Renda,Lajes Corporativas,Fundo de Tijolo,Indeterminado,Passiva,3,100.00,6206,129989,698.17,90.76,100.41,Milhões
7.01,14.29,0.75,987.66,K,-15.13,BBIG11,BB PREMIUM MALLS FUNDO DE INVESTIMENTO IMOBILIÁRIO DE RESPONSABILIDADE LIMITADA,54375187/0001-37,fiiGENERAL,Renda,Shoppings / Varejo,Fundo de Tijolo,Indeterminado,Ativa,0.80,2.50,31779,99120983,9.32,923.68,0.08,Milhões
62.58,13.20,0.86,216.12,K,-1.57,BBFO11,BB FUNDO DE FUNDOS - FUNDO DE INVESTIMENTO IMOBILIÁRIO,37180091/0001-02,Geral,Títulos e valores mobiliários,Títulos e Valores Mobiliários,Fundo de fundos,Indeterminado,Passiva,0.50,0.00,6958,4003889,72.59,290.64,0.76,Milhões
97.91,13.11,0.94,84.08,K,-4.08,BBRC11,BB RENDA CORPORATIVA FUNDO DE INVESTIMENTO IMOBILIÁRIO,12681340/0001-04,Geral,Desenvolvimento para renda,Agências bancárias,Fundo de Tijolo,Indeterminado,Passiva,0.60,5.60,8949,1589989,104.46,166.09,1.05,Milhões
96.99,8.72,0.92,251.16,K,7.95,BMLC11,FUNDO DE INVESTIMENTO IMOBILIÁRIO BM BRASCAN LAJES CORPORATIVAS,14376247/0001-11,Geral,Renda,Lajes Corporativas,Fundo de Tijolo,Indeterminado,Passiva,0.20,0.00,1285,998394,105.80,105.63,0.69,Milhões
81.14,12.63,0.83,302.10,K,-12.21,BCIA11,BRADESCO CARTEIRA IMOBILIÁRIA ATIVA – FUNDO DE INVESTIMENTO IMOBILIÁRIO,20216935/0001-17,Geral,Títulos e valores mobiliários,Títulos e Valores Mobiliários,Fundo de fundos,Indeterminado,Ativa,0.50,0.00,22039,3719027,97.49,362.56,0.84,Milhões
54.11,14.05,0.77,287.51,K,-10.44,BPFF11,FUNDO DE INVESTIMENTO IMOBILIÁRIO - BRASIL PLURAL ABSOLUTO,17324357/0001-28,Geral,Títulos e valores mobiliários,Títulos e Valores Mobiliários,Fundo de fundos,Indeterminado,Ativa,0.4,0.00,20320,4492315,69.94,314.20,0.70,Milhões
1.15,0.00,0.16,8.13,K,-28.13,CARE11,BRAZILIAN GRAVEYARD DEATH CARE FDO INV IMOB - FII,13584584/0001-31,Geral,Títulos e valores mobiliários,Híbrido,Fundo misto,Indeterminado,Ativa,1.60,0.00,51,35769908,6.99,249.88,0.01,Milhões
1.174.71,5.65,1.49,3.23,K,-9.71,BVAR11,FUNDO DE INVESTIMENTO IMOBILIÁRIO BRASIL VAREJO,21126204/0001-43,Geral,Renda,Outros,Fundo de Tijolo,Indeterminado,Passiva,0.10,0.00,126,625529,786.25,491.83,4.20,Milhões
82.25,11.98,0.84,1.28,M,1.97,FATN11,FUNDO DE INVESTIMENTO IMOBILIÁRIO ATHENA I,30567216/0001-02,Geral,Renda,Lajes Corporativas,Fundo de Tijolo,Indeterminado,Ativa,0.80,0.38,20987,4659277,98.42,458.57,0.80,Milhões
31.49,12.58,0.45,303.71,K,-6.17,BLMG11,BLUEMACAW LOGÍSTICA FUNDO DE INVESTIMENTO IMOBILIÁRIO,34081637/0001-71,Geral,Renda,Outros,Fundo de Tijolo,Indeterminado,Ativa,0.95,0.00,12831,4674537,70.76,330.79,0.36,Milhões
109.81,9.67,0.93,2.16,M,5.41,BRCO11,BRESCO LOGÍSTICA - FUNDO DE INVESTIMENTO IMOBILIÁRIO,20748515/0001-81,Geral,Híbridos,Logístico / Indústria / Galpões,Fundo de Tijolo,Indeterminado,Ativa,0.0975,4.50,121549,15905122,117.82,1.87,0.87,Bilhão
6.99,15.25,0.83,41.69,K,12.38,BIME11,BRIO MULTIESTRATÉGIA FUNDO DE INVESTIMENTO IMOBILIÁRIO,41081356/0001-84,Geral,Renda,Híbrido,Outro,Indeterminado,Ativa,1.50,0.00,8478,5845591,8.43,49.27,0.09,Milhões
900.00,7.20,0.84,835.92,K,3.83,BICE11,BRIO CRÉDITO ESTRUTURADO - FUNDO DE INVESTIMENTO IMOBILIÁRIO,39332032/0001-20,Investidor Qualificado,Títulos e valores mobiliários,Títulos e Valores Mobiliários,Fundo de fundos,Determinado,Ativa,1.25,0.00,114,133403,1065.42,142.14,4.66,Milhões
502.50,43.80,1.36,12.45,K,1.45,BRIM11,BRIO REAL ESTATE II - FUNDO DE INVESTIMENTO IMOBILIÁRIO,23964843/0001-03,Geral,Híbridos,Outros,Fundo de desenvolvimento,Determinado,Ativa,1.5,0.00,680,124126,369.80,45.91,80.56,Milhões
710.50,41.71,1.11,6.41,K,26.64,BRIP11,BRIO REAL ESTATE III FUNDO DE INVESTIMENTO IMOBILIÁRIO,34895752/0001-80,Geral,Híbridos,Híbrido,Fundo de desenvolvimento,Determinado,Ativa,2.0,0.00,430,215464,640.27,137.96,11.77,Milhões
54.30,11.73,0.50,437.98,K,28.96,BROF11,BRPR CORPORATE OFFICES FDO DE INV IMOB,48978859/0001-04,Geral,Renda,Híbrido,Fundo de Tijolo,Indeterminado,Ativa,,8.80,9996,11610801,108.20,1.26,0.42,Bilhão
57.20,0.00,1.10,63.21,K,-0.12,LLAO11,BS2 ALLINVESTMENTS FUNDO DE INVESTIMENTO IMOBILIÁRIO,41218404/0001-33,Investidor Qualificado,Desenvolvimento para venda,Híbrido,Fundo misto,Indeterminado,Ativa,2.00,0.00,73,361129,52.04,18.79,1.70,Milhões
76.05,13.57,0.68,538.94,K,10.75,BTAL11,FUNDO DE INVESTIMENTO IMOBILIÁRIO BTG PACTUAL AGRO LOGÍSTICA,36642244/0001-15,Geral,Renda,Outros,Fundo de Tijolo,Indeterminado,Ativa,1.10,0.00,39259,5982725,112.52,673.18,0.90,Milhões
9.19,12.29,0.91,1.81,M,4.55,BTCI11,BTG Pactual Fundo de CRI,09552812/0001-14,fiiGENERAL,Títulos e valores mobiliários,Títulos e Valores Mobiliários,Fundo de papel,Indeterminado,Ativa,0.95,0.00,192178,99521161,10.15,1.01,0.10,Bilhão
53.97,8.80,0.49,89.40,K,24.13,BTRA11,FUNDO DE INVESTIMENTO IMOBILIÁRIO BTG PACTUAL TERRAS AGRÍCOLAS,41076607/0001-32,Geral,Renda,Fiagros,Outro,Indeterminado,Ativa,1.22,0.00,12556,3364548,110.94,373.25,0.30,Milhões
77.83,20.01,0.62,776.07,K,9.54,BPML11,FUNDO DE INVESTIMENTO IMOBILIÁRIO BTG PACTUAL SHOPPINGS,33046142/0001-49,Investidor Qualificado,Renda,Shoppings / Varejo,Fundo de Tijolo,Indeterminado,Ativa,1.0,7.40,5830,7441734,126.21,939.19,0.92,Milhões
40.52,13.72,0.48,786.93,K,-8.70,BRCR11,FUNDO DE INVESTIMENTO IMOBILIÁRIO - BTG PACTUAL CORPORATE OFFICE,08924783/0001-01,fiiGENERAL,Híbridos,Híbrido,Fundo de Tijolo,Indeterminado,Ativa,0.25,12.10,123212,26638191,85.00,2.26,0.41,Bilhões
98.76,9.57,0.95,6.37,M,6.67,BTLG11,BTG PACTUAL LOGÍSTICA FUNDO DE INVESTIMENTO IMOBILIÁRIO,11839593/0001-09,Geral,Renda,Logístico / Indústria / Galpões,Fundo de Tijolo,Indeterminado,Ativa,0.9,1.00,396295,44473964,103.71,4.61,0.78,Bilhões
41.52,10.86,0.60,38.92,K,14.00,BTHI11,BTG PACTUAL HOTÉIS FII,18308516/0001-63,Geral,Híbridos,Hotéis,Fundo de Tijolo,Indeterminado,Ativa,095,45.50,1415,9218501,68.73,633.63,0.41,Milhões
151.45,7.56,1.00,1.53,K,3.05,BTSG11,BTSP I FUNDO DE INVESTIMENTO IMOBILIÁRIO,36098375/0001-83,Geral,Desenvolvimento para renda,Híbrido,Fundo de Tijolo,Indeterminado,Ativa,0.20,0.00,102,775004,152.09,117.87,1.00,Milhões
8.15,10.35,0.82,6.64,M,6.27,BTHF11,BTG PACTUAL REAL ESTATE HEDGE FUND FII - RESP LTDA,45188176/0001-57,Geral,Títulos e valores mobiliários,Híbrido,Fundo de papel,Indeterminado,Ativa,,0.00,340382,205846929,9.89,2.04,0.09,Bilhões
101.32,7.13,0.86,123.33,K,-12.36,BTWR11,BTOWERS - FUNDO DE INVESTIMENTO IMOBILIÁRIO,20132453/0001-89,Investidor Qualificado,Renda,Lajes Corporativas,Fundo de desenvolvimento,Indeterminado,Passiva,0.80,6.00,135,809258,118.44,95.85,0.60,Milhões
109.59,2.05,0.94,2.71,K,-4.70,BTSI11,BTSP II FUNDO DE INVESTIMENTO IMOBILIÁRIO,36930464/0001-44,Geral,Desenvolvimento para renda,Híbrido,Fundo de desenvolvimento,Indeterminado,Ativa,,0.00,194,5775324,116.98,675.58,0.79,Milhões
57.11,14.26,0.59,196.90,K,-8.91,CXCO11,FUNDO DE INVESTIMENTO IMOBILIÁRIO CAIXA IMÓVEIS CORPORATIVOS,38658984/0001-75,Geral,Renda,Lajes Corporativas,Fundo de Tijolo,Indeterminado,Ativa,0.25,0.00,12509,3924489,96.09,377.11,0.66,Milhões
60.50,11.70,0.76,17.64,K,-14.94,CXRI11,CAIXA RIO BRAVO FUNDO DE INVESTIMENTO IMOBILIÁRIO,17098794/0001-70,Geral,Híbridos,Híbrido,Fundo de fundos,Indeterminado,Ativa,1.20,0.00,1797,1575749,80.07,126.17,0.59,Milhões
8.63,11.38,0.83,199.00,K,-8.29,CCME11,CANUMA CAPITAL MULTIESTRATÉGIA FUNDO DE INVESTIMENTO IMOBILIÁRIO,43010844/0001-26,Geral,Híbridos,Outros,Fundo misto,Indeterminado,Ativa,Taxa de gestão 1.20,2.90,8260,67797042,10.34,700.81,0.08,Milhões
9.40,12.98,0.80,1.35,M,2.07,CPSH11,SHOPPINGS AAA FDO DE INV IMOB,47896665/0001-99,Geral,Renda,Shoppings / Varejo,Fundo de Tijolo,Indeterminado,Ativa,,4.90,22111,79699807,11.71,933.38,0.10,Milhões
110.00,7.91,1.01,2.79,M,9.88,CPOF11,CAPITÂNIA OFFICE FII - FDO DE INV IMOB,48916699/0001-60,Geral,Renda,Híbrido,Fundo misto,Indeterminado,Ativa,,3.00,121,4772394,108.66,518.55,0.75,Milhões
11.80,6.85,1.22,14.84,M,19.80,CPLG11,CAPITÂNIA LOGÍSTICA FUNDO DE INVESTIMENTO IMOBILIÁRIO - FII,52371756/0001-40,Geral,Híbridos,Logístico / Indústria / Galpões,Fundo misto,Indeterminado,Ativa,,0.00,392,34345209,9.68,332.39,0.03,Milhões
7.33,12.93,0.83,6.07,M,1.80,CPTS11,CAPITANIA SECURITIES II FUNDO DE INVESTIMENTO IMOBILIÁRIO,18979895/0001-13,Geral,Títulos e valores mobiliários,Títulos e Valores Mobiliários,Fundo de papel,Indeterminado,Ativa,1.05,0.00,356068,328558318,8.87,2.91,0.09,Bilhões
10.28,10.93,1.07,3.67,M,14.99,CPUR11,Classe Única do Capitânia HBC Renda Urbana,34691520/0001-00,fiiGENERAL,Renda,Híbrido,Outro,Indeterminado,Ativa,1.00,2.20,1309,62371124,9.59,598.34,0.05,Milhões
75.27,9.75,0.93,23.10,K,7.98,CRFF11,CAIXA RIO BRAVO FUNDO DE FUNDOS DE INVESTIMENTO IMOBILIÁRIO II,31887401/0001-39,Geral,Títulos e valores mobiliários,Títulos e Valores Mobiliários,Fundo de fundos,Indeterminado,Ativa,1.15,0.00,1245,690029,80.82,55.77,0.61,Milhões
98.00,6.48,0.76,422.22,K,4.61,BLCA11,BLUEMACAW CATUAÍ TRIPLE A FUNDO DE INVESTIMENTO IMOBILIÁRIO,41076748/0001-55,Geral,Híbridos,Lajes Corporativas,Fundo misto,Indeterminado,Ativa,1.15,0.00,461,1599989,128.42,205.47,0.85,Milhões
5.28,0.38,0.25,1.09,K,-34.73,CTXT11,FUNDO DE INVESTIMENTO IMOBILIÁRIO CENTRO TÊXTIL INTERNACIONAL,00762723/0001-28,Geral,Desenvolvimento para renda,Lajes Corporativas,Fundo de Tijolo,Indeterminado,Passiva,0.265,100.00,2260,4659595,21.38,99.61,0.02,Milhões
81.59,19.77,0.86,3.47,M,-9.45,CACR11,CARTESIA RECEBÍVEIS IMOBILIÁRIOS FUNDO DE INVESTIMENTO IMOBILIÁRIO,32065364/0001-46,Geral,Híbridos,Híbrido,Fundo de papel,Indeterminado,Ativa,1.00,0.00,24418,4836313,95.17,460.27,1.35,Milhões
23.00,4.35,0.34,5.30,K,-14.24,CBOP11,CASTELLO BRANCO OFFICE PARK FUNDO DE INVESTIMENTO IMOBILIÁRIO,17144039/0001-85,Geral,Renda,Lajes Corporativas,Fundo de Tijolo,Indeterminado,Passiva,105,41.60,2228,1414989,67.55,95.58,0.10,Milhões
1.24,6.60,0.16,136.69,K,-11.43,CNES11,FUNDO DE INVESTIMENTO IMOBILIÁRIO - CENESP,13551286/0001-45,Geral,Renda,Lajes Corporativas,Fundo de Tijolo,Indeterminado,Ativa,0.30,59.40,90031,34134814,7.57,258.30,0.01,Milhões
650.00,23.65,0.66,225.20,K,20.55,CFII11,CF3 FUNDO DE INVESTIMENTO IMOBILIÁRIO,41325993/0001-59,Investidor Qualificado,Desenvolvimento para venda,Híbrido,Fundo de desenvolvimento,Determinado,Ativa,,0.00,107,126308,986.35,124.60,3.85,Milhões
320.00,16.69,1.03,300.74,K,31.95,CFHI11,CF2 FUNDO DE INVESTIMENTO IMOBILIÁRIO,34508923/0001-70,Investidor Qualificado,Híbridos,Outros,Fundo de desenvolvimento,Indeterminado,Ativa,1,0.00,96,94589,310.27,29.35,25.80,Milhões
61.22,3.17,0.84,2.21,M,1.31,CJCT11,CIDADE JARDIM CONTINENTAL TOWER FUNDO DE INVESTIMENTO IMOBILIÁRIO,10347985/0001-80,Investidor Qualificado,Renda,Lajes Corporativas,Fundo de Tijolo,Indeterminado,Passiva,0.70,31.80,873,3139989,72.94,229.04,0.20,Milhões
88.06,14.04,0.91,620.39,K,6.82,CLIN11,CLAVE ÍNDICES DE PREÇOS,49005348/0001-60,Geral,Títulos e valores mobiliários,Títulos e Valores Mobiliários,Fundo de papel,Indeterminado,Ativa,,0.00,12385,4346752,96.91,421.24,1.00,Milhões
4.55,0.66,0.46,6.23,K,8.33,DAYM11,DAYCOVAL REAL ESTATE MULTIESTRATÉGIA FII RL,38293921/0001-62,fiiGENERAL,Híbridos,Lajes Corporativas,Fundo de Tijolo,Indeterminado,Ativa,,9.60,1,17100927,9.89,169.09,0.03,Milhões
10.888.00,0.00,1.12,380.66,K,7.89,ASRF11,ASA RETROFITS I FUNDO DE INVESTIMENTO IMOBILIÁRIO - FII,451880/3300-01,Investidor Qualificado,Híbridos,Híbrido,Fundo de desenvolvimento,Determinado,Ativa,2.20,0.00,63,3989,9713.52,38.85, 0.00,Milhões
6.99,13.27,0.83,11.79,K,-21.72,DAMA11,DAMA FUNDO DE INVESTIMENTO IMOBILIÁRIO,53866872/0001-01,Geral,Títulos e valores mobiliários,Títulos e Valores Mobiliários,Fundo de papel,Indeterminado,Ativa,,0.00,786,5537020,8.40,46.49,0.09,Milhões
95.00,0.00,0.79,1.60,M,-5.00,CYLD11,CYRELA DESENVOLVIMENTO LOGÍSTICO FII,43010601/0001-98,Investidor Qualificado,Desenvolvimento para venda,Logístico / Indústria / Galpões,Fundo de Tijolo,Determinado,Ativa,,0.00,107,1241836,120.48,149.61, 0.00,Milhões
53.70,18.81,0.60,136.37,K,-5.71,IBCR11,FUNDO DE INVESTIMENTO IMOBILIÁRIO DE CRI INTEGRAL BREI,40011251/0001-96,Geral,Títulos e valores mobiliários,Títulos e Valores Mobiliários,Fundo de papel,Indeterminado,Ativa,1.00,0.00,3866,958412,89.55,85.82,0.75,Milhões
8.59,14.12,0.92,513.33,K,0.94,CYCR11,CYRELA CRÉDITO - FUNDO DE INVESTIMENTO IMOBILIÁRIO,36501233/0001-15,Geral,Títulos e valores mobiliários,Outros,Fundo de papel,Indeterminado,Ativa,1.00,0.00,18046,36549434,9.35,341.69,0.11,Milhões
28.10,18.43,0.29,670.23,K,-12.63,DEVA11,DEVANT RECEBÍVEIS IMOBILIÁRIOS FUNDO DE INVESTIMENTO IMOBILIÁRIO,37087810/0001-37,Geral,Títulos e valores mobiliários,Títulos e Valores Mobiliários,Fundo de papel,Indeterminado,Ativa,0.70,0.00,87034,14044897,96.51,1.36,0.34,Bilhão
7.68,15.37,0.81,197.78,K,-1.41,EQIR11,EQI RECEBÍVEIS IMOBILIÁRIOS FUNDO DE INVESTIMENTO IMOBILIÁRIO,41076380/0001-25,Investidor Qualificado,Títulos e valores mobiliários,Títulos e Valores Mobiliários,Outro,Indeterminado,Ativa,1.00,0.00,10041,10909304,9.49,103.51,0.10,Milhões
125.84,2.00,0.79,38.88,K,-6.09,ERPA11,EUROPA 105 - FUNDO DE INVESTIMENTO IMOBILIÁRIO,31469385/0001-64,Investidor Qualificado,Renda,Lajes Corporativas,Fundo de Tijolo,Indeterminado,Passiva,0.17,0.00,616,500911,159.49,79.89,0.94,Milhões
11.803.62,1.24,0.67,1.51,M,35.87,ERCR11,ESTOQUE RESIDENCIAL E COMERCIAL RJ FUNDO DE INVESTIMENTO IMOBILIÁRIO,37266902/0001-84,Investidor Qualificado,Desenvolvimento para renda,Híbrido,Fundo de Tijolo,Indeterminado,Passiva,0.10,0.00,10,2365,17505.82,41.59,146.50,Milhões
848.10,13.65,1.52,77.03,K,13.20,KEVE11,EVEN II KINEA FUNDO DE INVESTIMENTO IMOBILIÁRIO,32317313/0001-64,Investidor Qualificado,Desenvolvimento para venda,Outros,Fundo de desenvolvimento,Determinado,Passiva,1.45,0.00,440,147689,557.96,82.41,34.53,Milhões
94.25,15.12,1.01,83.27,K,12.59,FLCR11,FARIA LIMA CAPITAL RECEBÍVEIS IMOBILIÁRIOS I - FUNDO DE INVESTIMENTO IMOBILIÁRIO,33884145/0001-51,Investidor Qualificado,Títulos e valores mobiliários,Títulos e Valores Mobiliários,Fundo de papel,Indeterminado,Ativa,1.00,0.00,3019,751833,93.28,70.13,1.05,Milhões
75.72,13.21,0.91,1.07,M,-4.63,VRTA11,FATOR VERITA FUNDO DE INVESTIMENTO IMOBILIÁRIO,11664201/0001-00,Geral,Títulos e valores mobiliários,Títulos e Valores Mobiliários,Fundo de papel,Indeterminado,Ativa,1.0,0.00,111776,15592413,83.41,1.30,0.85,Bilhão
1.148.88,0.00,1.25,33.21,K,13.05,EGDB11,FII EGDB,53866393/0001-87,Geral,Híbridos,Híbrido,Outro,Indeterminado,Ativa,,0.00,2222,75721,920.34,69.70, 0.00,Milhões
9.50,15.26,0.98,45.33,K,15.43,EXES11,EXES FUNDO DE INVESTIMENTO IMOBILIÁRIO,41076851/0001-03,Investidor Qualificado,Títulos e valores mobiliários,Títulos e Valores Mobiliários,Fundo de papel,Indeterminado,Ativa,,0.00,755,7105433,9.65,68.58,0.13,Milhões
229.00,10.07,0.69,23.45,K,1.70,EURO11,FUNDO DE INVESTIMENTO IMOBILIÁRIO EUROPAR,05437916/0001-27,Geral,Híbridos,Logístico / Indústria / Galpões,Fundo de Tijolo,Indeterminado,Passiva,5.0,0.00,2060,383925,329.85,126.64,2.00,Milhões
135.98,9.32,0.62,92.44,K,5.88,FLMA11,FUNDO DE INVESTIMENTO IMOBILIÁRIO CONTINENTAL SQUARE FARIA LIMA,04141645/0001-03,Geral,Renda,Híbrido,Fundo de Tijolo,Indeterminado,Ativa,2,32.05,12093,1380659,220.64,304.63,1.02,Milhões
72.02,5.07,0.62,6.43,K,60.19,FMOF11,FUNDO DE INVESTIMENTO IMOBILIÁRIO MEMORIAL OFFICE,01633741/0001-72,Geral,Renda,Lajes Corporativas,Fundo de Tijolo,Indeterminado,Passiva,5.0,0.00,216,507997,116.02,58.94,0.43,Milhões
6.91,15.41,0.75,292.04,K,-10.51,VRTM11,FATOR VERITÀ MULTIESTRATÉGIA,51870412/0001-13,Geral,Híbridos,Híbrido,Outro,Indeterminado,Ativa,,0.00,11689,46971234,9.27,435.30,0.09,Milhões
150.00,4.71,0.95,10.87,M,4.35,JCIN11,FOF JHSF CAPITAL INSTITUCIONAL FII,50718976/0001-72,Investidor Qualificado,Títulos e valores mobiliários,Títulos e Valores Mobiliários,Fundo de fundos,Indeterminado,Passiva,,0.00,9,1317706,157.25,207.22,0.62,Milhões
645.00,6.80,0.31,12.47,K,10.21,ALMI11,FUNDO DE INVESTIMENTO IMOBILIÁRIO - TORRE ALMIRANTE,07122725/0001-00,Geral,Renda,Lajes Corporativas,Fundo de Tijolo,Indeterminado,Passiva,0.383,46.34,1952,111166,2106.20,234.16,3.93,Milhões
76.56,11.76,0.86,702.40,K,-3.46,KFOF11,FUNDO DE FUNDOS DE INVESTIMENTO IMOBILIÁRIO KINEA FII,30091444/0001-40,Geral,Títulos e valores mobiliários,Títulos e Valores Mobiliários,Fundo de fundos,Indeterminado,Ativa,0.92,0.00,28799,7014554,88.65,621.82,0.75,Milhões
143.49,13.60,0.65,53.84,K,8.05,FAED11,FUNDO DE INVESTIMENTO IMOBILIÁRIO – FII ANHANGUERA EDUCACIONAL,11179118/0001-45,Geral,Renda,Outros,Fundo de Tijolo,Indeterminado,Passiva,0.3,0.00,4163,692366,221.95,153.67,1.66,Milhões
84.87,13.95,0.92,1.63,M,4.12,CVBI11,FUNDO DE INVESTIMENTO IMOBILIÁRIO - VBI CRI,28729197/0001-13,Geral,Títulos e valores mobiliários,Títulos e Valores Mobiliários,Fundo de papel,Indeterminado,Ativa,0.90,0.00,84167,11010217,92.62,1.02,1.05,Bilhão
6.07,13.34,0.73,62.91,K,-7.21,DVFF11,FUNDO DE INVESTIMENTO IMOBILIÁRIO DEVANT FOF IMOBILIÁRIOS,39863059/0001-49,Geral,Títulos e valores mobiliários,Híbrido,Fundo de fundos,Indeterminado,Ativa,0.15,0.00,1883,11009489,8.34,91.87,0.07,Milhões
710.00,147.47,0.39,17.22,K,-8.37,FAMB11,FUNDO DE INVESTIMENTO IMOBILIÁRIO - EDIFÍCIO ALMIRANTE BARROSO,05562312/0001-02,Geral,Renda,Lajes Corporativas,Fundo de Tijolo,Indeterminado,Passiva,2.50,89.31,2083,122527,1835.13,224.87,45.43,Milhões
125.50,8.35,1.02,213.34,K,17.65,FCFL11,FUNDO DE INVESTIMENTO IMOBILIÁRIO – CAMPUS FARIA LIMA,11602654/0001-01,Geral,Renda,Educacional,Fundo de Tijolo,Indeterminado,Passiva,0.30,0.00,3054,3473999,123.20,428.02,0.89,Milhões
7.94,15.23,0.81,193.86,K,-0.63,FYTO11,FUNDO DE INVESTIMENTO IMOBILIÁRIO - NCH BRASIL RECEBÍVEIS IMOBILIÁRIOS,18085673/0001-57,Geral,Títulos e valores mobiliários,Títulos e Valores Mobiliários,Fundo de papel,Indeterminado,Ativa,0.20,0.00,10863,15281377,9.78,149.49,0.10,Milhões
179.18,10.48,0.85,185.27,K,9.74,NSLU11,FUNDO DE INVESTIMENTO IMOBILIÁRIO - HOSPITAL NOSSA SENHORA DE LOURDES,08014513/0001-63,Geral,Renda,Hospitalar,Fundo de Tijolo,Indeterminado,Passiva,2.50,0.00,5422,1293275,210.24,271.90,1.66,Milhões
259.99,12.32,0.80,32.30,K,3.78,HCRI11,FUNDO DE INVESTIMENTO IMOBILIÁRIO - HOSPITAL DA CRIANÇA,04066582/0001-60,Geral,Renda,Hospitalar,Fundo de Tijolo,Indeterminado,Passiva,2.0,0.00,2991,199989,325.88,65.18,2.73,Milhões
63.41,19.98,0.62,59.67,K,5.52,MAXR11,FUNDO DE INVESTIMENTO IMOBILIÁRIO - MAX RETAIL,11274415/0001-70,Geral,Renda,Outros,Fundo de Tijolo,Indeterminado,Ativa,0.15,26.00,4379,1125644,102.83,115.76,0.52,Milhões
42.79,12.89,0.59,22.91,K,10.51,CEOC11,FUNDO DE INVESTIMENTO IMOBILIÁRIO - CYRELA COMMERCIAL PROPERTIES,15799397/0001-09,Geral,Renda,Lajes Corporativas,Fundo de Tijolo,Indeterminado,Passiva,0.20,0.00,4030,1815685,72.71,132.03,0.47,Milhões
2.439.99,9.64,0.73,209.62,K,42.40,PQDP11,FUNDO DE INVESTIMENTO IMOBILIÁRIO - PARQUE DOM PEDRO SHOPPING CENTER,10869155/0001-12,Geral,Renda,Shoppings / Varejo,Fundo de Tijolo,Indeterminado,Passiva,0.23,2.10,3300,100550,3327.70,334.64,18.33,Milhões
14.70,5.68,0.31,43.38,K,-19.19,EDGA11,FUNDO DE INVESTIMENTO IMOBILIÁRIO - EDIFÍCIO GALERIA,15333306/0001-37,Geral,Renda,Lajes Corporativas,Fundo de Tijolo,Indeterminado,Passiva,0.20,23.55,3989,3812044,46.71,178.07,0.08,Milhões
81.83,14.72,0.93,2.80,M,12.30,RECR11,FUNDO DE INVESTIMENTO IMOBILIÁRIO - FII REC RECEBÍVEIS IMOBILIÁRIOS,28152272/0001-26,Geral,Títulos e valores mobiliários,Títulos e Valores Mobiliários,Fundo de papel,Indeterminado,Ativa,0.20,0.00,171676,26441639,88.20,2.33,0.95,Bilhões
30.85,14.04,0.34,275.27,K,2.76,RECT11,FUNDO DE INVESTIMENTO IMOBILIÁRIO - FII REC RENDA IMOBILIÁRIA,32274163/0001-59,Geral,Híbridos,Híbrido,Outro,Indeterminado,Ativa,0.17,9.80,52764,8543482,90.96,777.13,0.37,Milhões
86.45,12.40,0.95,2.95,M,7.78,RBRR11,FUNDO DE INVESTIMENTO IMOBILIÁRIO - RBR RENDIMENTO HIGH GRADE,29467977/0001-03,Geral,Títulos e valores mobiliários,Títulos e Valores Mobiliários,Fundo de papel,Indeterminado,Ativa,0.15,0.00,126279,15057190,91.47,1.38,0.95,Bilhão
650.00,54.08,0.82,5.99,K,0.85,RBRI11,FUNDO DE INVESTIMENTO IMOBILIÁRIO - RBR DESENVOLVIMENTO III,32441656/0001-36,Investidor Qualificado,Renda,Híbrido,Fundo de desenvolvimento,Indeterminado,Ativa,0.20,0.00,122,139654,794.38,110.95,13.00,Milhões
39.65,13.27,0.62,28.48,K,10.69,CXCE11,FUNDO DE INVESTIMENTO IMOBILIÁRIO CAIXA CEDAE,10991914/0001-15,Geral,Renda,Lajes Corporativas,Fundo de Tijolo,Indeterminado,Passiva,5.0,0.00,3082,1712939,63.46,108.70,0.46,Milhões
64.77,14.13,0.78,488.54,K,-10.22,CXCI11,FUNDO DE INVESTIMENTO IMOBILIÁRIO CAIXA CARTEIRA IMOBILIÁRIA,42066916/0001-94,Geral,Títulos e valores mobiliários,Fundo de Fundos,Fundo de fundos,Indeterminado,Ativa,,0.00,5434,2057715,83.34,171.50,0.75,Milhões
73.14,12.11,0.63,158.24,K,7.35,CXAG11,FUNDO DE INVESTIMENTO IMOBILIÁRIO CAIXA AGÊNCIAS,40189596/0001-34,Geral,Renda,Agências bancárias,Fundo de Tijolo,Indeterminado,Passiva,0.58,0.00,11874,2090610,115.83,242.16,0.70,Milhões
290.00,7.02,0.00,5.04,K,44.49,CXTL11,FUNDO DE INVESTIMENTO IMOBILIÁRIO CAIXA SEQ LOGÍSTICA RENDA,12887506/0001-43,Geral,Renda,Logístico / Indústria / Galpões,Fundo de Tijolo,Indeterminado,Passiva,0.41,0.00,628,53586,402503.68,21.57,0.29,Bilhões
97.00,0.00,0.55,22.93,K,-10.98,TRNT11,FUNDO DE INVESTIMENTO IMOBILIÁRIO - TORRE NORTE,04722883/0001-02,Geral,Renda,Lajes Corporativas,Fundo de Tijolo,Indeterminado,Passiva,1.50,31.90,530,3935551,177.36,698.00,0.07,Milhões
11.82,9.43,0.71,2.00,K,2.69,NVHO11,FUNDO DE INVESTIMENTO IMOBILIÁRIO - NOVO HORIZONTE,17025970/0001-44,Investidor Qualificado,Desenvolvimento para renda,Hospitalar,Fundo de Tijolo,Indeterminado,Ativa,0.10,0.00,1820,41494522,16.61,689.43,0.09,Milhões
76.15,13.07,0.76,800.25,K,6.53,GTWR11,FUNDO DE INVESTIMENTO IMOBILIARIO GREEN TOWERS,23740527/0001-58,Geral,Renda,Lajes Corporativas,Fundo de Tijolo,Indeterminado,Ativa,0.25,0.00,35634,11999989,99.78,1.20,0.90,Bilhão
119.00,13.05,0.57,3.39,K,-25.62,EDFO11,FUNDO DE INVESTIMENTO IMOBILIÁRIO EDIFÍCIO OUROINVEST,06175262/0001-73,Geral,Renda,Lajes Corporativas,Fundo de Tijolo,Indeterminado,Passiva,0.30,28.27,479,235989,210.53,49.69,1.23,Milhões
130.00,16.05,1.05,3.50,M,12.52,HBCR11,HBC RENDA URBANA FUNDO DE INVESTIMENTO IMOBILIÁRIO,36501159/0001-37,Geral,Desenvolvimento para renda,Lajes Corporativas,Fundo misto,Indeterminado,Ativa,0.18,0.00,32,1599989,124.37,199.00,0.57,Milhões
1.081.93,0.00,0.99,257.33,K,8.49,LKDV11,FUNDO DE INVESTIMENTO IMOBILIÁRIO DEVELOPMENT V1,40102445/0001-05,Investidor Qualificado,Híbridos,Híbrido,Fundo de papel,Indeterminado,Ativa,,0.00,96,66800,1091.85,72.95, 0.00,Milhões
61.39,15.46,0.76,4.61,M,-0.87,IRDM11,FUNDO DE INVESTIMENTO IMOBILIÁRIO IRIDIUM RECEBÍVEIS IMOBILIÁRIOS,28830325/0001-10,Geral,Títulos e valores mobiliários,Títulos e Valores Mobiliários,Fundo de papel,Indeterminado,Ativa,0.17,0.00,272429,36433816,81.21,2.96,0.78,Bilhões
92.95,11.40,0.62,5.03,K,-4.82,HUSC11,FUNDO DE INVESTIMENTO IMOBILIÁRIO HOSPITAL UNIMED SUL CAPIXABA,28851767/0001-43,Geral,Desenvolvimento para renda,Hospitalar,Fundo de Tijolo,Indeterminado,Passiva,0.35,0.00,747,850810,149.08,126.84,0.86,Milhões
509.83,8.91,1.07,162.70,K,10.36,FIIB11,FUNDO DE INVESTIMENTO IMOBILIARIO INDUSTRIAL DO BRASIL,14217108/0001-45,Geral,Híbridos,Logístico / Indústria / Galpões,Fundo de Tijolo,Indeterminado,Passiva,3,1.05,15320,684989,475.49,325.71,3.58,Milhões
84.49,8.98,0.93,5.52,K,-5.07,HOSI11,FUNDO DE INVESTIMENTO IMOBILIÁRIO HOUSI,34081631/0001-02,Geral,Híbridos,Híbrido,Fundo de Tijolo,Indeterminado,Ativa,0.30,9.60,1152,573439,90.37,51.82,0.65,Milhões
85.01,12.23,0.91,3.23,M,7.28,MCCI11,FUNDO DE INVESTIMENTO IMOBILIÁRIO MAUÁ CAPITAL RECEBÍVEIS IMOBILIÁRIOS,23648935/0001-84,Geral,Títulos e valores mobiliários,Títulos e Valores Mobiliários,Fundo de papel,Indeterminado,Ativa,0.20,0.00,108378,16960013,93.12,1.58,1.00,Bilhão
36.99,2.78,0.60,1.35,M,25.11,OULG11,FUNDO DE INVESTIMENTO IMOBILIÁRIO OURINVEST LOGÍSTICA,13974819/0001-00,Geral,Renda,Logístico / Indústria / Galpões,Fundo de Tijolo,Indeterminado,Ativa,1.00,0.00,3450,2481272,61.67,153.01,0.02,Milhões
413.70,1.17,1.98,2.36,K,109.96,FPNG11,FUNDO DE INVESTIMENTO IMOBILIÁRIO PEDRA NEGRA RENDA IMOBILIÁRIA,17161979/0001-82,Geral,Renda,Lajes Corporativas,Fundo de Tijolo,Indeterminado,Ativa,2,2.10,147,3043436,208.77,635.40,4.83,Milhões
24.27,11.94,0.79,1.67,K,150.46,VPSI11,FUNDO DE INVESTIMENTO IMOBILIÁRIO POLO SHOPPING INDAIATUBA,14721889/0001-00,Geral,Renda,Shoppings / Varejo,Fundo de Tijolo,Indeterminado,Passiva,0.15,0.00,118,8071886,30.72,248.01,0.27,Milhões
8.48,13.34,0.85,16.26,K,-1.97,PULV11,FUNDO DE INV IMOB RBR CRÉD PULVERIZADO RESP LTDA,53018363/0001-10,Geral,Títulos e valores mobiliários,Títulos e Valores Mobiliários,Fundo de papel,Indeterminado,Ativa,,0.00,929,12000229,9.94,119.28,0.10,Milhões
92.12,13.40,0.94,1.99,M,9.86,RBRY11,FUNDO DE INVESTIMENTO IMOBILIÁRIO RBR PRIVATE CRÉDITO IMOBILIÁRIO,30166700/0001-11,Geral,Títulos e valores mobiliários,Títulos e Valores Mobiliários,Fundo de papel,Indeterminado,Ativa,0.20,0.00,60354,12769501,97.74,1.25,1.18,Bilhão
66.20,10.32,0.79,520.52,K,16.50,RELG11,FUNDO DE INVESTIMENTO IMOBILIÁRIO REC LOGÍSTICA,37112770/0001-36,Geral,Híbridos,Híbrido,Fundo de Tijolo,Indeterminado,Ativa,0.175,3.00,4187,1334551,84.06,112.19,0.80,Milhões
49.89,11.02,0.65,1.25,M,-4.32,RBRP11,FUNDO DE INVESTIMENTO IMOBILIÁRIO RBR PROPERTIES,21408063/0001-51,Geral,Renda,Outros,Fundo de Tijolo,Indeterminado,Ativa,0.12,6.63,62736,12179175,76.53,932.08,0.40,Milhões
89.52,13.68,0.93,2.39,M,9.41,RZTR11,FUNDO DE INVESTIMENTO IMOBILIÁRIO RIZA TERRAX,36501128/0001-86,Geral,Renda,Híbrido,Outro,Indeterminado,Ativa,1.25,0.00,143075,18851709,96.61,1.82,1.00,Bilhão
386.40,0.00,0.94,12.37,K,-31.90,ROOF11,FUNDO DE INVESTIMENTO IMOBILIÁRIO ROOFTOP I,38456598/0001-09,Investidor Qualificado,Desenvolvimento para venda,Outros,Fundo de desenvolvimento,Determinado,Ativa,0.30,0.00,75,77484,412.38,31.96,41.72,Milhões
79.51,15.61,0.78,317.22,K,-8.59,SMRE11,FUNDO DE INVESTIMENTO IMOBILIÁRIO SMART REAL ESTATE – FII RESPONSABILIDADE LIMITADA,53730029/0001-95,Investidor Qualificado,Híbridos,Outros,Outro,Indeterminado,Ativa,0.22,0.00,1417,1044484,101.31,105.82,1.01,Milhões
74.99,7.84,0.66,6.88,K,34.75,FISC11,FUNDO DE INVESTIMENTO IMOBILIÁRIO SC 401,12804013/0001-00,Geral,Renda,Lajes Corporativas,Fundo de Tijolo,Indeterminado,Ativa,3.6,7.10,215,1699985,113.79,193.44,0.50,Milhões
83.78,15.11,0.76,4.34,M,-17.99,TGAR11,FUNDO DE INVESTIMENTO IMOBILIARIO TG ATIVO REAL,25032881/0001-53,Geral,Híbridos,Híbrido,Fundo de desenvolvimento,Indeterminado,Ativa,1.50,0.00,155950,23567957,110.24,2.60,1.00,Bilhões
102.18,9.42,0.87,2.59,M,0.63,LVBI11,FUNDO DE INVESTIMENTO IMOBILIÁRIO VBI LOGÍSTICO,30629603/0001-18,Geral,Renda,Logístico / Indústria / Galpões,Fundo de Tijolo,Indeterminado,Ativa,1.30,10.70,132361,16118554,117.65,1.90,0.75,Bilhão
3.62,0.00,0.62,20.10,K,27.46,FIVN11,FUNDO DE INVESTIMENTO IMOBILIÁRIO VIDA NOVA,17854016/0001-64,Geral,Renda,Shoppings / Varejo,Fundo de Tijolo,Indeterminado,Passiva,,56.00,3972,9412619,5.89,55.40, 0.00,Milhões
73.50,11.16,0.64,37.21,K,12.20,VSHO11,FUNDO DE INVESTIMENTO IMOBILIÁRIO VOTORANTIM SHOPPING,23740595/0001-17,Geral,Renda,Shoppings / Varejo,Fundo de Tijolo,Indeterminado,Ativa,0.75,5.10,3197,2098789,115.50,242.41,0.46,Milhões
79.20,13.59,0.89,1.01,M,12.85,BARI11,FUNDO DE INVESTIMENTO IMOBILIÁRIO BARIGUI RENDIMENTOS IMOBILIÁRIOS I,29267567/0001-00,Geral,Títulos e valores mobiliários,Títulos e Valores Mobiliários,Fundo de papel,Indeterminado,Ativa,1.305,0.00,31739,4634180,88.53,410.28,0.95,Milhões
75.00,8.53,0.70,3.03,M,-12.10,PVBI11,FUNDO DE INVESTIMENTO IMOBILIÁRIO - VBI PRIME PROPERTIES,35652102/0001-76,Geral,Renda,Lajes Corporativas,Fundo de Tijolo,Indeterminado,Ativa,1.0,20.90,160154,27130056,107.82,2.93,0.50,Bilhões
145.92,0.00,2.26,433.69,K,0.00,TCIN11,FUNDO DE INVESTIMENTO IMOBILIÁRIO TOURMALET V - ED CIDADE NOVA,34197700/0001-30,Investidor Qualificado,Renda,Lajes Corporativas,Fundo de Tijolo,Indeterminado,Ativa,0.25,0.00,105,849649,64.46,54.77, 0.00,Milhões
112.81,0.00,1.19,16.40,K,11.64,GCDL11,Galapagos Desenvolvimento Logistico Fundo de Investimento Imobiliario Responsabilidade Limitada,56061587/0001-01,Geral,Renda,Logístico / Indústria / Galpões,Outro,Determinado,Ativa,,0.00,2157,256202,94.97,24.33, 0.00,Milhões
62.77,16.57,0.69,166.43,K,3.52,GCRI11,GALAPAGOS RECEBÍVEIS IMOBILIÁRIOS - FUNDO DE INVESTIMENTO IMOBILIÁRIO,38293897/0001-61,Geral,Títulos e valores mobiliários,Títulos e Valores Mobiliários,Fundo de papel,Indeterminado,Ativa,1.00,0.00,4425,1453848,90.35,131.35,0.85,Milhões
43.94,5.33,0.48,467.41,K,-23.46,GZIT11,GAZIT MALLS FUNDO DE INVESTIMENTO IMOBILIÁRIO,15447108/0001-02,fiiQUALIFIED_INVESTOR,Híbridos,Híbrido,Fundo misto,Indeterminado,Ativa,,6.50,7209,21841220,90.62,1.98,0.78,Bilhão
9.13,0.00,0.70,1.59,M,16.60,GSFI11,GENERAL SHOP E OUTLETS DO BRASIL FUNDO DE INVESTIMENTO IMOBILIÁRIO,11769604/0001-13,Geral,Renda,Shoppings / Varejo,Fundo de Tijolo,Indeterminado,Passiva,1.05,10.40,6484,96106655,13.06,1.26, 0.00,Bilhão
46.99,11.36,0.62,171.91,K,-3.22,FIGS11,GENERAL SHOPPING ATIVO E RENDA FUNDO DE INVESTIMENTO IMOBILIÁRIO,17590518/0001-25,Geral,Desenvolvimento para venda,Shoppings / Varejo,Fundo de Tijolo,Indeterminado,Passiva,0.20,7.70,12161,2849989,76.26,217.35,0.48,Milhões
63.90,8.40,0.59,62.00,K,12.52,GLOG11,PLURAL LOGÍSTICA FDO INV IMOB,36501198/0001-34,Geral,Renda,Logístico / Indústria / Galpões,Fundo de Tijolo,Indeterminado,Ativa,0.7,28.00,2027,749989,108.64,81.48,0.41,Milhões
9.58,12.38,0.86,4.44,M,-0.42,GGRC11,GGR COVEPI RENDA FUNDO DE INVESTIMENTO IMOBILIÁRIO,26614291/0001-00,Geral,Híbridos,Logístico / Indústria / Galpões,Fundo de Tijolo,Indeterminado,Ativa,1.10,1.40,178717,152455655,11.18,1.71,0.10,Bilhão
700.00,0.00,1.14,2.05,M,4.01,VXXV11,VX XVI - FUNDO DE INVESTIMENTO IMOBILIÁRIO,30982974/0001-89,Investidor Qualificado,Renda,Outros,Fundo de desenvolvimento,Indeterminado,Ativa,0.35,0.00,13,276435,613.88,169.70,93.02,Milhões
85.98,13.42,0.83,76.22,K,1.31,VTLT11,FUNDO DE INVESTIMENTO IMOBILIÁRIO VOTORANTIM LOGÍSTICA,27368600/0001-63,Geral,Renda,Logístico / Indústria / Galpões,Fundo de Tijolo,Indeterminado,Ativa,0.95,0.00,5747,2114989,103.86,219.66,1.03,Milhões
8.43,13.23,0.91,81.35,K,4.85,GAME11,FUNDO DE INVESTIMENTO IMOBILIÁRIO GUARDIAN MULTIESTRATÉGIA I,41269052/0001-45,Geral,Títulos e valores mobiliários,Outros,Fundo de papel,Indeterminado,Ativa,1.10,0.00,21859,21697666,9.31,201.97,0.10,Milhões
9.08,11.39,1.01,9.01,M,12.25,GARE11,FUND DE INVEST IMOBILIÁRIO GUARDIAN REAL ESTATE,37295919/0001-60,Geral,Híbridos,Híbrido,Fundo de Tijolo,Indeterminado,Ativa,0.94,0.00,390197,147458212,8.99,1.33,0.08,Bilhão
85.20,9.12,0.80,99.27,K,31.24,ABCP11,FUNDO DE INVESTIMENTO IMOBILIÁRIO GRAND PLAZA SHOPPING,01201140/0001-90,Geral,Renda,Shoppings / Varejo,Fundo de Tijolo,Indeterminado,Passiva,0.1,2.40,14879,4709071,106.95,503.64,0.50,Milhões
78.88,15.97,0.84,789.74,K,3.79,HABT11,HABITAT II - FUNDO DE INVESTIMENTO IMOBILIÁRIO,30578417/0001-05,Geral,Títulos e valores mobiliários,Títulos e Valores Mobiliários,Fundo de papel,Indeterminado,Ativa,0.20,0.00,62120,8126772,94.20,765.54,1.05,Milhões
8.50,14.31,0.89,32.89,K,-5.36,HGBL11,HEDGE BRASIL LOGÍSTICO IND FUND INV IMOB RESP LIM,53466467/0001-98,Investidor Qualificado,Renda,Logístico / Indústria / Galpões,Fundo de Tijolo,Indeterminado,Ativa,,0.00,4740,25135494,9.57,240.47,0.07,Milhões
75.02,13.55,0.80,230.50,K,22.76,HCHG11,HECTARE RECEBÍVEIS HIGH GRADE FUNDO DE INVESTIMENTO IMOBILIÁRIO,34508959/0001-54,Geral,Títulos e valores mobiliários,Outros,Fundo de papel,Indeterminado,Ativa,0.20,0.00,588,1199989,94.29,113.15,0.71,Milhões
48.60,3.33,0.73,11.93,K,47.90,HAAA11,HEDGE AAA FUNDO DE INVESTIMENTO IMOBILIÁRIO,27445482/0001-40,Geral,Renda,Lajes Corporativas,Fundo de Tijolo,Indeterminado,Ativa,0.60,17.00,220,3454989,66.49,229.71,0.08,Milhões
85.98,13.49,0.83,10.09,K,-12.14,HDEL11,HEDGE DESENVOLVIMENTO LOGÍSTICO FII,44514162/0001-13,Investidor Qualificado,Desenvolvimento para venda,Logístico / Indústria / Galpões,Fundo de Tijolo,Determinado,Passiva,,0.00,103,839989,103.79,87.18,11.60,Milhões
18.97,10.07,0.88,2.06,M,-0.68,HGBS11,HEDGE BRASIL SHOPPING FUNDO DE INVESTIMENTO IMOBILIÁRIO,08431747/0001-06,Geral,Renda,Shoppings / Varejo,Fundo de Tijolo,Indeterminado,Ativa,0.60,4.80,131721,129132999,21.61,2.79,0.15,Bilhões
22.28,18.20,0.21,800.35,K,-9.83,HCTR11,HECTARE CE - FUNDOS INVESTIMENTO IMOBILIÁRIOS,30248180/0001-96,Geral,Títulos e valores mobiliários,Títulos e Valores Mobiliários,Fundo de papel,Indeterminado,Ativa,0.21,0.00,140604,22084191,104.49,2.31,0.30,Bilhões
3.00,0.00,0.43,1.61,K,-0.33,HRDF11,HEDGE REALTY DEVELOPMENT FUNDO DE INVESTIMENTO IMOBILIÁRIO,16929519/0001-99,Investidor Qualificado,Desenvolvimento para venda,Híbrido,Fundo de desenvolvimento,Determinado,Ativa,0.75,0.00,905,1517414,7.05,10.70,34.00,Milhões
8.17,12.55,0.93,208.62,K,5.85,HREC11,HEDGE RECEBÍVEIS FUNDO DE INVESTIMENTO IMOBILIÁRIO,35507262/0001-21,Geral,Títulos e valores mobiliários,Títulos e Valores Mobiliários,Fundo de papel,Indeterminado,Ativa,0.70,0.00,2625,51685906,8.77,453.52,0.09,Milhões
99.20,12.12,1.11,326.18,K,18.46,SEED11,HEDGE SEED FUNDO DE INVESTIMENTO IMOBILIÁRIO,35689497/0001-81,Investidor Qualificado,Híbridos,Híbrido,Outro,Determinado,Ativa,,0.00,126,1639989,89.08,146.09,0.86,Milhões
5.90,11.61,0.80,1.75,M,-4.53,HFOF11,HEDGE TOP FOFII 3 FUNDO DE INVESTIMENTO IMOBILIÁRIO,18307582/0001-19,Geral,Títulos e valores mobiliários,Títulos e Valores Mobiliários,Fundo de fundos,Indeterminado,Ativa,0.60,0.00,74817,230459989,7.37,1.70,0.06,Bilhão
89.17,7.40,0.96,301.31,K,8.01,HPDP11,HEDGE SHOPPING PARQUE DOM PEDRO FUNDO DE INVESTIMENTO IMOBILIÁRIO,35586415/0001-73,Geral,Renda,Shoppings / Varejo,Fundo de Tijolo,Indeterminado,Passiva,0.50,2.90,361,3287989,92.66,304.67,0.56,Milhões
8.22,8.03,0.74,52.83,K,6.75,HLOG11,HEDGE LOGÍSTICA FUNDO DE INVESTIMENTO IMOBILIÁRIO,27486542/0001-72,Geral,Renda,Logístico / Indústria / Galpões,Fundo de Tijolo,Indeterminado,Ativa,0.7,0.00,3715,42499989,11.04,469.33,0.07,Milhões
20.19,8.82,0.99,18.72,K,9.49,FLRP11,FUNDO DE INVESTIMENTO IMOBILIÁRIO - FLORIPA SHOPPING,10375382/0001-91,Geral,Renda,Shoppings / Varejo,Fundo de Tijolo,Indeterminado,Passiva,9.0,1.20,1383,7399989,20.32,150.34,0.14,Milhões
68.30,15.36,0.62,19.44,K,-16.89,HGIC11,HGI CRÉDITOS IMOBILIÁRIOS FUNDO DE INVESTIMENTO IMOBILIÁRIO,38456508/0001-71,Geral,Títulos e valores mobiliários,Títulos e Valores Mobiliários,Fundo de papel,Indeterminado,Ativa,0.75,0.00,607,462695,110.91,51.32,0.80,Milhões
139.30,15.84,0.96,414.62,K,-13.98,HTMX11,FUNDOS INVESTIMENTO IMOBILÍARIOS FII HOTEL MAXINVEST,08706065/0001-69,Geral,Renda,Hotéis,Fundo de Tijolo,Indeterminado,Ativa,0.50,32.00,37023,2888083,144.46,417.22,1.22,Milhões
79.89,10.34,0.72,421.61,K,3.25,HSLG11,HSI LOGÍSTICA FUNDO DE INVESTIMENTO IMOBILIÁRIO,32903621/0001-71,Geral,Renda,Logístico / Indústria / Galpões,Fundo de Tijolo,Indeterminado,Ativa,0.95,0.00,41235,12660056,110.44,1.40,0.66,Bilhão
80.51,10.63,0.77,2.62,M,-6.33,HSML11,HSI MALLS FUNDO DE INVESTIMENTO IMOBILIÁRIO,32892018/0001-31,Geral,Renda,Shoppings / Varejo,Fundo de Tijolo,Indeterminado,Ativa,1.20,4.30,186022,20808561,104.63,2.18,0.66,Bilhões
97.87,11.30,1.09,219.96,K,7.29,HSRE11,HSI RENDA IMOBILIÁRIA FUNDO DE INVESTIMENTO IMOBILIÁRIO,08098114/0001-28,Geral,Renda,Híbrido,Fundo misto,Indeterminado,Ativa,0.90,4.20,359,8898713,89.91,800.09,0.85,Milhões
28.59,0.00,0.44,413.19,K,-5.19,HOFC11,HEDGE OFFICE INCOME FUNDO DE INVESTIMENTO IMOBILIÁRIO,31894369/0001-19,Geral,Renda,Lajes Corporativas,Fundo de Tijolo,Indeterminado,Ativa,0.80,49.00,5240,3778990,65.53,247.63,0.21,Milhões
100.00,0.00,1.05,783.47,K,4.17,HDOF11,HEDGE DESENVOLVIMENTO LOGÍSTICO FUNDO DE INVESTIMENTO IMOBILIÁRIO,35688460/0001-39,Investidor Qualificado,Desenvolvimento para venda,Lajes Corporativas,Fundo de desenvolvimento,Determinado,Ativa,0.85,0.00,113,3369989,95.51,321.87, 0.00,Milhões
1.241.00,8.22,1.00,8.50,K,10.97,HUSI11,HUSI FUNDO DE INVESTIMENTO IMOBILIÁRIO,30017492/0001-99,Geral,Desenvolvimento para renda,Hospitalar,Fundo de Tijolo,Indeterminado,Ativa,0.30,0.00,95,116351,1247.13,145.12,8.31,Milhões
77.85,14.19,0.88,241.46,K,6.61,HSAF11,HSI ATIVOS FINANCEIROS - FUNDO DE INVESTIMENTO IMOBILIÁRIO,35360687/0001-50,Geral,Títulos e valores mobiliários,Títulos e Valores Mobiliários,Fundo de papel,Indeterminado,Ativa,1.00,0.00,8909,2526349,88.51,223.61,0.95,Milhões
7.99,13.89,0.83,312.10,K,-1.45,GRUL11,Icatu Vanguarda GRU Logístico,54483412/0001-59,Geral,Renda,Logístico / Indústria / Galpões,Fundo de Tijolo,Indeterminado,Ativa,,0.00,5203,24699989,9.59,236.84,0.11,Milhões
69.00,10.59,0.58,25.24,K,5.13,INRD11,Inter Residence,34835191/0001-23,Geral,Renda,Residencial,Fundo de desenvolvimento,Indeterminado,Ativa,0.76,5.90,7094,1130695,118.53,134.03,0.63,Milhões
72.47,12.75,0.72,142.48,K,-3.31,INLG11,INTER LOGÍSTICO  FUNDO DE INVESTIMENTO IMOBILIÁRIO – FII,34598181/0001-11,Geral,Renda,Logístico / Indústria / Galpões,Fundo de Tijolo,Indeterminado,Ativa,0.31,0.30,17651,4512092,100.26,452.38,0.77,Milhões
64.42,13.38,0.92,41.08,K,-3.74,ITIP11,INTER TEVA INDICE DE PAPEL FUNDO DE INVESTIMENTO IMOBILIÁRIO,36312772/0001-06,Geral,Renda,Títulos e Valores Mobiliários,Fundo de papel,Indeterminado,Passiva,0.30,0.00,8843,748140,70.03,52.40,0.80,Milhões
65.99,15.29,0.76,40.96,K,4.45,IRIM11,IRIDIUM FUNDO DE INVESTIMENTO IMOBILIÁRIO,41076564/0001-95,Geral,Híbridos,Híbrido,Fundo de papel,Indeterminado,Ativa,1.03,0.00,2525,1919989,86.47,166.02,0.81,Milhões
79.31,14.94,0.85,188.41,K,-2.84,TMPS11,ITAÚ TEMPUS FUNDO DE INVESTIMENTO IMOBILIÁRIO,42737077/0001-99,Geral,Títulos e valores mobiliários,Títulos e Valores Mobiliários,Outro,Determinado,Ativa,0.90,0.00,1975,978957,93.81,91.84,0.85,Milhões
75.62,12.77,0.79,795.05,K,-7.32,ITRI11,ITAÚ TOTAL RETURN FUNDO DE INVESTIMENTO IMOBILIÁRIO,52270671/0001-76,Geral,Títulos e valores mobiliários,Títulos e Valores Mobiliários,Fundo misto,Indeterminado,Ativa,,0.00,15897,6249989,95.76,598.50,0.82,Milhões
160.00,2.89,0.85,4.06,M,9.09,JCCJ11,JHSF CAPITAL CIDADE JARDIM - FUNDO DE INVESTIMENTO IMOBILIÁRIO,50701686/0001-16,Geral,Renda,Fundo de Fundos,Fundo de fundos,Indeterminado,Ativa,0.3,0.00,117,1668494,188.85,315.11,0.34,Milhões
14.88,1.06,1.90,62.38,K,-34.36,JBFO11,JBFO FOF FUNDO DE INVESTIMENTO IMOBILIÁRIO,36615915/0001-59,Geral,Títulos e valores mobiliários,Fundo de Fundos,Fundo de papel,Indeterminado,Ativa,1.00,0.00,364,1279059,7.81,10.00,0.04,Milhões
150.50,1.81,0.92,8.56,K,9.80,VJFD11,JFDCAM FUNDO DE INVESTIMENTO IMOBILIÁRIO,15489509/0001-17,Investidor Qualificado,Renda,Híbrido,Fundo misto,Indeterminado,Ativa,,0.00,91,4876118,163.87,799.06,0.82,Milhões
68.67,9.50,0.64,22.38,K,6.15,JFLL11,JFL LIVING FI IMOBILIÁRIO CLASSE UNICA,36501181/0001-87,Geral,Renda,Outros,Fundo de Tijolo,Indeterminado,Ativa,1.15,23.00,2598,1500587,106.87,160.37,0.40,Milhões
67.87,10.83,0.89,59.98,K,0.00,ITIT11,INTER TEVE INDICE DE TIJOLO FUNDO DE INVESTIMENTO IMOBILIÁRIO,36293425/0001-83,Geral,Renda,Títulos e Valores Mobiliários,Fundo de fundos,Indeterminado,Passiva,0.30,0.00,10409,900483,76.21,68.62,0.63,Milhões
117.89,63.67,0.95,12.23,K,717.55,JPPC11,JPP CAPITAL FUNDO DE INVESTIMENTO IMOBILIÁRIO,17216625/0001-98,Geral,Híbridos,Híbrido,Fundo de desenvolvimento,Determinado,Ativa,1.80,0.00,418,54989,123.96,6.82,75.06,Milhões
98.50,7.77,0.87,15.03,K,-6.80,JASC11,JASC RENDA VAREJO FUNDO DE INVESTIMENTO IMOBILIÁRIO,40886241/0001-02,Geral,Renda,Outros,Fundo de Tijolo,Indeterminado,Ativa,1.00,0.90,162,3489331,113.20,394.98,0.67,Milhões
79.31,16.38,0.82,115.30,K,12.72,JPPA11,JPP ALLOCATION MOGNO - FUNDO DE INVESTIMENTO IMOBILIÁRIO,30982880/0001-00,Geral,Títulos e valores mobiliários,Híbrido,Fundo de papel,Indeterminado,Ativa,0.65,0.00,6668,904039,96.95,87.65,1.06,Milhões
7.43,14.70,0.83,1.46,M,-14.40,JSAF11,JS ATIVOS FINANCEIROS FUNDO DE INVESTIMENTO IMOBILIÁRIO,42085661/0001-07,Geral,Títulos e valores mobiliários,Títulos e Valores Mobiliários,Fundo de papel,Indeterminado,Ativa,1.00,0.00,22040,77523279,8.94,692.92,0.09,Milhões
90.93,15.13,0.91,486.10,K,7.01,ICRI11,ITAÚ CRÉDITO IMOBILIÁRIO IPCA,51294441/0001-84,Geral,Títulos e valores mobiliários,Títulos e Valores Mobiliários,Fundo de papel,Indeterminado,Ativa,,0.00,8938,3857348,100.00,385.73,1.10,Milhões
8.06,13.96,0.86,358.37,K,-5.66,JSCR11,JS Recebíveis Imobiliários,54866214/0001-74,Geral,Títulos e valores mobiliários,Títulos e Valores Mobiliários,Fundo de papel,Indeterminado,Ativa,,0.00,3680,22137089,9.32,206.37,0.10,Milhões
62.73,9.18,0.62,1.65,M,6.16,JSRE11,JS REAL ESTATE MULTIGESTÃO - FII,13371132/0001-71,Geral,Híbridos,Híbrido,Outro,Indeterminado,Ativa,1,4.50,87360,20767317,101.94,2.12,0.48,Bilhões
6.67,12.41,0.82,437.21,K,-7.86,KISU11,KLIMA FIC FUNDO IMOBILIÁRIO SUNO 30,36669660/0001-07,Geral,Títulos e valores mobiliários,Títulos e Valores Mobiliários,Fundo de fundos,Indeterminado,Ativa,0.65,0.00,107615,44196039,8.10,357.98,0.07,Milhões
64.68,17.58,0.76,327.58,K,-5.73,KIVO11,KILIMA VOLKANO RECEBÍVEIS IMOBILIÁRIOS FUNDO DE INVESTIMENTO IMOBILIÁRIO,42273325/0001-98,Investidor Qualificado,Títulos e valores mobiliários,Títulos e Valores Mobiliários,Fundo de papel,Indeterminado,Ativa,1.25,0.00,6729,2222725,84.98,188.88,0.95,Milhões
8.55,14.04,0.89,352.68,K,0.12,KCRE11,KINEA CREDITAS FUNDO DE INVESTIMENTO IMOBILIÁRIO,42502802/0001-40,Geral,Renda,Títulos e Valores Mobiliários,Fundo de papel,Indeterminado,Ativa,,0.00,15566,35999989,9.57,344.47,0.11,Milhões
90.14,12.37,0.90,4.12,M,5.09,KNHF11,KINEA HEDGE FUND FDO DE INV IMOB,42754342/0001-47,Geral,Renda,Híbrido,Fundo misto,Indeterminado,Ativa,1.2,5.60,43517,19663224,99.82,1.96,1.00,Bilhão
86.70,12.63,0.95,7.91,M,2.05,KNIP11,KINEA INDICES DE PRECOS FUNDO DE INVESTIMENTO IMOBILIARIO - FII,24960430/0001-13,Investidor Qualificado,Títulos e valores mobiliários,Títulos e Valores Mobiliários,Fundo de papel,Indeterminado,Ativa,1.00 ,0.00,72629,80078175,90.83,7.27,0.80,Bilhões
102.00,13.78,1.03,2.51,M,10.38,KNHY11,KINEA HIGH YIELD CRI FUNDO DE INVESTIMENTO IMOBILIÁRIO,30130708/0001-28,Investidor Qualificado,Títulos e valores mobiliários,Títulos e Valores Mobiliários,Fundo de papel,Indeterminado,Ativa,1.60,0.00,25688,28169496,99.15,2.79,1.30,Bilhões
70.34,21.32,0.66,2.59,M,-18.37,KORE11,Kinea Oportunidades Real Estate,52219978/0001-42,Geral,Renda,Lajes Corporativas,Fundo de Tijolo,Indeterminado,Ativa,,9.35,24716,9624989,105.93,1.02,1.25,Bilhão
137.29,8.74,0.84,5.43,M,-3.51,KNRI11,KINEA RENDA IMOBILIÁRIA FDO INV IMOB - FII,12005956/0001-65,Geral,Renda,Híbrido,Fundo de Tijolo,Indeterminado,Ativa,1.25,4.35,298819,28204036,163.04,4.60,1.00,Bilhões
0.27,1.68,0.40,2.54,K,145.45,KNRE11,KINEA II REAL ESTATE EQUITY FUNDO DE INVESTIMENTO IMOBILIÁRIO,14423780/0001-97,Investidor Qualificado,Desenvolvimento para venda,Outros,Fundo misto,Determinado,Ativa,1.0,0.00,5972,18547150,0.67,12.41, 0.00,Milhões
8.73,12.83,0.99,4.05,M,7.64,KNSC11,KINEA SECURITIES FUNDO DE INVESTIMENTO IMOBILIÁRIO,35864448/0001-38,Geral,Títulos e valores mobiliários,Títulos e Valores Mobiliários,Fundo de papel,Indeterminado,Ativa,1.20,0.00,219908,202202374,8.81,1.78,0.10,Bilhão
104.99,13.74,1.04,2.18,M,14.82,KNUQ11,KINEA UNIQUE HY CDI FUNDO DE INVESTIMENTO IMOB,42754362/0001-18,Geral,Renda,Títulos e Valores Mobiliários,Fundo de papel,Indeterminado,Ativa,,0.00,36088,15312506,101.26,1.55,1.50,Bilhão
103.54,12.52,1.02,11.12,M,11.82,KNCR11,KINEA RENDIMENTOS IMOBILIARIOS FUNDO DE INVESTIMENTO IMOBILIARIO - FII,16706958/0001-32,fiiGENERAL,Títulos e valores mobiliários,Títulos e Valores Mobiliários,Fundo de papel,Indeterminado,Ativa,1.00 ,0.00,424320,76509713,101.88,7.80,1.35,Bilhões
560.00,3.34,1.68,1.24,M,21.41,LPLP11,LAGO DA PEDRA - FUNDO DE INVESTIMENTO IMOBILIÁRIO,37262752/0001-30,Investidor Qualificado,Desenvolvimento para venda,Outros,Outro,Indeterminado,Ativa,0.10,0.00,14,580499,334.03,193.91,4.96,Milhões
80.54,0.00,1.00,3.13,K,0.01,LRDI11,FUNDO DE INVESTIMENTO IMOBILIÁRIO LEBLON REALTY DESENVOLVIMENTO I,41088534/0001-07,Investidor Qualificado,Híbridos,Híbrido,Fundo de desenvolvimento,Indeterminado,Ativa,,0.00,95,370233,80.38,29.76, 0.00,Milhões
8.56,17.76,0.86,763.30,K,-3.71,LIFE11,Life Capital Partners Fund de Investimento Imob,39753295/0001-02,Geral,Híbridos,Outros,Outro,Indeterminado,Ativa,,0.00,17137,37901296,9.95,376.95,0.12,Milhões
4.20,0.00,0.07,34.80,K,58.58,LFTT11,LOFT II FUNDO DE INVESTIMENTO IMOBILIÁRIO,24796967/0001-90,Investidor Qualificado,Híbridos,Outros,Fundo de papel,Indeterminado,Ativa,0.20,0.00,709,664989,57.65,38.34,3.67,Milhões
8.68,14.63,0.93,1.26,M,7.43,MANA11,MANATÍ CAPITAL HEDGE FUND FUNDO DE INVESTIMENTO IMOBILIÁRIO,42888583/0001-89,Geral,Títulos e valores mobiliários,Títulos e Valores Mobiliários,Outro,Indeterminado,Ativa,1.00,0.00,27241,37536129,9.30,349.05,0.11,Milhões
92.00,14.50,0.68,1.19,M,1.57,LASC11,LEGATUS SHOPPINGS FUNDO DE INVESTIMENTO IMOBILIÁRIO,30248158/0001-46,Geral,Desenvolvimento para renda,Shoppings / Varejo,Fundo de Tijolo,Indeterminado,Ativa,1.10,4.20,398,2940287,135.03,397.04,0.92,Milhões
9.54,11.95,1.01,9.76,M,7.19,MXRF11,MAXI RENDA FUNDO DE INVESTIMENTO IMOBILIÁRIO,97521225/0001-25,Geral,Híbridos,Híbrido,Fundo de papel,Indeterminado,Ativa,0.90,0.00,1321790,437325286,9.42,4.12,0.10,Bilhões
79.93,17.01,0.77,815.11,K,-8.60,MFII11,MÉRITO DESENVOLVIMENTO IMOBILIÁRIO - FUNDO DE INVESTIMENTO IMOBILIÁRIO,16915968/0001-88,Geral,Híbridos,Híbrido,Fundo de desenvolvimento,Indeterminado,Ativa,2.0,0.00,33038,5962384,103.82,619.00,1.06,Milhões
65.60,2.20,1.97,278.80,K,-39.01,MCEM11,MÉRITO CEMITÉRIOS FII - FDO DE INV IMOB,46157247/0001-17,Geral,Híbridos,Outros,Outro,Indeterminado,Ativa,,0.00,166,2959866,33.23,98.37,0.48,Milhões
8.54,14.87,0.89,5.20,M,6.48,MCRE11,MAUÁ CAPITAL REAL ESTATE FUNDO DE INVESTIMENTO IMOBILIÁRIO,36655973/0001-06,Geral,Títulos e valores mobiliários,Títulos e Valores Mobiliários,Fundo de papel,Indeterminado,Ativa,1.05,0.00,100276,111598910,9.64,1.08,0.11,Bilhão
10.40,4.66,0.75,2.07,M,3.28,MCLO11,MAUÁ CAPITAL LOGÍSTICA FUNDO DE INVESTIMENTO IMOB,57466934/0001-30,Geral,Títulos e valores mobiliários,Logístico / Indústria / Galpões,Outro,Determinado,Ativa,,0.00,188,124642849,13.81,1.72,0.09,Bilhão
16.06,0.00,0.59,34.28,K,-2.78,MGHT11,FUNDO DE INVESTIMENTO IMOBILIÁRIO MOGNO HOTÉIS,34197776/0001-65,Investidor Qualificado,Renda,Hotéis,Fundo de Tijolo,Indeterminado,Ativa,0.85,0.00,4303,1313773,27.15,35.67,0.13,Milhões
8.19,15.18,0.82,9.26,K,7.76,NCRI11,NAVI CRÉDITO IMOBILIÁRIO,40041603/0001-56,Geral,Títulos e valores mobiliários,Títulos e Valores Mobiliários,Fundo de papel,Indeterminado,Ativa,,0.00,1164,3949988,9.95,39.29,0.10,Milhões
68.91,13.84,0.81,69.61,K,-10.36,NAVT11,NAVI IMOBILIÁRIO TOTAL RETURN FUNDO DE INVESTIMENTO IMOBILIÁRIO,35652252/0001-80,Geral,Renda,Títulos e Valores Mobiliários,Fundo de papel,Indeterminado,Ativa,1.0,0.00,2645,612271,85.51,52.35,0.75,Milhões
103.40,11.03,0.81,196.35,K,0.78,NEWL11,NEWPORT LOGÍSTICA FUNDO DE INVESTIMENTO IMOBILIÁRIO,32527626/0001-47,Geral,Híbridos,Híbrido,Fundo de Tijolo,Indeterminado,Ativa,0.95,0.00,9913,2817401,127.94,360.47,0.95,Milhões
8.44,12.87,0.87,31.72,K,-0.35,APTO11,NAVI RESIDENCIAL FUNDO DE INVESTIMENTO IMOBILIÁRIO,42432327/0001-82,Geral,Híbridos,Híbrido,Fundo de Tijolo,Indeterminado,Ativa,1.35,21.00,8425,4612216,9.76,45.00,0.09,Milhões
95.00,8.34,1.07,31.57,K,6.16,OCRE11,OCTO FDO DE INV IMOB,44680435/0001-08,Geral,Títulos e valores mobiliários,Títulos e Valores Mobiliários,Fundo misto,Indeterminado,Ativa,,0.00,462,422975,89.07,37.68,0.64,Milhões
94.50,1.08,1.21,142.00,K,19.73,NEWU11,NEWPORT RENDA URBANA FUNDO DE INVESTIMENTO IMOBILIÁRIO,14793782/0001-78,Geral,Renda,Lajes Corporativas,Fundo de Tijolo,Indeterminado,Ativa,0.48,35.37,1116,741989,77.78,57.71,0.20,Milhões
6.67,16.34,0.79,242.59,K,-15.46,ARRI11,FUNDO DE INVESTIMENTO IMOBILIÁRIO ÁTRIO REIT RECEBÍVEIS IMOBILIÁRIOS,32006821/0001-21,Geral,Títulos e valores mobiliários,Títulos e Valores Mobiliários,Fundo de papel,Indeterminado,Ativa,0.14,0.00,23944,20726962,8.47,175.65,0.09,Milhões
77.22,15.63,0.77,448.99,K,12.54,OUJP11,OURINVEST JPP FUNDO DE INVESTIMENTO IMOBILIÁRIO,26091656/0001-50,Geral,Títulos e valores mobiliários,Híbrido,Fundo de papel,Indeterminado,Ativa,1.05,0.00,24930,3252373,100.22,325.94,1.00,Milhões
49.00,0.00,1.34,744.06,K,-13.23,PNPR11,PANORAMA PROPERTIES FUNDO DE INVESTIMENTO IMOBILIÁRIO,26813118/0001-22,Investidor Qualificado,Híbridos,Híbrido,Fundo de desenvolvimento,Indeterminado,Ativa,1.00,8.40,17,897805,36.53,32.80,1.23,Milhões
7.62,15.25,0.82,320.16,K,-7.19,PMIS11,Paramis Hedge Fund,51868778/0001-58,Geral,Títulos e valores mobiliários,Híbrido,Outro,Indeterminado,Ativa,,0.00,7064,14803231,9.29,137.60,0.09,Milhões
1.040.00,0.33,0.98,1.61,M,-12.38,PNDL11,FUNDO DE INVESTIMENTO IMOBILIÁRIO PANORAMA DESENVOLVIMENTO LOGÍSTICO,37899400/0001-90,Investidor Qualificado,Híbridos,Outros,Fundo de desenvolvimento,Determinado,Ativa,1.50,10.60,51,144321,1061.19,153.16,3.41,Milhões
54.75,10.19,0.99,1.17,M,1.28,PQAG11,PARQUE ANHANGUERA FUNDO DE INVESTIMENTO IMOBILIÁRIO,12978943/0001-72,Geral,Desenvolvimento para renda,Logístico / Indústria / Galpões,Fundo de Tijolo,Indeterminado,Ativa,0.2,0.00,465,13991879,55.41,775.28,0.47,Milhões
110.29,10.47,0.71,1.54,M,7.04,HGRE11,CSHG REAL ESTATE - FUNDO DE INVESTIMENTO IMOBILIÁRIO,09072017/0001-29,Geral,Renda,Lajes Corporativas,Fundo de Tijolo,Indeterminado,Ativa,1.0,13.30,142895,11817756,155.74,1.84,0.85,Bilhão
38.60,4.12,0.94,38.09,K,12.08,PATC11,PÁTRIA EDIFÍCIOS CORPORATIVOS FUNDO DE INVESTIMENTO IMOBILIÁRIO,30048651/0001-12,Geral,Renda,Lajes Corporativas,Fundo de Tijolo,Indeterminado,Ativa,1.175,34.70,5416,3477423,41.21,143.32,0.05,Milhões
57.48,12.13,0.60,1.25,M,9.72,PATL11,PÁTRIA LOGÍSTICA FUNDO DE INVESTIMENTO IMOBILIÁRIO,35754164/0001-99,Geral,Desenvolvimento para renda,Logístico / Indústria / Galpões,Fundo de Tijolo,Indeterminado,Ativa,0.73,8.80,25725,4991524,96.58,482.09,0.57,Milhões
97.95,10.06,0.81,2.10,M,-0.08,PMLL11,Genial Malls Fundo de Investimento Imobiliário,26499833/0001-32,Geral,Renda,Shoppings / Varejo,Fundo de Tijolo,Indeterminado,Ativa,0.50,4.00,129572,13982082,121.22,1.69,0.86,Bilhão
62.29,14.30,0.76,520.19,K,-17.62,HGFF11,CSHG IMOBILIÁRIO FOF - FUNDO DE INVESTIMENTO IMOBILIÁRIO,32784898/0001-22,Geral,Títulos e valores mobiliários,Títulos e Valores Mobiliários,Fundo de fundos,Indeterminado,Ativa,0.80,0.00,15242,2863586,81.82,234.29,0.68,Milhões
152.50,8.66,0.94,6.33,M,2.74,HGLG11,CSHG LOGÍSTICA - FUNDO DE INVESTIMENTO IMOBILIÁRIO,11728688/0001-47,Geral,Renda,Logístico / Indústria / Galpões,Fundo de Tijolo,Indeterminado,Ativa,0.60,3.00,508512,33787564,162.51,5.49,1.10,Bilhões
63.48,10.24,0.50,249.10,K,2.45,VCRR11,VECTIS RENDA RESIDENCIAL FUNDO DE INVESTIMENTO IMOBILIÁRIO,40041723/0001-53,Geral,Renda,Outros,Fundo de Tijolo,Indeterminado,Ativa,0.80,19.00,3585,1999989,126.69,253.39,0.50,Milhões
122.50,10.12,0.96,2.94,M,6.64,HGRU11,CSHG RENDA URBANA - FUNDO DE INVESTIMENTO IMOBILIÁRIO,29641226/0001-53,Geral,Renda,Híbrido,Fundo misto,Indeterminado,Ativa,0.90,0.80,221408,23238013,127.47,2.96,0.95,Bilhões
136.45,99.38,0.97,156.40,K,-0.43,HGPO11,CSHG PRIME OFFICES - FUNDO DE INVESTIMENTO IMOBILIÁRIO,11260134/0001-68,Geral,Renda,Lajes Corporativas,Fundo de Tijolo,Indeterminado,Passiva,0.625,0.00,10209,1753046,140.30,245.96,130.40,Milhões
39.01,20.12,0.63,1.35,K,48.78,PEMA11,PERFORMA REAL ESTATE FUNDO DE INVESTIMENTO IMOBILIÁRIO,34736510/0001-43,Investidor Qualificado,Títulos e valores mobiliários,Outros,Fundo de papel,Indeterminado,Ativa,0.10,0.00,292,551989,61.71,34.06,0.37,Milhões
79.10,12.83,0.87,612.26,K,5.62,PLCR11,FUNDO DE INVESTIMENTO IMOBILIÁRIO PLURAL RECEBÍVEIS,32527683/0001-26,Geral,Títulos e valores mobiliários,Títulos e Valores Mobiliários,Fundo de papel,Indeterminado,Ativa,1.20,0.00,14030,2109158,91.08,192.11,0.90,Milhões
92.35,13.10,0.95,4.01,M,1.16,HGCR11,CSHG RECEBÍVEIS IMOBILIÁRIOS - FUNDO DE INVESTIMENTO IMOBILIÁRIO,11160521/0001-22,Geral,Títulos e valores mobiliários,Títulos e Valores Mobiliários,Fundo de papel,Indeterminado,Ativa,0.80,0.00,102035,15418095,97.65,1.51,1.05,Bilhão
7.71,13.99,0.80,346.48,K,-0.78,PORD11,POLO FUNDO DE INVESTIMENTO IMOBILIÁRIO - RECEBÍVEIS IMOBILIÁRIOS II,17156502/0001-09,Geral,Títulos e valores mobiliários,Títulos e Valores Mobiliários,Fundo de papel,Indeterminado,Ativa,0.90,0.00,44174,37283739,9.60,357.86,0.09,Milhões
12.39,19.45,0.83,2.72,K,89.16,PLRI11,POLO FUNDO DE INVESTIMENTO IMOBILIÁRIO - RECEBÍVEIS IMOBILIÁRIOS I,14080689/0001-16,Investidor Qualificado,Títulos e valores mobiliários,Títulos e Valores Mobiliários,Fundo de papel,Indeterminado,Ativa,1.00,0.00,894,954293,14.88,14.20,1.36,Milhões
210.09,7.22,0.59,69.97,K,-5.45,FPAB11,FUNDO DE INVESTIMENTO IMOBILIÁRIO PROJETO ÁGUA BRANCA,03251720/0001-18,Geral,Renda,Lajes Corporativas,Fundo de Tijolo,Indeterminado,Passiva,5.0,18.00,700,749989,357.12,267.84,1.35,Milhões
140.00,10.02,0.84,21.19,K,1.52,RZZR11,Raizz Renda Logística,35652278/0001-28,Investidor Qualificado,Renda,Logístico / Indústria / Galpões,Fundo de Tijolo,Indeterminado,Passiva,0.20,0.00,432,4813161,166.30,800.42,1.20,Milhões
950.00,12.49,0.91,72.57,K,4.24,RSPD11,RB CAPITAL DESENVOLVIMENTO RESIDENCIAL III FUNDO DE INVESTIMENTO IMOBILIÁRIO,19249989/0001-08,Investidor Qualificado,Desenvolvimento para venda,Outros,Fundo de desenvolvimento,Determinado,Ativa,2.00,0.00,132,149000,1047.47,156.08,49.74,Milhões
89.36,8.91,0.89,87.70,K,20.72,RBIR11,RB CAPITAL DESENVOLVIMENTO RESIDENCIAL IV FUNDO DE INVESTIMENTO IMOBILIÁRIO,31161410/0001-48,Geral,Desenvolvimento para venda,Outros,Fundo de desenvolvimento,Determinado,Ativa,2.0,0.00,1477,1528604,100.03,152.90,2.23,Milhões
62.80,12.77,0.89,490.55,K,-0.71,RFOF11,FUNDO DE INVESTIMENTO IMOBILIÁRIO RB CAPITAL I FUNDO DE FUNDOS,34027774/0001-28,Geral,Títulos e valores mobiliários,Títulos e Valores Mobiliários,Fundo de fundos,Indeterminado,Ativa,0.80,0.00,4149,1078153,70.31,75.81,0.65,Milhões
0.20,247.07,0.07,1.04,K,0.00,PRSN11,PERSONALE I FUNDO DE INVESTIMENTO IMOBILIÁRIO,14056001/0001-62,Investidor Qualificado,Desenvolvimento para venda,Outros,Fundo de desenvolvimento,Determinado,Ativa,1.50,0.00,966,3231236,2.84,9.17,0.33,Milhões
38.00,18.18,0.63,2.16,K,-32.68,RBLG11,RB CAPITAL LOGÍSTICO FUNDO DE INVESTIMENTO IMOBILIÁRIO,35652227/0001-04,Investidor Qualificado,Renda,Logístico / Indústria / Galpões,Fundo de Tijolo,Indeterminado,Ativa,1.00,0.00,246,640188,60.37,38.65,0.61,Milhões
149.11,11.32,0.75,505.89,K,-0.09,FIIP11,RB CAPITAL RENDA I FUNDO DE INVESTIMENTO IMOBILIÁRIO,08696175/0001-97,Geral,Renda,Híbrido,Fundo de Tijolo,Indeterminado,Passiva,R$17426.00 mensais,0.00,6438,927151,199.37,184.85,1.40,Milhões
75.20,13.56,0.83,18.69,K,12.74,RRCI11,RB CAPITAL RECEBÍVEIS IMOBILIÁRIOS FUNDO DE INVESTIMENTO IMOBILIÁRIO,35689733/0001-60,Geral,Renda,Títulos e Valores Mobiliários,Fundo de papel,Indeterminado,Ativa,1.0,0.00,1767,481746,90.21,43.46,0.85,Milhões
350.00,0.00,0.92,3.38,K,-53.46,RBTS11,RB CAPITAL TFO SITUS FUNDO DE INVESTIMENTO IMOBILIÁRIO,29299737/0001-39,Investidor Qualificado,Híbridos,Outros,Fundo de desenvolvimento,Determinado,Ativa,0.12,0.00,136,56514,380.90,21.53,6.19,Milhões
40.18,14.01,0.62,54.38,K,18.26,RBRD11,RB CAPITAL RENDA II FUNDO DE INVESTIMENTO IMOBILIÁRIO,09006914/0001-34,Geral,Renda,Híbrido,Fundo de Tijolo,Indeterminado,Passiva,0.17,16.00,7582,1851775,64.84,120.07,0.50,Milhões
98.00,28.42,0.96,14.39,K,46.47,RCFF11,RBR DESENVOLVIMENTO COMERCIAL FEEDER FOF FUNDO DE INVESTIMENTO IMOBILIÁRIO,35689670/0001-41,Investidor Qualificado,Títulos e valores mobiliários,Títulos e Valores Mobiliários,Fundo de fundos,Determinado,Ativa,0.20,0.00,122,323189,102.42,33.10,3.55,Milhões
82.51,10.94,0.79,395.30,K,14.44,RBRL11,RBR LOG - FUNDO DE INVESTIMENTO IMOBILIÁRIO,35705463/0001-33,Geral,Híbridos,Logístico / Indústria / Galpões,Fundo de Tijolo,Indeterminado,Ativa,0.20,0.00,13143,6687024,104.84,701.05,0.75,Milhões
7.87,12.78,0.82,601.27,K,-1.38,RBRX11,FII RBR MULT,41088458/0001-21,Geral,Títulos e valores mobiliários,Títulos e Valores Mobiliários,Fundo de fundos,Indeterminado,Ativa,,0.00,10970,29468648,9.65,284.42,0.09,Milhões
6.52,12.76,0.76,1.81,M,-2.54,RBRF11,RBR ALPHA MULTIESTRATÉGIA REAL ESTATE FUNDO DE INVESTIMENTO IMOBILIÁRIO,27529279/0001-51,Geral,Títulos e valores mobiliários,Títulos e Valores Mobiliários,Fundo de fundos,Indeterminado,Ativa,0.20,0.00,118182,136807689,8.62,1.18,0.06,Bilhão
83.21,14.96,0.84,448.09,K,3.87,RPRI11,RBR Premium Recebíveis Imobiliários,42502842/0001-91,Geral,Títulos e valores mobiliários,Híbrido,Fundo de papel,Indeterminado,Ativa,1.60,0.00,4173,3471717,98.80,343.01,1.05,Milhões
101.97,12.50,1.00,280.00,K,5.59,RINV11,REAL INVESTOR FUNDO DE INVESTIMENTO IMOBILIÁRIO,44625612/0001-45,Geral,Títulos e valores mobiliários,Títulos e Valores Mobiliários,Outro,Indeterminado,Ativa,1.00,0.00,3851,3279521,102.01,334.54,1.05,Milhões
8.71,7.92,0.90,2.93,K,6.48,RECM11,REC MULTIESTRATÉGIA - FUNDO DE INVESTIMENTO IMOBILIÁRIO - RESPONSABILIDADE LIMITADA,56430935/0001-62,Geral,Híbridos,Híbrido,Fundo de papel,Indeterminado,Ativa,,0.00,698,8400506,9.66,81.12,0.12,Milhões
81.79,7.37,0.77,29.67,K,21.40,RMAI11,REAG MULTI ATIVOS IMOBILIÁRIOS FUNDO DE INVESTIMENTO IMOBILIÁRIO,17374696/0001-19,Geral,Renda,Lajes Corporativas,Fundo de Tijolo,Indeterminado,Ativa,0.30,15.90,1071,2443789,106.58,260.45,0.54,Milhões
66.98,14.78,0.78,243.98,K,-8.36,RBHG11,RIO BRAVO CRÉDITO IMOBILIÁRIO HIGH GRADE FUNDO DE INVESTIMENTO IMOBILIÁRIO,30647758/0001-87,Geral,Títulos e valores mobiliários,Títulos e Valores Mobiliários,Fundo de papel,Indeterminado,Ativa,1.00,0.00,8533,2167946,86.36,187.22,0.80,Milhões
47.35,12.95,0.79,267.32,K,-12.43,RBFF11,RIO BRAVO FUNDO DE FUNDOS DE INVESTIMENTO IMOBILIARIO,17329029/0001-14,Geral,Títulos e valores mobiliários,Títulos e Valores Mobiliários,Fundo de fundos,Indeterminado,Ativa,0.80,0.00,26576,3749204,59.66,223.66,0.51,Milhões
208.01,4.74,0.30,23.74,K,-41.94,RBOP11,RIO BRAVO OPORTUNIDADES IMOBILIÁRIAS FII,13500306/0001-59,Geral,Renda,Outros,Outro,Indeterminado,Ativa,1.1,71.74,3101,101653,684.72,69.61,3.50,Milhões
74.41,16.70,0.82,351.73,K,-2.51,RBHY11,RIO BRAVO CRÉDITO IMOBILIÁRIO HIGH YIELD FUNDO DE INVESTIMENTO IMOBILIÁRIO,37899479/0001-50,Geral,Títulos e valores mobiliários,Títulos e Valores Mobiliários,Fundo de papel,Indeterminado,Ativa,1.00,0.00,3225,1893494,90.96,172.23,1.05,Milhões
48.00,2.96,0.50,27.73,K,11.14,RBRS11,RIO BRAVO RENDA RESIDENCIAL FUNDO DE INVESTIMENTO IMOBILIÁRIO,36517660/0001-91,Geral,Renda,Híbrido,Fundo de Tijolo,Indeterminado,Ativa,1.0,27.80,985,1734288,95.98,166.46,0.07,Milhões
8.42,13.18,0.79,1.56,M,-9.96,RBVA11,FUNDO DE INVESTIMENTO IMOBILIÁRIO RIO BRAVO RENDA VAREJO - FII,15576907/0001-70,Geral,Desenvolvimento para renda,Híbrido,Fundo de Tijolo,Indeterminado,Ativa,0.35,5.00,75004,156143039,10.61,1.66,0.09,Bilhão
80.07,17.60,0.94,1.14,M,16.36,RZAK11,RIZA AKIN FUNDO DE INVESTIMENTO IMOBILIÁRIO,36642219/0001-31,Geral,Títulos e valores mobiliários,Títulos e Valores Mobiliários,Fundo de papel,Indeterminado,Ativa,1.20,0.00,45120,8807874,85.07,749.31,1.15,Milhões
50.15,8.95,0.60,62.56,K,20.06,RNGO11,FUNDO DE INVESTIMENTO IMOBILIÁRIO RIO NEGRO,15006286/0001-90,Geral,Renda,Lajes Corporativas,Fundo de Tijolo,Indeterminado,Passiva,0.22,18.70,7661,2675989,83.80,224.25,0.27,Milhões
88.35,14.20,0.87,570.37,K,3.39,RZAT11,RIZA ARCTIUM REAL ESTATE FUNDO DE INVESTIMENTO IMOBILIÁRIO,28267696/0001-36,Geral,Híbridos,Híbrido,Fundo de Tijolo,Indeterminado,Ativa,1.00,0.00,35310,4235031,101.22,428.67,1.05,Milhões
125.90,8.09,0.64,1.01,M,2.32,RCRB11,FUNDO DE INVESTIMENTO IMOBILIÁRIO - RIO BRAVO RENDA CORPORATIVA,03683056/0001-86,Geral,Renda,Lajes Corporativas,Fundo de Tijolo,Indeterminado,Ativa,0.7,0.80,26497,3690684,196.52,725.29,0.92,Milhões
4.53,5.58,0.58,407.53,K,19.53,SARE11,SANTANDER RENDA DE ALUGUÉIS FUNDO DE INVESTIMENTO IMOBILIÁRIO,32903702/0001-71,Geral,Renda,Híbrido,Fundo misto,Indeterminado,Ativa,1.25,39.80,28226,92343279,7.75,715.85,0.03,Milhões
8.65,13.26,0.90,171.91,K,9.53,SADI11,SANTANDER PAPEIS IMOBILIÁRIOS CDI FUNDO DE INVESTIMENTO IMOBILIÁRIO,32903521/0001-45,Geral,Títulos e valores mobiliários,Títulos e Valores Mobiliários,Fundo de papel,Indeterminado,Ativa,1.00,0.00,11025,15486829,9.66,149.55,0.11,Milhões
8.54,14.20,0.86,169.89,K,7.69,SAPI11,SANTANDER PAPÉIS IMOBILIÁRIOS,51646298/0001-42,Geral,Títulos e valores mobiliários,Títulos e Valores Mobiliários,Fundo de papel,Indeterminado,Ativa,,0.00,3233,15436829,9.90,152.77,0.11,Milhões
48.47,14.39,0.52,135.68,K,8.36,SEQR11,SEQUOIA III RENDA IMOBILIÁRIA - FUNDO DE INVESTIMENTO IMOBILIÁRIO,09517273/0001-82,Geral,Renda,Outros,Outro,Indeterminado,Ativa,1.24,9.60,4662,1665684,92.81,154.59,0.58,Milhões
2.85,0.00,0.27,2.48,K,5.56,SCPF11,FUNDO DE INVESTIMENTO IMOBILIÁRIO SCP,01657856/0001-05,Geral,Renda,Shoppings / Varejo,Fundo de Tijolo,Indeterminado,Ativa,4.0,30.00,4450,4199989,10.62,44.60,0.05,Milhões
980.00,8.34,0.97,82.07,K,22.43,SHPH11,FUNDO DE INVESTIMENTO IMOBILIÁRIO SHOPPING PÁTIO HIGIENÓPOLIS,03507519/0001-59,Geral,Renda,Shoppings / Varejo,Fundo de Tijolo,Indeterminado,Passiva,0.20,2.30,2113,608939,1012.20,616.38,5.30,Milhões
1.051.35,0.00,1.13,548.95,K,0.00,SOLR11,SOLARIUM FUNDO DE INVESTIMENTO IMOBILIÁRIO,22169671/0001-13,Investidor Qualificado,Híbridos,Híbrido,Fundo de Tijolo,Indeterminado,Ativa,0.45,0.00,51,65522,932.84,61.13,4.77,Milhões
49.75,9.69,0.75,4.40,K,-6.90,WPLZ11,FUNDO DE INVESTIMENTO IMOBILIÁRIO - SHOPPING WEST PLAZA,09326861/0001-39,Geral,Renda,Shoppings / Varejo,Fundo de Tijolo,Indeterminado,Passiva,0.55,8.40,1572,1169989,66.72,78.07,1.00,Milhões
13.14,0.00,9.16,1.37,K,60.05,SJAU11,SJ AU LOGÍSTICA FUNDO DE INVESTIMENTO IMOBILIÁRIO,27771547/0001-47,Geral,Renda,Logístico / Indústria / Galpões,Fundo de Tijolo,Indeterminado,Passiva,0.23,0.00,343,7932237,1.43,11.38,11.88,Milhões
33.50,15.04,0.57,55.47,K,-3.79,SPTW11,SP Downtown Fundo de Investimento,15538445/0001-05,Geral,Renda,Lajes Corporativas,Fundo de Tijolo,Indeterminado,Passiva,0.25,0.00,18833,1797989,58.56,105.29,0.42,Milhões
8.37,14.27,0.89,448.48,K,3.83,SPXS11,SPX SYN MULT,43010543/0001-00,Geral,Híbridos,Híbrido,Outro,Indeterminado,Ativa,0.80,0.00,19787,20189029,9.42,190.25,0.10,Milhões
8.38,14.32,1.03,1.04,M,4.75,SNEL11,FUNDO DE INVEST IMOBILIARIO SUNO ENERGIAS LIMPAS,43741171/0001-84,Geral,Híbridos,Outros,Outro,Indeterminado,Ativa,,0.00,34554,38334191,8.12,311.11,0.10,Milhões
67.75,13.17,0.83,378.40,K,-14.22,SNFF11,SUNO FUNDO DE FUNDOS IMOBILIÁRIO,40011225/0001-68,Geral,Títulos e valores mobiliários,Títulos e Valores Mobiliários,Fundo de fundos,Indeterminado,Ativa,0.78,0.00,27884,4020624,81.90,329.29,0.72,Milhões
9.85,8.48,1.01,74.17,K,7.18,TELM11,TELLUS MULTIESTRATÉGIA - FII FUNDO DE INVESTIMENTO IMOBILIÁRIO RESPONSABILIDADE LIMITADA,45188099/0001-35,Investidor Qualificado,Híbridos,Híbrido,Fundo misto,Indeterminado,Ativa,0.90,0.00,107,2147351,9.71,20.84,0.10,Milhões
85.96,9.74,1.00,121.55,K,-1.16,PMFO11,SPECIALE REAL ESTATE FUND OF FUNDS FUNDO DE INVESTIMENTO IMOBILIÁRIO,50135849/0001-40,Investidor Qualificado,Desenvolvimento para venda,Híbrido,Outro,Determinado,Ativa,0.35,0.00,188,975896,86.34,84.26,0.84,Milhões
1.45,158.91,4.04,122.87,K,-35.35,SNLG11,Suno Log Fundo de Investimento Imobiliario,40041711/0001-29,Geral,Renda,Logístico / Indústria / Galpões,Fundo de Tijolo,Indeterminado,Ativa,1,8.74,11975,2529955,0.36,908.99,0.84,Mil
9.53,13.48,1.02,44.64,K,12.78,SNME11,SUNO MULTIESTRATÉGIA,52227760/0001-30,Geral,Híbridos,Híbrido,Fundo misto,Indeterminado,Ativa,,0.00,3903,7418232,9.37,69.54,0.11,Milhões
79.25,13.26,0.82,842.67,K,0.89,TEPP11,TELLUS PROPERTIES FUNDO DE INVESTIMENTO IMOBILIÁRIO,26681370/0001-25,Geral,Renda,Lajes Corporativas,Fundo de Tijolo,Indeterminado,Ativa,1.17,0.00,29769,4221956,96.98,409.44,0.91,Milhões
82.21,14.60,0.84,513.00,K,-2.01,SNCI11,SUNO RECEBÍVEIS IMOBILIÁRIOS FUNDO DE INVESTIMENTO IMOBILIÁRIO,41076710/0001-82,Geral,Títulos e valores mobiliários,Títulos e Valores Mobiliários,Outro,Indeterminado,Ativa,0.70,0.00,37409,4199989,97.31,408.71,1.00,Milhões
71.00,10.97,0.77,3.05,K,-4.36,VOTS11,VOTORANTIM SECURITIES MASTER FUNDO DE INVESTIMENTO IMOBILIÁRIO,17870926/0001-30,Geral,Títulos e valores mobiliários,Títulos e Valores Mobiliários,Fundo de papel,Indeterminado,Ativa,1.00,0.00,576,827902,91.71,75.93,0.63,Milhões
3.24,3.78,0.09,16.99,K,-55.68,TORD11,TORDESILHAS EI FUNDO DE INVESTIMENTO IMOBILIÁRIO,30230870/0001-18,Geral,Híbridos,Híbrido,Outro,Indeterminado,Ativa,1.50,0.00,50188,5841881,34.90,203.88,0.01,Milhões
58.04,13.27,0.67,660.16,K,-33.10,TRBL11,FDO DE INVEST IMOB TELLUS RIO BRAVO RENDA LOGISTIC,16671412/0001-93,Geral,Renda,Logístico / Indústria / Galpões,Fundo de Tijolo,Indeterminado,Ativa,0.84,2.50,49523,7739081,86.55,669.81,0.60,Milhões
250.09,14.59,0.96,21.39,K,1.29,TJKB11,TJK RENDA IMOBILIÁRIA FUNDO DE INVESTIMENTO IMOBILIÁRIO,39714024/0001-48,Investidor Qualificado,Renda,Lajes Corporativas,Outro,Indeterminado,Ativa,0.45,0.00,347,1164636,260.84,303.78,2.90,Milhões
97.00,11.99,1.00,4.25,K,10.05,TSER11,TISHMAN SPEYER RENDA CORPORATIVA FUNDO DE INVESTIMENTO IMOBILIÁRIO,34847042/0001-84,Geral,Renda,Lajes Corporativas,Fundo de Tijolo,Indeterminado,Ativa,1.00,0.00,19,1384749,97.45,134.94,0.96,Milhões
91.11,13.31,0.88,967.14,K,1.20,TVRI11,TIVIO RENDA IMOBILIÁRIA FUNDO DE INVESTIMENTO IMOBILIÁRIO,14410722/0001-29,Geral,Renda,Agências bancárias,Fundo de Tijolo,Indeterminado,Ativa,0277,3.10,61666,15919679,103.93,1.65,1.05,Bilhão
9.51,9.99,1.02,72.46,K,4.85,TRXY11,TRX Hedge Fundo de Investimento Imobiliário de Responsabilidade Limitada,43985938/0001-10,Geral,Híbridos,Híbrido,Outro,Indeterminado,Ativa,0,0.00,622,3609709,9.36,33.79,0.11,Milhões
34.37,26.19,0.34,1.07,M,-51.57,URPR11,URCA PRIME RENDA FUNDO DE INVESTIMENTO IMOBILIÁRIO,34508872/0001-87,Geral,Híbridos,Outros,Fundo de papel,Indeterminado,Ativa,0.25,0.00,69111,11733884,101.76,1.19,0.40,Bilhão
150.00,14.97,1.50,1.65,K,7.68,TRXB11,TRX REAL ESTATE II FUNDO DE INVESTIMENTO IMOBILIÁRIO,36368925/0001-37,Geral,Títulos e valores mobiliários,Híbrido,Fundo de desenvolvimento,Determinado,Passiva,1.0,0.00,445,3746009,100.11,375.00,1.60,Milhões
97.00,13.72,0.96,8.59,M,4.61,TRXF11,TRX REAL ESTATE FUNDO DE INVESTIMENTO IMOBILIÁRIO,28548288/0001-52,Geral,Renda,Híbrido,Fundo de Tijolo,Indeterminado,Ativa,1.00,0.22,191191,32493273,101.16,3.29,0.93,Bilhões
14.50,0.00,1.00,48.44,K,11.47,VVCO11,V2 EDIFÍCIOS CORPORATIVOS FUNDO DE INVESTIMENTO IMOBILIÁRIO,15006267/0001-63,Geral,Renda,Lajes Corporativas,Fundo de Tijolo,Indeterminado,Ativa,1.20,0.00,2664,9899989,14.53,143.83,0.32,Milhões
12.98,2.70,0.33,61.16,K,-28.02,VPPR11,V2 PRIME PROPERTIES FUNDO DE INVESTIMENTO  IMOBILIÁRIO – FII,30654849/0001-40,Geral,Renda,Outros,Fundo misto,Indeterminado,Ativa,0.95 a.a,35.39,36959,7316160,39.04,285.64,0.07,Milhões
85.90,10.15,0.92,76.03,K,-4.49,VVRI11,V2 RENDA IMOBILIÁRIA FDO DE INV IMOB,49184940/0001-77,Geral,Renda,Híbrido,Outro,Indeterminado,Ativa,,15.09,150,802672,93.79,75.28,0.60,Milhões
80.31,14.61,0.91,1.48,M,6.05,VGIP11,VALORA CRI ÍNDICE DE PREÇO FUNDO DE INVESTIMENTO IMOBILIÁRIO,34197811/0001-46,Geral,Títulos e valores mobiliários,Títulos e Valores Mobiliários,Fundo de papel,Indeterminado,Ativa,1,0.00,84599,11787236,88.28,1.04,0.76,Bilhão
8.56,19.28,0.81,400.31,K,14.29,VGRI11,VALORA RENDA IMOB FUNDO DE INVES IMOB -RESP LIMIT,53656482/0001-07,fiiGENERAL,Renda,Híbrido,Fundo de Tijolo,Indeterminado,Ativa,0085,19.60,18010,35021725,10.58,370.67,0.12,Milhões
49.48,5.68,0.80,801.48,K,29.33,PLAG11,VBI AGRO - FUNDO DE INVESTIMENTO IMOBILIÁRIO,32754734/0001-52,Geral,Renda,Outros,Fundo misto,Indeterminado,Ativa,1.0,0.00,15849,5221828,61.63,321.81,0.51,Milhões
9.50,14.42,0.97,4.53,M,11.36,VGIR11,VALORA RE III FUNDO DE INVESTIMENTO IMOBILIÁRIO,29852732/0001-91,Geral,Renda,Títulos e Valores Mobiliários,Fundo de papel,Indeterminado,Ativa,0.20,0.00,256344,146101276,9.75,1.42,0.14,Bilhão
84.00,7.02,0.80,103.11,K,20.88,BLMO11,VBI OFFICE FUND II - FUNDO DE INVESTIMENTO IMOBILIÁRIO,34895894/0001-47,Geral,Híbridos,Lajes Corporativas,Fundo de Tijolo,Determinado,Ativa,1.25,0.00,323,994803,104.79,104.25,0.53,Milhões
60.89,14.21,0.82,723.84,K,-6.00,RVBI11,VBI REITS FOF - FUNDO DE INVESTIMENTO IMOBILIÁRIO,35507457/0001-71,Geral,Renda,Títulos e Valores Mobiliários,Fundo de fundos,Indeterminado,Ativa,0.15,0.00,55018,10276001,74.36,764.13,0.70,Milhões
79.08,14.67,0.85,1.89,M,-0.89,VCJR11,VECTIS JUROS REAL FUNDO DE INVESTIMENTO IMOBILIÁRIO,32400250/0001-05,Geral,Títulos e valores mobiliários,Títulos e Valores Mobiliários,Fundo de papel,Indeterminado,Ativa,1.60,0.00,30794,14723959,93.10,1.37,0.95,Bilhão
7.69,14.04,0.90,2.59,M,0.78,VGHF11,VALORA HEDGE FUND FUNDO DE INVESTIMENTO IMOBILIÁRIO - FII,36771692/0001-19,fiiGENERAL,Títulos e valores mobiliários,Híbrido,Fundo de papel,Indeterminado,Ativa,0.90,0.00,393807,164721672,8.50,1.40,0.09,Bilhão
9.75,12.51,0.94,154.07,K,11.43,VVCR11,V2 RECEBÍVEIS IMOBILIÁRIOS FUNDO DE INVESTIMENTO IMOBILIÁRIO,23120027/0001-13,Geral,Títulos e valores mobiliários,Títulos e Valores Mobiliários,Fundo de papel,Determinado,Ativa,0.90,0.00,2206,7508321,10.32,77.50,0.11,Milhões
69.86,9.06,0.45,50.10,K,10.38,FVPQ11,FUNDO DE INVESTIMENTO IMOBILIÁRIO VIA PARQUE SHOPPING,00332266/0001-31,Geral,Renda,Shoppings / Varejo,Fundo de Tijolo,Indeterminado,Passiva,0.12,10.10,3933,2800138,155.87,436.45,0.81,Milhões
2.54,16.18,0.25,122.07,K,-14.48,VSLH11,VERSALHES RECEBÍVEIS IMOBILIÁRIOS - FUNDO DE INVESTIMENTO IMOBILIÁRIO,36244015/0001-42,Geral,Híbridos,Outros,Fundo de papel,Indeterminado,Ativa,de 1.00,0.00,68687,29864080,10.09,301.25,0.03,Milhões
5.33,15.08,0.61,229.15,K,-5.68,VIUR11,VINCI IMÓVEIS URBANOS FUNDO DE INVESTIMENTO IMOBILIÁRIO,36445587/0001-90,Geral,Renda,Outros,Fundo misto,Indeterminado,Ativa,0.85,3.00,45727,26946209,8.74,235.54,0.07,Milhões
4.89,12.99,0.48,558.82,K,-8.07,VINO11,VINCI OFFICES FUNDO DE INVESTIMENTO IMOBILIÁRIO,12516185/0001-70,Geral,Renda,Lajes Corporativas,Fundo de Tijolo,Indeterminado,Ativa,1.20,8.00,144128,82826284,10.21,845.43,0.05,Milhões
5.93,20.22,1.01,36.89,K,77.54,WSEC11,WARREN SECURITIES FUNDO DE INVESTIMENTO IMOBILIÁRIO,43440579/0001-16,Investidor Qualificado,Títulos e valores mobiliários,Títulos e Valores Mobiliários,Fundo de papel,Indeterminado,Ativa,1.00,0.00,781,2456499,5.90,14.49,0.10,Milhões
102.96,9.37,0.83,3.31,M,0.80,VISC11,VINCI SHOPPING CENTERS FUNDO DE INVESTIMENTO IMOBILIÁRIO,17554274/0001-25,Geral,Renda,Shoppings / Varejo,Fundo de Tijolo,Indeterminado,Ativa,1.35,5.50,343930,28828629,123.85,3.57,0.81,Bilhões
8.59,14.38,0.89,183.10,K,1.78,WHGR11,WHG REAL ESTATE FUNDO DE INVESTIMENTO IMOBILIÁRIO,41256643/0001-88,Geral,Híbridos,Híbrido,Fundo misto,Indeterminado,Ativa,1.00,0.00,13887,30912367,9.62,297.36,0.10,Milhões
8.42,0.00,0.29,30.00,K,5.25,XPCM11,XP CORPORATE MACAÉ FUNDO DE INVESTIMENTO IMOBILIÁRIO,16802320/0001-03,Geral,Renda,Lajes Corporativas,Fundo de Tijolo,Indeterminado,Passiva,0.80,57.00,17491,2414559,28.87,69.72,0.02,Milhões
81.89,12.66,0.93,1.26,M,6.23,XPCI11,XP CREDITO IMOBILIÁRIO - FUNDO DE INVESTIMENTO IMOBILIÁRIO,28516301/0001-91,Geral,Títulos e valores mobiliários,Títulos e Valores Mobiliários,Fundo de papel,Indeterminado,Ativa,1.00,0.00,67374,8701540,87.70,763.15,0.96,Milhões
68.50,12.79,0.67,245.98,K,-0.83,XPIN11,XP INDUSTRIAL FUNDO DE INVESTIMENTO IMOBILIARIO,28516325/0001-40,Geral,Renda,Outros,Fundo de Tijolo,Indeterminado,Ativa,Entre 3.5,5.60,43031,7150411,101.97,729.16,0.74,Milhões
97.79,9.86,0.92,2.92,M,5.15,XPLG11,XP LOG FUNDO DE INVESTIMENTO IMOBILIÁRIO,26502794/0001-85,Geral,Renda,Logístico / Indústria / Galpões,Fundo de Tijolo,Indeterminado,Ativa,0.95,7.40,338125,31175920,106.83,3.33,0.82,Bilhões
7.39,6.63,0.93,2.18,M,7.73,VIFI11,VINCI INSTRUMENTOS FINANCEIROS FUNDO DE INVESTIMENTO IMOBILIÁRIO,31547855/0001-60,Geral,Títulos e valores mobiliários,Títulos e Valores Mobiliários,Fundo de fundos,Indeterminado,Ativa,0.95,0.00,5516,8089179,7.97,64.51,0.07,Milhões
98.50,11.21,0.85,9.25,M,-1.64,XPML11,XP Malls Fundo de Investimento Imobiliario - Fii,28757546/0001-00,Geral,Renda,Shoppings / Varejo,Fundo de Tijolo,Indeterminado,Ativa,0.55,4.00,604153,56720776,115.57,6.56,0.92,Bilhões
10.06,8.10,1.08,47.52,K,-9.45,ZAGH11,ZAGROS MULTIESTRATÉGIA FUNDO DE INVESTIMENTO IMOBILIÁRIO,45188066/0001-95,Investidor Qualificado,Híbridos,Híbrido,Fundo misto,Indeterminado,Ativa,1.5,0.00,405,8891651,9.34,83.08,0.06,Milhões
5.92,13.19,0.78,433.54,K,-11.26,XPSF11,XP SELECTION FUNDO DE FUNDOS DE INVESTIMENTO IMOBILIÁRIO,30983020/0001-90,Geral,Títulos e valores mobiliários,Títulos e Valores Mobiliários,Fundo de fundos,Indeterminado,Ativa,1,0.00,59903,43302129,7.62,329.79,0.07,Milhões
86.98,15.67,0.64,47.17,K,-11.27,ZAVI11,FUNDO DE INVESTIMENTO IMOBILIÁRIO ZAVIT REAL ESTATE,40575940/0001-23,Geral,Renda,Híbrido,Fundo misto,Indeterminado,Ativa,1.25,0.90,2746,1173311,135.68,159.20,1.10,Milhões
80.70,9.75,0.72,1.44,M,0.80,VILG11,VINCI LOGÍSTICA FUNDO DE INVESTIMENTO IMOBILIÁRIO,24853044/0001-22,Geral,Renda,Logístico / Indústria / Galpões,Fundo de Tijolo,Indeterminado,Ativa,0.95,2.00,144566,14997385,112.45,1.69,0.72,Bilhão
515.00,0.00,0.29,27.99,K,-32.68,ZIFI11,ZION CAPITAL FUNDO DE INVESTIMENTO IMOBILIÁRIO,35820768/0001-96,Geral,Desenvolvimento para renda,Híbrido,Fundo de desenvolvimento,Indeterminado,Ativa,1.00,0.00,86,47474,1767.19,83.92,3.30,Milhões
