Razão Social;CNPJ;PÚBLICO-ALVO;MANDATO;SEGMENTO;TIPO DE FUNDO;PRAZO DE DURAÇÃO;TIPO DE GESTÃO;TAXA DE ADMINISTRAÇÃO;VACÂNCIA;NUMERO DE COTISTAS;COTAS EMITIDAS;VAL. PATRIMONIAL P/ COTA;VALOR PATRIMONIAL;ÚLTIMO RENDIMENTO;Valor Patrimonial Unidade;Papel
AJ MALLS;51.472.985/0001-99;Geral;Renda;Shoppings / Varejo;Fundo de Tijolo;Indeterminado;Ativa;;8,76;12.776;31.625.967;12,15;384,21;0,06;Milhões;AJFI11
ALIANZA TRUST RENDA IMOBILIARIA - FUNDO DE INVESTIMENTO IMOBILIARIO;28.737.771/0001-85;Geral;Renda;Híbrido;Fundo de Tijolo;Indeterminado;Ativa;0,20;0,00;165.608;122.266.239;10,77;1,32;0,08;Bilhão;ALZR11
ALIANZA CRÉDITO IMOBILIÁRIO FUNDO DE INVESTIMENTO IMOBILIÁRIO;40.011.324/0001-40;Investidor Qualificado;Títulos e valores mobiliários;Títulos e Valores Mobiliários;Fundo de papel;Indeterminado;Ativa;1,30;0,00;9.099;20.050.219;9,44;189,18;0,11;Milhões;ALZC11
AF INVEST CRI FUNDO DE INVESTIMENTO IMOBILIÁRIO - RECEBÍVEIS IMOBILIÁRIOS;36.642.293/0001-58;Geral;Títulos e valores mobiliários;Títulos e Valores Mobiliários;Fundo de papel;Indeterminado;Ativa;1,00;0,00;38.871;4.555.607;93,85;427,52;1,01;Milhões;AFHI11
AROEIRA 333 RENDA LOGÍSTICA;44.674.528/0001-11;Geral;Desenvolvimento para renda;Outros;Fundo de desenvolvimento;Indeterminado;Ativa;;0,00;4.656;167.926.821;0,95;160,20;0,01;Milhões;AROA11
AUTONOMY EDIFÍCIOS CORPORATIVOS FUNDO DE INVESTIMENTO IMOBILIÁRIO;35.765.826/0001-26;Geral;Renda;Lajes Corporativas;Fundo de Tijolo;Indeterminado;Ativa;0,75;0,00;15.719;4.824.976;77,71;374,96;0,34;Milhões;AIEC11
FUNDO DE INVESTIMENTO IMOBILIÁRIO APEX MALLS;43.010.485/0001-07;Geral;Híbridos;Shoppings / Varejo;Fundo de Tijolo;Indeterminado;Ativa;;0,00;588;2.829.131;123,33;348,93;0,25;Milhões;APXM11
ALIANZA URBAN HUB RENDA FUNDO DE INVESTIMENTO IMOBILIÁRIO;41.076.823/0001-88;Investidor Qualificado;Renda;Logístico / Indústria / Galpões;Fundo de Tijolo;Indeterminado;Ativa;1,00;16,00;19;1.085.769;78,36;85,09;0,41;Milhões;AURB11
ARX DOVER RECEBÍVEIS FUNDO DE INVESTIMENTO IMOBILIÁRIO;44.527.494/0001-32;Geral;Títulos e valores mobiliários;Títulos e Valores Mobiliários;Fundo de papel;Indeterminado;Ativa;1,02;0,00;1.766;9.011.159;9,12;82,14;0,10;Milhões;ARXD11
AZ QUEST PANORAMA LOGÍSTICA FUNDO DE INVESTIMENTO IMOBILIÁRIO - RESPONSABILIDADE LIMITADA;51.890.054/0001-00;Geral;Renda;Logístico / Indústria / Galpões;Fundo misto;Indeterminado;Ativa;1,10;0,00;6.586;18.209.635;9,72;176,93;0,07;Milhões;AZPL11
BANESTES RECEBÍVEIS IMOBILIÁRIOS FUNDO DE INVESTIMENTO;22.219.335/0001-38;Geral;Títulos e valores mobiliários;Títulos e Valores Mobiliários;Fundo de papel;Indeterminado;Ativa;1,0;0,00;43.131;6.257.862;83,32;521,40;0,83;Milhões;BCRI11
BANRISUL NOVAS FRONTEIRAS FUNDO DE INVESTIMENTO IMOBILIÁRIO;15.570.431/0001-60;Geral;Desenvolvimento para renda;Agências bancárias;Fundo de Tijolo;Indeterminado;Ativa;0,4;9,30;5.946;699.989;78,38;54,87;1,00;Milhões;BNFS11
BB FUNDO DE FUNDOS - FUNDO DE INVESTIMENTO IMOBILIÁRIO;37.180.091/0001-02;Geral;Títulos e valores mobiliários;Títulos e Valores Mobiliários;Fundo de fundos;Indeterminado;Passiva;0,50;0,00;6.958;4.003.889;72,59;290,64;0,73;Milhões;BBFO11
BB PREMIUM MALLS FUNDO DE INVESTIMENTO IMOBILIÁRIO DE RESPONSABILIDADE LIMITADA;54.375.187/0001-37;Geral;Renda;Shoppings / Varejo;Fundo de Tijolo;Indeterminado;Ativa;0,80;2,50;31.779;99.120.983;9,32;923,68;0,08;Milhões;BBIG11
BB FUNDO DE INVESTIMENTO IMOBILIÁRIO PROGRESSIVO;07.000.400/0001-46;Geral;Renda;Lajes Corporativas;Fundo de Tijolo;Indeterminado;Passiva;3;100,00;6.206;129.989;698,17;90,76;100,41;Milhões;BBFI11
BB RENDA CORPORATIVA FUNDO DE INVESTIMENTO IMOBILIÁRIO;12.681.340/0001-04;Geral;Desenvolvimento para renda;Agências bancárias;Fundo de Tijolo;Indeterminado;Passiva;0,60;5,60;8.949;1.589.989;104,46;166,09;1,05;Milhões;BBRC11
FUNDO DE INVESTIMENTO IMOBILIÁRIO - BRASIL PLURAL ABSOLUTO;17.324.357/0001-28;Geral;Títulos e valores mobiliários;Títulos e Valores Mobiliários;Fundo de fundos;Indeterminado;Ativa;0,4;0,00;20.320;4.492.315;69,94;314,20;0,70;Milhões;BPFF11
BRADESCO CARTEIRA IMOBILIÁRIA ATIVA – FUNDO DE INVESTIMENTO IMOBILIÁRIO;20.216.935/0001-17;Geral;Títulos e valores mobiliários;Títulos e Valores Mobiliários;Fundo de fundos;Indeterminado;Ativa;0,50;0,00;22.039;3.719.027;97,49;362,56;0,84;Milhões;BCIA11
FUNDO DE INVESTIMENTO IMOBILIÁRIO BM BRASCAN LAJES CORPORATIVAS;14.376.247/0001-11;Geral;Renda;Lajes Corporativas;Fundo de Tijolo;Indeterminado;Passiva;0,20;0,00;1.285;998.394;105,80;105,63;0,69;Milhões;BMLC11
FUNDO DE INVESTIMENTO IMOBILIÁRIO BRASIL VAREJO;21.126.204/0001-43;Geral;Renda;Outros;Fundo de Tijolo;Indeterminado;Passiva;0,10;0,00;126;625.529;786,25;491,83;4,20;Milhões;BVAR11
BLUEMACAW LOGÍSTICA FUNDO DE INVESTIMENTO IMOBILIÁRIO;34.081.637/0001-71;fii.GENERAL;Renda;Outros;Fundo de Tijolo;Indeterminado;Ativa;0,95;0,00;12.831;4.674.537;70,76;330,79;0,36;Milhões;BLMG11
BRAZILIAN GRAVEYARD DEATH CARE FDO INV IMOB - FII;13.584.584/0001-31;Geral;Títulos e valores mobiliários;Híbrido;Fundo misto;Indeterminado;Ativa;1,60;0,00;51;35.769.908;6,99;249,88;0,01;Milhões;CARE11
FUNDO DE INVESTIMENTO IMOBILIÁRIO ATHENA I;30.567.216/0001-02;Geral;Renda;Lajes Corporativas;Fundo de Tijolo;Indeterminado;Ativa;0,80;0,38;20.987;4.659.277;98,42;458,57;0,80;Milhões;FATN11
BRESCO LOGÍSTICA - FUNDO DE INVESTIMENTO IMOBILIÁRIO;20.748.515/0001-81;Geral;Híbridos;Logístico / Indústria / Galpões;Fundo de Tijolo;Indeterminado;Ativa;0,0975;4,50;121.549;15.905.122;117,82;1,87;0,87;Bilhão;BRCO11
BRIO CRÉDITO ESTRUTURADO - FUNDO DE INVESTIMENTO IMOBILIÁRIO;39.332.032/0001-20;Investidor Qualificado;Títulos e valores mobiliários;Títulos e Valores Mobiliários;Fundo de fundos;Determinado;Ativa;1,25;0,00;114;133.403;1.065,42;142,14;1,00;Milhões;BICE11
BRIO MULTIESTRATÉGIA FUNDO DE INVESTIMENTO IMOBILIÁRIO;41.081.356/0001-84;Geral;Renda;Híbrido;Outro;Indeterminado;Ativa;1,50;0,00;8.478;5.845.591;8,43;49,27;0,08;Milhões;BIME11
BRIO REAL ESTATE III FUNDO DE INVESTIMENTO IMOBILIÁRIO;34.895.752/0001-80;Geral;Híbridos;Híbrido;Fundo de desenvolvimento;Determinado;Ativa;2,0;0,00;430;215.464;640,27;137,96;11,77;Milhões;BRIP11
BRIO REAL ESTATE II - FUNDO DE INVESTIMENTO IMOBILIÁRIO;23.964.843/0001-03;Geral;Híbridos;Outros;Fundo de desenvolvimento;Determinado;Ativa;1,5;0,00;680;124.126;369,80;45,91;80,56;Milhões;BRIM11
BRPR CORPORATE OFFICES FDO DE INV IMOB;48.978.859/0001-04;Geral;Renda;Híbrido;Fundo de Tijolo;Indeterminado;Ativa;;8,80;9.996;11.610.801;108,20;1,26;0,42;Bilhão;BROF11
BS2 ALLINVESTMENTS FUNDO DE INVESTIMENTO IMOBILIÁRIO;41.218.404/0001-33;Investidor Qualificado;Desenvolvimento para venda;Híbrido;Fundo misto;Indeterminado;Ativa;2,00;0,00;73;361.129;52,04;18,79;1,70;Milhões;LLAO11
BTG PACTUAL HOTÉIS FII;18.308.516/0001-63;Geral;Híbridos;Hotéis;Fundo de Tijolo;Indeterminado;Ativa;0.95;45,50;1.415;9.218.501;68,73;633,63;0,37;Milhões;BTHI11
BTG Pactual Fundo de CRI;09.552.812/0001-14;Geral;Títulos e valores mobiliários;Títulos e Valores Mobiliários;Fundo de papel;Indeterminado;Ativa;0,95;0,00;191.439;99.521.161;10,04;999,01;0,10;Milhões;BTCI11
BTG PACTUAL LOGÍSTICA FUNDO DE INVESTIMENTO IMOBILIÁRIO;11.839.593/0001-09;Geral;Renda;Logístico / Indústria / Galpões;Fundo de Tijolo;Indeterminado;Ativa;0,9;1,00;396.295;44.473.964;103,71;4,61;0,78;Bilhões;BTLG11
FUNDO DE INVESTIMENTO IMOBILIÁRIO - BTG PACTUAL CORPORATE OFFICE;08.924.783/0001-01;Geral;Híbridos;Híbrido;Fundo de Tijolo;Indeterminado;Ativa;0,25;12,10;123.212;26.638.191;85,00;2,26;0,41;Bilhões;BRCR11
FUNDO DE INVESTIMENTO IMOBILIÁRIO BTG PACTUAL AGRO LOGÍSTICA;36.642.244/0001-15;Geral;Renda;Outros;Fundo de Tijolo;Indeterminado;Ativa;1,10;0,00;39.259;5.982.725;112,52;673,18;0,90;Milhões;BTAL11
BTG PACTUAL REAL ESTATE HEDGE FUND FII - RESP LTDA;45.188.176/0001-57;Geral;Títulos e valores mobiliários;Híbrido;Fundo de papel;Indeterminado;Ativa;;0,00;340.382;205.846.929;9,89;2,04;0,09;Bilhões;BTHF11
FUNDO DE INVESTIMENTO IMOBILIÁRIO BTG PACTUAL SHOPPINGS;33.046.142/0001-49;Investidor Qualificado;Renda;Shoppings / Varejo;Fundo de Tijolo;Indeterminado;Ativa;1,0;7,40;5.830;7.441.734;126,21;939,19;0,92;Milhões;BPML11
FUNDO DE INVESTIMENTO IMOBILIÁRIO BTG PACTUAL TERRAS AGRÍCOLAS;41.076.607/0001-32;Geral;Renda;Fiagros;Outro;Indeterminado;Ativa;1,22;0,00;12.556;3.364.548;110,94;373,25;0,30;Milhões;BTRA11
BTSP I FUNDO DE INVESTIMENTO IMOBILIÁRIO;36.098.375/0001-83;Geral;Desenvolvimento para renda;Híbrido;Fundo de Tijolo;Indeterminado;Ativa;0,20;0,00;102;775.004;152,09;117,87;1,00;Milhões;BTSG11
BTSP II FUNDO DE INVESTIMENTO IMOBILIÁRIO;36.930.464/0001-44;Geral;Desenvolvimento para renda;Híbrido;Fundo de desenvolvimento;Indeterminado;Ativa;;0,00;194;5.775.324;116,98;675,58;0,79;Milhões;BTSI11
FUNDO DE INVESTIMENTO IMOBILIÁRIO CAIXA IMÓVEIS CORPORATIVOS;38.658.984/0001-75;Geral;Renda;Lajes Corporativas;Fundo de Tijolo;Indeterminado;Ativa;0,25;0,00;12.509;3.924.489;96,09;377,11;0,66;Milhões;CXCO11
BTOWERS - FUNDO DE INVESTIMENTO IMOBILIÁRIO;20.132.453/0001-89;Investidor Qualificado;Renda;Lajes Corporativas;Fundo de desenvolvimento;Indeterminado;Passiva;0,80;6,00;135;809.258;118,44;95,85;0,60;Milhões;BTWR11
CAIXA RIO BRAVO FUNDO DE INVESTIMENTO IMOBILIÁRIO;17.098.794/0001-70;Geral;Híbridos;Híbrido;Fundo de fundos;Indeterminado;Ativa;1,20;0,00;1.797;1.575.749;80,07;126,17;0,59;Milhões;CXRI11
CAIXA RIO BRAVO FUNDO DE FUNDOS DE INVESTIMENTO IMOBILIÁRIO II;31.887.401/0001-39;Geral;Títulos e valores mobiliários;Títulos e Valores Mobiliários;Fundo de fundos;Indeterminado;Ativa;1,15;0,00;1.245;690.029;80,82;55,77;0,61;Milhões;CRFF11
CANUMA CAPITAL MULTIESTRATÉGIA FUNDO DE INVESTIMENTO IMOBILIÁRIO;43.010.844/0001-26;Geral;Híbridos;Outros;Fundo misto;Indeterminado;Ativa;Taxa de gestão 1,20;2,90;8.260;67.797.042;10,34;700,81;0,08;Milhões;CCME11
CAPITÂNIA LOGÍSTICA FUNDO DE INVESTIMENTO IMOBILIÁRIO - FII;52.371.756/0001-40;Geral;Híbridos;Logístico / Indústria / Galpões;Fundo misto;Indeterminado;Ativa;;0,00;392;34.345.209;9,68;332,39;0,03;Milhões;CPLG11
CAPITÂNIA OFFICE FII - FDO DE INV IMOB;48.916.699/0001-60;Geral;Renda;Híbrido;Fundo misto;Indeterminado;Ativa;;3,00;121;4.772.394;108,66;518,55;0,75;Milhões;CPOF11
Classe Única do Capitânia HBC Renda Urbana;34.691.520/0001-00;Geral;Renda;Híbrido;Outro;Indeterminado;Ativa;1,00;2,10;1.388;62.371.124;9,87;615,59;0,05;Milhões;CPUR11
CAPITANIA SECURITIES II FUNDO DE INVESTIMENTO IMOBILIÁRIO;18.979.895/0001-13;Geral;Títulos e valores mobiliários;Títulos e Valores Mobiliários;Fundo de papel;Indeterminado;Ativa;1,05;0,00;356.068;328.558.318;8,87;2,91;0,09;Bilhões;CPTS11
CASTELLO BRANCO OFFICE PARK FUNDO DE INVESTIMENTO IMOBILIÁRIO;17.144.039/0001-85;Geral;Renda;Lajes Corporativas;Fundo de Tijolo;Indeterminado;Passiva;1.05;41,60;2.228;1.414.989;67,55;95,58;0,10;Milhões;CBOP11
SHOPPINGS AAA FDO DE INV IMOB;47.896.665/0001-99;Geral;Renda;Shoppings / Varejo;Fundo de Tijolo;Indeterminado;Ativa;;4,90;22.111;79.699.807;11,71;933,38;0,10;Milhões;CPSH11
BLUEMACAW CATUAÍ TRIPLE A FUNDO DE INVESTIMENTO IMOBILIÁRIO;41.076.748/0001-55;Geral;Híbridos;Lajes Corporativas;Fundo misto;Indeterminado;Ativa;1,15;0,00;461;1.599.989;128,42;205,47;0,85;Milhões;BLCA11
CARTESIA RECEBÍVEIS IMOBILIÁRIOS FUNDO DE INVESTIMENTO IMOBILIÁRIO;32.065.364/0001-46;Geral;Híbridos;Híbrido;Fundo de papel;Indeterminado;Ativa;1,00;0,00;24.418;4.836.313;95,17;460,27;1,35;Milhões;CACR11
FUNDO DE INVESTIMENTO IMOBILIÁRIO - CENESP;13.551.286/0001-45;Geral;Renda;Lajes Corporativas;Fundo de Tijolo;Indeterminado;Ativa;0,30;59,40;90.031;34.134.814;7,57;258,30;0,01;Milhões;CNES11
FUNDO DE INVESTIMENTO IMOBILIÁRIO CENTRO TÊXTIL INTERNACIONAL;00.762.723/0001-28;Geral;Desenvolvimento para renda;Lajes Corporativas;Fundo de Tijolo;Indeterminado;Passiva;0,265;100,00;2.260;4.659.595;21,38;99,61;0,02;Milhões;CTXT11
CF2 FUNDO DE INVESTIMENTO IMOBILIÁRIO;34.508.923/0001-70;fii.QUALIFIED_INVESTOR;Híbridos;Outros;Fundo de desenvolvimento;Indeterminado;Ativa;1;0,00;96;94.589;310,27;29,35;25,80;Milhões;CFHI11
CF3 FUNDO DE INVESTIMENTO IMOBILIÁRIO;41.325.993/0001-59;Investidor Qualificado;Desenvolvimento para venda;Híbrido;Fundo de desenvolvimento;Determinado;Ativa;;0,00;107;126.308;986,35;124,60;3,85;Milhões;CFII11
CLAVE ÍNDICES DE PREÇOS;49.005.348/0001-60;Geral;Títulos e valores mobiliários;Títulos e Valores Mobiliários;Fundo de papel;Indeterminado;Ativa;;0,00;12.385;4.346.752;96,91;421,24;1,00;Milhões;CLIN11
CIDADE JARDIM CONTINENTAL TOWER FUNDO DE INVESTIMENTO IMOBILIÁRIO;10.347.985/0001-80;Investidor Qualificado;Renda;Lajes Corporativas;Fundo de Tijolo;Indeterminado;Passiva;0,70;31,80;873;3.139.989;72,94;229,04;0,20;Milhões;CJCT11
CYRELA DESENVOLVIMENTO LOGÍSTICO FII;43.010.601/0001-98;Investidor Qualificado;Desenvolvimento para venda;Logístico / Indústria / Galpões;Fundo de Tijolo;Determinado;Ativa;;0,00;107;1.241.836;120,48;149,61; 0,00;Milhões;CYLD11
DAMA FUNDO DE INVESTIMENTO IMOBILIÁRIO;53.866.872/0001-01;Geral;Títulos e valores mobiliários;Títulos e Valores Mobiliários;Fundo de papel;Indeterminado;Ativa;;0,00;786;5.537.020;8,40;46,49;0,09;Milhões;DAMA11
ASA RETROFITS I FUNDO DE INVESTIMENTO IMOBILIÁRIO - FII;451.880/3300-01;Investidor Qualificado;Híbridos;Híbrido;Fundo de desenvolvimento;Determinado;Ativa;2,20;0,00;63;3.989;9.713,52;38,85; 0,00;Milhões;ASRF11
CYRELA CRÉDITO - FUNDO DE INVESTIMENTO IMOBILIÁRIO;36.501.233/0001-15;Geral;Títulos e valores mobiliários;Outros;Fundo de papel;Indeterminado;Ativa;1,00;0,00;18.046;36.549.434;9,35;341,69;0,11;Milhões;CYCR11
FUNDO DE INVESTIMENTO IMOBILIÁRIO DE CRI INTEGRAL BREI;40.011.251/0001-96;Geral;Títulos e valores mobiliários;Títulos e Valores Mobiliários;Fundo de papel;Indeterminado;Ativa;1,00;0,00;3.866;958.412;89,55;85,82;0,75;Milhões;IBCR11
DAYCOVAL REAL ESTATE MULTIESTRATÉGIA FII RL;38.293.921/0001-62;Geral;Híbridos;Lajes Corporativas;Fundo de Tijolo;Indeterminado;Ativa;;9,60;770;17.100.927;9,89;169,11;0,03;Milhões;DAYM11
DEVANT RECEBÍVEIS IMOBILIÁRIOS FUNDO DE INVESTIMENTO IMOBILIÁRIO;37.087.810/0001-37;Geral;Títulos e valores mobiliários;Títulos e Valores Mobiliários;Fundo de papel;Indeterminado;Ativa;0,70;0,00;87.034;14.044.897;96,51;1,36;0,34;Bilhão;DEVA11
EQI RECEBÍVEIS IMOBILIÁRIOS FUNDO DE INVESTIMENTO IMOBILIÁRIO;41.076.380/0001-25;Investidor Qualificado;Títulos e valores mobiliários;Títulos e Valores Mobiliários;Outro;Indeterminado;Ativa;1,00;0,00;10.041;10.909.304;9,49;103,51;0,10;Milhões;EQIR11
EUROPA 105 - FUNDO DE INVESTIMENTO IMOBILIÁRIO;31.469.385/0001-64;Investidor Qualificado;Renda;Lajes Corporativas;Fundo de Tijolo;Indeterminado;Passiva;0,17;0,00;616;500.911;159,49;79,89;0,94;Milhões;ERPA11
EVEN II KINEA FUNDO DE INVESTIMENTO IMOBILIÁRIO;32.317.313/0001-64;Investidor Qualificado;Desenvolvimento para venda;Outros;Fundo de desenvolvimento;Determinado;Passiva;1,45;0,00;440;147.689;557,96;82,41;34,53;Milhões;KEVE11
ESTOQUE RESIDENCIAL E COMERCIAL RJ FUNDO DE INVESTIMENTO IMOBILIÁRIO;37.266.902/0001-84;fii.QUALIFIED_INVESTOR;Desenvolvimento para renda;Híbrido;Fundo de Tijolo;Indeterminado;Passive;0,10;0,00;10;2.365;17.505,82;41,59;146,50;Milhões;ERCR11
EXES FUNDO DE INVESTIMENTO IMOBILIÁRIO;41.076.851/0001-03;Investidor Qualificado;Títulos e valores mobiliários;Títulos e Valores Mobiliários;Fundo de papel;Indeterminado;Ativa;;0,00;755;7.105.433;9,65;68,58;0,13;Milhões;EXES11
FARIA LIMA CAPITAL RECEBÍVEIS IMOBILIÁRIOS I - FUNDO DE INVESTIMENTO IMOBILIÁRIO;33.884.145/0001-51;fii.QUALIFIED_INVESTOR;Títulos e valores mobiliários;Títulos e Valores Mobiliários;Fundo de papel;Indeterminado;Ativa;1,00;0,00;3.019;751.833;93,28;70,13;1,05;Milhões;FLCR11
FATOR VERITA FUNDO DE INVESTIMENTO IMOBILIÁRIO;11.664.201/0001-00;Geral;Títulos e valores mobiliários;Títulos e Valores Mobiliários;Fundo de papel;Indeterminado;Ativa;1,0;0,00;111.776;15.592.413;83,41;1,30;0,85;Bilhão;VRTA11
FATOR VERITÀ MULTIESTRATÉGIA;51.870.412/0001-13;Geral;Híbridos;Híbrido;Outro;Indeterminado;Ativa;;0,00;11.689;46.971.234;9,27;435,30;0,09;Milhões;VRTM11
FUNDO DE INVESTIMENTO IMOBILIÁRIO CONTINENTAL SQUARE FARIA LIMA;04.141.645/0001-03;Geral;Renda;Híbrido;Fundo de Tijolo;Indeterminado;Ativa;2;32,05;12.093;1.380.659;220,64;304,63;1,05;Milhões;FLMA11
FII EGDB;53.866.393/0001-87;Geral;Híbridos;Híbrido;Outro;Indeterminado;Ativa;;0,00;2.222;75.721;920,34;69,70; 0,00;Milhões;EGDB11
FUNDO DE INVESTIMENTO IMOBILIÁRIO EUROPAR;05.437.916/0001-27;Geral;Híbridos;Logístico / Indústria / Galpões;Fundo de Tijolo;Indeterminado;Passiva;5,0;0,00;2.060;383.925;329,85;126,64;2,00;Milhões;EURO11
FUNDO DE INVESTIMENTO IMOBILIÁRIO MEMORIAL OFFICE;01.633.741/0001-72;Geral;Renda;Lajes Corporativas;Fundo de Tijolo;Indeterminado;Passiva;5,0;0,00;216;507.997;116,02;58,94;0,41;Milhões;FMOF11
FUNDO DE INVESTIMENTO IMOBILIÁRIO - TORRE ALMIRANTE;07.122.725/0001-00;Geral;Renda;Lajes Corporativas;Fundo de Tijolo;Indeterminado;Passiva;0,383;46,34;1.952;111.166;2.106,20;234,16;4,23;Milhões;ALMI11
FOF JHSF CAPITAL INSTITUCIONAL FII;50.718.976/0001-72;Investidor Qualificado;Títulos e valores mobiliários;Títulos e Valores Mobiliários;Fundo de fundos;Indeterminado;Passiva;;0,00;5;1.317.706;157,63;207,71;0,62;Milhões;JCIN11
FUNDO DE FUNDOS DE INVESTIMENTO IMOBILIÁRIO KINEA FII;30.091.444/0001-40;Geral;Títulos e valores mobiliários;Títulos e Valores Mobiliários;Fundo de fundos;Indeterminado;Ativa;0,92;0,00;29.063;7.014.554;87,15;611,30;0,80;Milhões;KFOF11
FUNDO DE INVESTIMENTO IMOBILIÁRIO - VBI CRI;28.729.197/0001-13;Geral;Títulos e valores mobiliários;Títulos e Valores Mobiliários;Fundo de papel;Indeterminado;Ativa;0,90;0,00;84.167;11.010.217;92,62;1,02;1,05;Bilhão;CVBI11
FUNDO DE INVESTIMENTO IMOBILIÁRIO DEVANT FOF IMOBILIÁRIOS;39.863.059/0001-49;Geral;Títulos e valores mobiliários;Híbrido;Fundo de fundos;Indeterminado;Ativa;0,15;0,00;1.883;11.009.489;8,34;91,87;0,07;Milhões;DVFF11
FUNDO DE INVESTIMENTO IMOBILIÁRIO – CAMPUS FARIA LIMA;11.602.654/0001-01;Geral;Renda;Educacional;Fundo de Tijolo;Indeterminado;Passiva;0,30;0,00;3.054;3.473.999;123,20;428,02;0,89;Milhões;FCFL11
FUNDO DE INVESTIMENTO IMOBILIÁRIO – FII ANHANGUERA EDUCACIONAL;11.179.118/0001-45;Geral;Renda;Outros;Fundo de Tijolo;Indeterminado;Passiva;0,3;0,00;4.163;692.366;221,95;153,67;1,66;Milhões;FAED11
FUNDO DE INVESTIMENTO IMOBILIÁRIO - CYRELA COMMERCIAL PROPERTIES;15.799.397/0001-09;Geral;Renda;Lajes Corporativas;Fundo de Tijolo;Indeterminado;Passiva;0,20;0,00;4.030;1.815.685;72,71;132,03;0,47;Milhões;CEOC11
FUNDO DE INVESTIMENTO IMOBILIÁRIO - EDIFÍCIO ALMIRANTE BARROSO;05.562.312/0001-02;Geral;Renda;Lajes Corporativas;Fundo de Tijolo;Indeterminado;Passiva;2,50;89,31;2.083;122.527;1.835,13;224,87;45,43;Milhões;FAMB11
FUNDO DE INVESTIMENTO IMOBILIÁRIO - EDIFÍCIO GALERIA;15.333.306/0001-37;Geral;Renda;Lajes Corporativas;Fundo de Tijolo;Indeterminado;Passiva;0,20;23,55;3.989;3.812.044;46,71;178,07;0,08;Milhões;EDGA11
FUNDO DE INVESTIMENTO IMOBILIÁRIO - NCH BRASIL RECEBÍVEIS IMOBILIÁRIOS;18.085.673/0001-57;Geral;Títulos e valores mobiliários;Títulos e Valores Mobiliários;Fundo de papel;Indeterminado;Ativa;0,20;0,00;10.871;15.281.377;9,72;148,55;0,10;Milhões;FYTO11
FUNDO DE INVESTIMENTO IMOBILIÁRIO - HOSPITAL DA CRIANÇA;04.066.582/0001-60;Geral;Renda;Hospitalar;Fundo de Tijolo;Indeterminado;Passiva;2,0;0,00;2.991;199.989;325,88;65,18;2,73;Milhões;HCRI11
FUNDO DE INVESTIMENTO IMOBILIÁRIO - HOSPITAL NOSSA SENHORA DE LOURDES;08.014.513/0001-63;Geral;Renda;Hospitalar;Fundo de Tijolo;Indeterminado;Passiva;2,50;0,00;5.422;1.293.275;210,24;271,90;1,61;Milhões;NSLU11
FUNDO DE INVESTIMENTO IMOBILIÁRIO - RBR DESENVOLVIMENTO III;32.441.656/0001-36;Investidor Qualificado;Renda;Híbrido;Fundo de desenvolvimento;Indeterminado;Ativa;0,20;0,00;123;139.654;779,88;108,92;13,00;Milhões;RBRI11
FUNDO DE INVESTIMENTO IMOBILIÁRIO - MAX RETAIL;11.274.415/0001-70;Geral;Renda;Outros;Fundo de Tijolo;Indeterminado;Ativa;0,15;26,00;4.379;1.125.644;102,83;115,76;0,52;Milhões;MAXR11
FUNDO DE INVESTIMENTO IMOBILIÁRIO - PARQUE DOM PEDRO SHOPPING CENTER;10.869.155/0001-12;Geral;Renda;Shoppings / Varejo;Fundo de Tijolo;Indeterminado;Passiva;0,23;2,10;3.300;100.550;3.327,70;334,64;14,32;Milhões;PQDP11
FUNDO DE INVESTIMENTO IMOBILIÁRIO - FII REC RENDA IMOBILIÁRIA;32.274.163/0001-59;Geral;Híbridos;Híbrido;Outro;Indeterminado;Ativa;0,17;9,80;52.764;8.543.482;90,96;777,13;0,37;Milhões;RECT11
FUNDO DE INVESTIMENTO IMOBILIÁRIO - FII REC RECEBÍVEIS IMOBILIÁRIOS;28.152.272/0001-26;fii.GENERAL;Títulos e valores mobiliários;Títulos e Valores Mobiliários;Fundo de papel;Indeterminado;Ativa;0,20;0,00;171.676;26.441.639;88,20;2,33;0,95;Bilhões;RECR11
FUNDO DE INVESTIMENTO IMOBILIÁRIO - RBR RENDIMENTO HIGH GRADE;29.467.977/0001-03;Geral;Títulos e valores mobiliários;Títulos e Valores Mobiliários;Fundo de papel;Indeterminado;Ativa;0,15;0,00;126.279;15.057.190;91,47;1,38;0,95;Bilhão;RBRR11
FUNDO DE INVESTIMENTO IMOBILIÁRIO - TORRE NORTE;04.722.883/0001-02;Geral;Renda;Lajes Corporativas;Fundo de Tijolo;Indeterminado;Passiva;1,50;31,90;530;3.935.551;177,36;698,00;0,07;Milhões;TRNT11
FUNDO DE INVESTIMENTO IMOBILIÁRIO CAIXA AGÊNCIAS;40.189.596/0001-34;Geral;Renda;Agências bancárias;Fundo de Tijolo;Indeterminado;Passiva;0,58;0,00;11.876;2.090.610;110,46;230,92;0,70;Milhões;CXAG11
FUNDO DE INVESTIMENTO IMOBILIÁRIO CAIXA CEDAE;10.991.914/0001-15;Geral;Renda;Lajes Corporativas;Fundo de Tijolo;Indeterminado;Passiva;5,0;0,00;3.082;1.712.939;63,46;108,70;0,46;Milhões;CXCE11
FUNDO DE INVESTIMENTO IMOBILIÁRIO CAIXA CARTEIRA IMOBILIÁRIA;42.066.916/0001-94;Geral;Títulos e valores mobiliários;Fundo de Fundos;Fundo de fundos;Indeterminado;Ativa;;0,00;5.434;2.057.715;83,34;171,50;0,75;Milhões;CXCI11
FUNDO DE INVESTIMENTO IMOBILIÁRIO CAIXA SEQ LOGÍSTICA RENDA;12.887.506/0001-43;Geral;Renda;Logístico / Indústria / Galpões;Fundo de Tijolo;Indeterminado;Passiva;0,41;0,00;628;53.586;402.503,68;21,57;0,65;Bilhões;CXTL11
FUNDO DE INVESTIMENTO IMOBILIÁRIO EDIFÍCIO OUROINVEST;06.175.262/0001-73;Geral;Renda;Lajes Corporativas;Fundo de Tijolo;Indeterminado;Passiva;0,30;28,27;479;235.989;210,53;49,69;0,70;Milhões;EDFO11
FUNDO DE INVESTIMENTO IMOBILIÁRIO - NOVO HORIZONTE;17.025.970/0001-44;Investidor Qualificado;Desenvolvimento para renda;Hospitalar;Fundo de Tijolo;Indeterminado;Ativa;0,10;0,00;1.820;41.494.522;16,61;689,43;0,09;Milhões;NVHO11
FUNDO DE INVESTIMENTO IMOBILIÁRIO DEVELOPMENT V1;40.102.445/0001-05;Investidor Qualificado;Híbridos;Híbrido;Fundo de papel;Indeterminado;Ativa;;0,00;96;66.800;1.092,18;72,97; 0,00;Milhões;LKDV11
FUNDO DE INVESTIMENTO IMOBILIARIO GREEN TOWERS;23.740.527/0001-58;Geral;Renda;Lajes Corporativas;Fundo de Tijolo;Indeterminado;Ativa;0,25;0,00;35.634;11.999.989;99,78;1,20;0,90;Bilhão;GTWR11
HBC RENDA URBANA FUNDO DE INVESTIMENTO IMOBILIÁRIO;36.501.159/0001-37;fii.GENERAL;Desenvolvimento para renda;Lajes Corporativas;Fundo misto;Indeterminado;Ativa;0,18;0,00;31;1.599.989;124,47;199,16;0,57;Milhões;HBCR11
FUNDO DE INVESTIMENTO IMOBILIÁRIO HOSPITAL UNIMED SUL CAPIXABA;28.851.767/0001-43;Geral;Desenvolvimento para renda;Hospitalar;Fundo de Tijolo;Indeterminado;Passiva;0,35;0,00;747;850.810;149,08;126,84;0,86;Milhões;HUSC11
FUNDO DE INVESTIMENTO IMOBILIÁRIO HOUSI;34.081.631/0001-02;Geral;Híbridos;Híbrido;Fundo de Tijolo;Indeterminado;Ativa;0,30;9,60;1.152;573.439;90,37;51,82;0,63;Milhões;HOSI11
FUNDO DE INVESTIMENTO IMOBILIARIO INDUSTRIAL DO BRASIL;14.217.108/0001-45;Geral;Híbridos;Logístico / Indústria / Galpões;Fundo de Tijolo;Indeterminado;Passiva;3;1,05;15.320;684.989;475,49;325,71;3,58;Milhões;FIIB11
FUNDO DE INVESTIMENTO IMOBILIÁRIO IRIDIUM RECEBÍVEIS IMOBILIÁRIOS;28.830.325/0001-10;Geral;Títulos e valores mobiliários;Títulos e Valores Mobiliários;Fundo de papel;Indeterminado;Ativa;0,17;0,00;272.429;36.433.816;81,21;2,96;0,78;Bilhões;IRDM11
FUNDO DE INVESTIMENTO IMOBILIÁRIO MAUÁ CAPITAL RECEBÍVEIS IMOBILIÁRIOS;23.648.935/0001-84;Geral;Títulos e valores mobiliários;Títulos e Valores Mobiliários;Fundo de papel;Indeterminado;Ativa;0,20;0,00;108.378;16.960.013;93,12;1,58;1,00;Bilhão;MCCI11
FUNDO DE INVESTIMENTO IMOBILIÁRIO OURINVEST LOGÍSTICA;13.974.819/0001-00;Geral;Renda;Logístico / Indústria / Galpões;Fundo de Tijolo;Indeterminado;Ativa;1,00;0,00;3.450;2.481.272;61,67;153,01;0,02;Milhões;OULG11
FUNDO DE INVESTIMENTO IMOBILIÁRIO PEDRA NEGRA RENDA IMOBILIÁRIA;17.161.979/0001-82;Geral;Renda;Lajes Corporativas;Fundo de Tijolo;Indeterminado;Ativa;2;2,10;147;3.043.436;208,77;635,40;4,83;Milhões;FPNG11
FUNDO DE INV IMOB RBR CRÉD PULVERIZADO RESP LTDA;53.018.363/0001-10;Geral;Títulos e valores mobiliários;Títulos e Valores Mobiliários;Fundo de papel;Indeterminado;Ativa;;0,00;950;12.000.229;9,85;118,19;0,10;Milhões;PULV11
FUNDO DE INVESTIMENTO IMOBILIÁRIO POLO SHOPPING INDAIATUBA;14.721.889/0001-00;Geral;Renda;Shoppings / Varejo;Fundo de Tijolo;Indeterminado;Passiva;0,15;0,00;118;8.071.886;30,72;248,01;0,24;Milhões;VPSI11
FUNDO DE INVESTIMENTO IMOBILIÁRIO REC LOGÍSTICA;37.112.770/0001-36;Geral;Híbridos;Híbrido;Fundo de Tijolo;Indeterminado;Ativa;0,175;3,00;4.187;1.334.551;84,06;112,19;0,80;Milhões;RELG11
FUNDO DE INVESTIMENTO IMOBILIÁRIO RBR PROPERTIES;21.408.063/0001-51;Geral;Renda;Outros;Fundo de Tijolo;Indeterminado;Ativa;0,12;6,63;62.736;12.179.175;76,53;932,08;0,40;Milhões;RBRP11
FUNDO DE INVESTIMENTO IMOBILIÁRIO RIZA TERRAX;36.501.128/0001-86;Geral;Renda;Híbrido;Outro;Indeterminado;Ativa;1,25;0,00;144.984;18.851.709;96,13;1,81;1,00;Bilhão;RZTR11
FUNDO DE INVESTIMENTO IMOBILIÁRIO RBR PRIVATE CRÉDITO IMOBILIÁRIO;30.166.700/0001-11;Geral;Títulos e valores mobiliários;Títulos e Valores Mobiliários;Fundo de papel;Indeterminado;Ativa;0,20;0,00;60.354;12.769.501;97,74;1,25;1,18;Bilhão;RBRY11
FUNDO DE INVESTIMENTO IMOBILIÁRIO ROOFTOP I;38.456.598/0001-09;Investidor Qualificado;Desenvolvimento para venda;Outros;Fundo de desenvolvimento;Determinado;Ativa;0,30;0,00;76;77.484;408,71;31,67;41,72;Milhões;ROOF11
FUNDO DE INVESTIMENTO IMOBILIÁRIO SMART REAL ESTATE – FII RESPONSABILIDADE LIMITADA;53.730.029/0001-95;Investidor Qualificado;Híbridos;Outros;Outro;Indeterminado;Ativa;0,22;0,00;1.417;1.044.484;101,31;105,82;1,02;Milhões;SMRE11
FUNDO DE INVESTIMENTO IMOBILIÁRIO SC 401;12.804.013/0001-00;Geral;Renda;Lajes Corporativas;Fundo de Tijolo;Indeterminado;Ativa;3,6;7,10;215;1.699.985;113,79;193,44;0,53;Milhões;FISC11
FUNDO DE INVESTIMENTO IMOBILIÁRIO VIDA NOVA;17.854.016/0001-64;fii.GENERAL;Renda;Shoppings / Varejo;Fundo de Tijolo;Indeterminado;Passive;;56,00;3.972;9.412.619;5,89;55,40; 0,00;Milhões;FIVN11
FUNDO DE INVESTIMENTO IMOBILIÁRIO BARIGUI RENDIMENTOS IMOBILIÁRIOS I;29.267.567/0001-00;fii.GENERAL;Títulos e valores mobiliários;Títulos e Valores Mobiliários;Fundo de papel;Indeterminado;Ativa;1,305;0,00;31.739;4.634.180;88,53;410,28;0,76;Milhões;BARI11
FUNDO DE INVESTIMENTO IMOBILIÁRIO - VBI PRIME PROPERTIES;35.652.102/0001-76;Geral;Renda;Lajes Corporativas;Fundo de Tijolo;Indeterminado;Ativa;1,0;20,90;160.154;27.130.056;107,82;2,93;0,45;Bilhões;PVBI11
FUNDO DE INVESTIMENTO IMOBILIÁRIO VBI LOGÍSTICO;30.629.603/0001-18;Geral;Renda;Logístico / Indústria / Galpões;Fundo de Tijolo;Indeterminado;Ativa;1,30;10,70;132.361;16.118.554;117,65;1,90;0,75;Bilhão;LVBI11
FUNDO DE INVESTIMENTO IMOBILIARIO TG ATIVO REAL;25.032.881/0001-53;Geral;Híbridos;Híbrido;Fundo de desenvolvimento;Indeterminado;Ativa;1,50;0,00;155.950;23.567.957;110,24;2,60;1,00;Bilhões;TGAR11
FUNDO DE INVESTIMENTO IMOBILIÁRIO VOTORANTIM LOGÍSTICA;27.368.600/0001-63;Geral;Renda;Logístico / Indústria / Galpões;Fundo de Tijolo;Indeterminado;Ativa;0,95;0,00;5.747;2.114.989;103,86;219,66;1,03;Milhões;VTLT11
FUNDO DE INVESTIMENTO IMOBILIÁRIO VOTORANTIM SHOPPING;23.740.595/0001-17;Geral;Renda;Shoppings / Varejo;Fundo de Tijolo;Indeterminado;Ativa;0,75;5,10;3.197;2.098.789;115,50;242,41;0,47;Milhões;VSHO11
FUNDO DE INVESTIMENTO IMOBILIÁRIO TOURMALET V - ED. CIDADE NOVA;34.197.700/0001-30;Investidor Qualificado;Renda;Lajes Corporativas;Fundo de Tijolo;Indeterminado;Ativa;0,25;0,00;101;851.387;64,64;55,03; 0,00;Milhões;TCIN11
Galapagos Desenvolvimento Logistico Fundo de Investimento Imobiliario Responsabilidade Limitada;56.061.587/0001-01;Geral;Renda;Logístico / Indústria / Galpões;Outro;Determinado;Ativa;;0,00;1.968;369.900;110,70;40,95; 0,00;Milhões;GCDL11
GAZIT MALLS FUNDO DE INVESTIMENTO IMOBILIÁRIO;15.447.108/0001-02;Investidor Qualificado;Híbridos;Híbrido;Fundo misto;Indeterminado;Ativa;;6,50;7.209;21.841.220;90,62;1,98;0,78;Bilhão;GZIT11
GALAPAGOS RECEBÍVEIS IMOBILIÁRIOS - FUNDO DE INVESTIMENTO IMOBILIÁRIO;38.293.897/0001-61;Geral;Títulos e valores mobiliários;Títulos e Valores Mobiliários;Fundo de papel;Indeterminado;Ativa;1,00;0,00;4.373;1.453.848;89,63;130,31;0,85;Milhões;GCRI11
GENERAL SHOP E OUTLETS DO BRASIL FUNDO DE INVESTIMENTO IMOBILIÁRIO;11.769.604/0001-13;Geral;Renda;Shoppings / Varejo;Fundo de Tijolo;Indeterminado;Passiva;1,05;10,40;6.402;96.106.655;13,11;1,26; 0,00;Bilhão;GSFI11
GENERAL SHOPPING ATIVO E RENDA FUNDO DE INVESTIMENTO IMOBILIÁRIO;17.590.518/0001-25;Geral;Desenvolvimento para venda;Shoppings / Varejo;Fundo de Tijolo;Indeterminado;Passiva;0,20;8,00;11.971;2.849.989;76,27;217,38;0,48;Milhões;FIGS11
PLURAL LOGÍSTICA FDO. INV. IMOB.;36.501.198/0001-34;Geral;Renda;Logístico / Indústria / Galpões;Fundo de Tijolo;Indeterminado;Ativa;0,7;0,00;1.962;749.989;108,72;81,54;0,41;Milhões;GLOG11
VX XVI - FUNDO DE INVESTIMENTO IMOBILIÁRIO;30.982.974/0001-89;Investidor Qualificado;Renda;Outros;Fundo de desenvolvimento;Indeterminado;Ativa;0,35;0,00;13;276.435;614,42;169,85;93,02;Milhões;VXXV11
FUNDO DE INVESTIMENTO IMOBILIÁRIO GRAND PLAZA SHOPPING;01.201.140/0001-90;Geral;Renda;Shoppings / Varejo;Fundo de Tijolo;Indeterminado;Passiva;0,1;2,40;14.879;4.709.071;106,95;503,64;0,50;Milhões;ABCP11
FUNDO DE INVESTIMENTO IMOBILIÁRIO GUARDIAN MULTIESTRATÉGIA I;41.269.052/0001-45;Geral;Títulos e valores mobiliários;Outros;Fundo de papel;Indeterminado;Ativa;1,10;0,00;21.859;21.697.666;9,31;201,97;0,10;Milhões;GAME11
GGR COVEPI RENDA FUNDO DE INVESTIMENTO IMOBILIÁRIO;26.614.291/0001-00;Geral;Híbridos;Logístico / Indústria / Galpões;Fundo de Tijolo;Indeterminado;Ativa;1,10;1,40;185.949;152.455.655;11,05;1,69;0,10;Bilhão;GGRC11
HABITAT II - FUNDO DE INVESTIMENTO IMOBILIÁRIO;30.578.417/0001-05;Geral;Títulos e valores mobiliários;Títulos e Valores Mobiliários;Fundo de papel;Indeterminado;Ativa;0,20;0,00;61.297;8.126.772;93,72;761,61;1,05;Milhões;HABT11
FUND. DE INVEST. IMOBILIÁRIO GUARDIAN REAL ESTATE;37.295.919/0001-60;Geral;Híbridos;Híbrido;Fundo de Tijolo;Indeterminado;Ativa;0,94;0,00;390.197;147.458.212;8,99;1,33;0,08;Bilhão;GARE11
HECTARE CE - FUNDOS INVESTIMENTO IMOBILIÁRIOS;30.248.180/0001-96;Geral;Títulos e valores mobiliários;Títulos e Valores Mobiliários;Fundo de papel;Indeterminado;Ativa;0,21;0,00;139.136;22.084.191;103,92;2,29;0,30;Bilhões;HCTR11
HEDGE AAA FUNDO DE INVESTIMENTO IMOBILIÁRIO;27.445.482/0001-40;fii.GENERAL;Renda;Lajes Corporativas;Fundo de Tijolo;Indeterminado;Ativa;0,60;17,00;220;3.454.989;66,50;229,76;0,08;Milhões;HAAA11
HEDGE BRASIL LOGÍSTICO IND FUND INV IMOB RESP LIM;53.466.467/0001-98;fii.QUALIFIED_INVESTOR;Renda;Logístico / Indústria / Galpões;Fundo de Tijolo;Indeterminado;Ativa;;0,00;4.700;25.135.494;9,41;236,58;0,07;Milhões;HGBL11
HECTARE RECEBÍVEIS HIGH GRADE FUNDO DE INVESTIMENTO IMOBILIÁRIO;34.508.959/0001-54;Geral;Títulos e valores mobiliários;Outros;Fundo de papel;Indeterminado;Ativa;0,20;0,00;605;1.199.989;93,52;112,22;0,65;Milhões;HCHG11
HEDGE BRASIL SHOPPING FUNDO DE INVESTIMENTO IMOBILIÁRIO;08.431.747/0001-06;Geral;Renda;Shoppings / Varejo;Fundo de Tijolo;Indeterminado;Ativa;0,60;4,90;131.851;129.132.999;21,57;2,79;0,15;Bilhões;HGBS11
FUNDO DE INVESTIMENTO IMOBILIÁRIO - FLORIPA SHOPPING;10.375.382/0001-91;fii.GENERAL;Renda;Shoppings / Varejo;Fundo de Tijolo;Indeterminado;Passive;9,0;1,60;1.561;7.399.989;20,33;150,43;0,14;Milhões;FLRP11
HEDGE DESENVOLVIMENTO LOGÍSTICO FII;44.514.162/0001-13;Investidor Qualificado;Desenvolvimento para venda;Logístico / Indústria / Galpões;Fundo de Tijolo;Determinado;Passiva;;0,00;103;839.989;105,86;88,92;11,60;Milhões;HDEL11
HEDGE LOGÍSTICA FUNDO DE INVESTIMENTO IMOBILIÁRIO;27.486.542/0001-72;Geral;Renda;Logístico / Indústria / Galpões;Fundo de Tijolo;Indeterminado;Ativa;0,7;0,00;3.782;42.499.989;11,04;469,09;0,07;Milhões;HLOG11
HEDGE DESENVOLVIMENTO LOGÍSTICO FUNDO DE INVESTIMENTO IMOBILIÁRIO;35.688.460/0001-39;Investidor Qualificado;Desenvolvimento para venda;Lajes Corporativas;Fundo de desenvolvimento;Determinado;Ativa;0,85;0,00;113;3.369.989;95,45;321,68; 0,00;Milhões;HDOF11
HEDGE OFFICE INCOME FUNDO DE INVESTIMENTO IMOBILIÁRIO;31.894.369/0001-19;fii.GENERAL;Renda;Lajes Corporativas;Fundo de Tijolo;Indeterminado;Ativa;0,80;52,00;5.092;3.778.990;56,95;215,22;0,21;Milhões;HOFC11
HEDGE SEED FUNDO DE INVESTIMENTO IMOBILIÁRIO;35.689.497/0001-81;Investidor Qualificado;Híbridos;Híbrido;Outro;Determinado;Ativa;;0,00;126;1.639.989;89,24;146,35;0,83;Milhões;SEED11
HEDGE SHOPPING PARQUE DOM PEDRO FUNDO DE INVESTIMENTO IMOBILIÁRIO;35.586.415/0001-73;Geral;Renda;Shoppings / Varejo;Fundo de Tijolo;Indeterminado;Passiva;0,50;3,10;353;3.287.989;92,53;304,24;0,56;Milhões;HPDP11
HEDGE RECEBÍVEIS FUNDO DE INVESTIMENTO IMOBILIÁRIO;35.507.262/0001-21;Geral;Títulos e valores mobiliários;Títulos e Valores Mobiliários;Fundo de papel;Indeterminado;Ativa;0,70;0,00;2.577;51.685.906;8,66;447,49;0,09;Milhões;HREC11
HEDGE TOP FOFII 3 FUNDO DE INVESTIMENTO IMOBILIÁRIO;18.307.582/0001-19;Geral;Títulos e valores mobiliários;Títulos e Valores Mobiliários;Fundo de fundos;Indeterminado;Ativa;0,60;0,00;74.867;230.459.989;7,25;1,67;0,06;Bilhão;HFOF11
FUNDOS INVESTIMENTO IMOBILÍARIOS FII HOTEL MAXINVEST;08.706.065/0001-69;Geral;Renda;Hotéis;Fundo de Tijolo;Indeterminado;Ativa;0,50;32,00;37.023;2.888.083;144,46;417,22;1,05;Milhões;HTMX11
HGI CRÉDITOS IMOBILIÁRIOS FUNDO DE INVESTIMENTO IMOBILIÁRIO;38.456.508/0001-71;Geral;Títulos e valores mobiliários;Títulos e Valores Mobiliários;Fundo de papel;Indeterminado;Ativa;0,75;0,00;607;462.695;110,53;51,14;0,80;Milhões;HGIC11
HSI ATIVOS FINANCEIROS - FUNDO DE INVESTIMENTO IMOBILIÁRIO;35.360.687/0001-50;Geral;Títulos e valores mobiliários;Títulos e Valores Mobiliários;Fundo de papel;Indeterminado;Ativa;1,00;0,00;8.684;2.526.349;87,95;222,19;0,95;Milhões;HSAF11
HSI LOGÍSTICA FUNDO DE INVESTIMENTO IMOBILIÁRIO;32.903.621/0001-71;fii.GENERAL;Renda;Logístico / Indústria / Galpões;Fundo de Tijolo;Indeterminado;Ativa;0,95;0,00;40.731;12.660.056;110,21;1,40;0,67;Bilhão;HSLG11
HSI MALLS FUNDO DE INVESTIMENTO IMOBILIÁRIO;32.892.018/0001-31;Geral;Renda;Shoppings / Varejo;Fundo de Tijolo;Indeterminado;Ativa;1,20;4,30;186.022;20.808.561;104,63;2,18;0,67;Bilhões;HSML11
HSI RENDA IMOBILIÁRIA FUNDO DE INVESTIMENTO IMOBILIÁRIO;08.098.114/0001-28;Geral;Renda;Híbrido;Fundo misto;Indeterminado;Ativa;0,90;4,20;368;8.898.713;89,52;796,63;0,85;Milhões;HSRE11
Icatu Vanguarda GRU Logístico;54.483.412/0001-59;Geral;Renda;Logístico / Indústria / Galpões;Fundo de Tijolo;Indeterminado;Ativa;;0,00;5.258;24.699.989;9,58;236,63;0,08;Milhões;GRUL11
INTER LOGÍSTICO  FUNDO DE INVESTIMENTO IMOBILIÁRIO – FII;34.598.181/0001-11;Geral;Renda;Logístico / Indústria / Galpões;Fundo de Tijolo;Indeterminado;Ativa;0,31;0,30;17.651;4.512.092;100,26;452,38;0,76;Milhões;INLG11
JFDCAM FUNDO DE INVESTIMENTO IMOBILIÁRIO;15.489.509/0001-17;Investidor Qualificado;Renda;Híbrido;Fundo misto;Indeterminado;Ativa;;0,00;91;4.876.118;163,89;799,15;0,82;Milhões;VJFD11
JFL LIVING FI IMOBILIÁRIO CLASSE UNICA;36.501.181/0001-87;Geral;Renda;Outros;Fundo de Tijolo;Indeterminado;Ativa;1,15;31,00;2.549;1.500.587;107,42;161,19;0,40;Milhões;JFLL11
JS ATIVOS FINANCEIROS FUNDO DE INVESTIMENTO IMOBILIÁRIO;42.085.661/0001-07;Geral;Títulos e valores mobiliários;Títulos e Valores Mobiliários;Fundo de papel;Indeterminado;Ativa;1,00;0,00;22.040;77.523.279;8,94;692,92;0,09;Milhões;JSAF11
JPP ALLOCATION MOGNO - FUNDO DE INVESTIMENTO IMOBILIÁRIO;30.982.880/0001-00;fii.GENERAL;Títulos e valores mobiliários;Híbrido;Fundo de papel;Indeterminado;Ativa;0,65;0,00;6.668;904.039;96,95;87,65;1,06;Milhões;JPPA11
JS REAL ESTATE MULTIGESTÃO - FII;13.371.132/0001-71;Geral;Híbridos;Híbrido;Outro;Indeterminado;Ativa;1;4,50;87.360;20.767.317;101,94;2,12;0,48;Bilhões;JSRE11
KINEA CREDITAS FUNDO DE INVESTIMENTO IMOBILIÁRIO;42.502.802/0001-40;Geral;Renda;Títulos e Valores Mobiliários;Fundo de papel;Indeterminado;Ativa;;0,00;15.726;35.999.989;9,36;336,94;0,09;Milhões;KCRE11
KINEA HIGH YIELD CRI FUNDO DE INVESTIMENTO IMOBILIÁRIO;30.130.708/0001-28;Investidor Qualificado;Títulos e valores mobiliários;Títulos e Valores Mobiliários;Fundo de papel;Indeterminado;Ativa;1,60;0,00;25.791;28.169.496;98,09;2,76;1,30;Bilhões;KNHY11
KINEA INDICES DE PRECOS FUNDO DE INVESTIMENTO IMOBILIARIO - FII;24.960.430/0001-13;Investidor Qualificado;Títulos e valores mobiliários;Títulos e Valores Mobiliários;Fundo de papel;Indeterminado;Ativa;1,00 ;0,00;72.629;80.078.175;90,83;7,27;0,70;Bilhões;KNIP11
KINEA RENDA IMOBILIÁRIA FDO INV IMOB - FII;12.005.956/0001-65;Geral;Renda;Híbrido;Fundo de Tijolo;Indeterminado;Ativa;1,25;4,35;298.819;28.204.036;163,04;4,60;1,00;Bilhões;KNRI11
KINEA SECURITIES FUNDO DE INVESTIMENTO IMOBILIÁRIO;35.864.448/0001-38;Geral;Títulos e valores mobiliários;Títulos e Valores Mobiliários;Fundo de papel;Indeterminado;Ativa;1,20;0,00;222.338;202.202.374;8,73;1,77;0,09;Bilhão;KNSC11
LAGO DA PEDRA - FUNDO DE INVESTIMENTO IMOBILIÁRIO;37.262.752/0001-30;Investidor Qualificado;Desenvolvimento para venda;Outros;Outro;Indeterminado;Ativa;0,10;0,00;11;580.499;453,84;263,46;4,96;Milhões;LPLP11
KINEA RENDIMENTOS IMOBILIARIOS FUNDO DE INVESTIMENTO IMOBILIARIO - FII;16.706.958/0001-32;Geral;Títulos e valores mobiliários;Títulos e Valores Mobiliários;Fundo de papel;Indeterminado;Ativa;1,00 ;0,00;424.320;76.509.713;101,88;7,80;1,35;Bilhões;KNCR11
FUNDO DE INVESTIMENTO IMOBILIÁRIO LEBLON REALTY DESENVOLVIMENTO I;41.088.534/0001-07;Investidor Qualificado;Híbridos;Híbrido;Fundo de desenvolvimento;Indeterminado;Ativa;;0,00;95;370.233;80,38;29,76; 0,00;Milhões;LRDI11
LEGATUS SHOPPINGS FUNDO DE INVESTIMENTO IMOBILIÁRIO;30.248.158/0001-46;Geral;Desenvolvimento para renda;Shoppings / Varejo;Fundo de Tijolo;Indeterminado;Ativa;1,10;4,30;416;2.940.287;135,04;397,05;0,75;Milhões;LASC11
Life Capital Partners Fund de Investimento Imob;39.753.295/0001-02;Geral;Híbridos;Outros;Outro;Indeterminado;Ativa;;0,00;17.646;37.901.296;9,98;378,07;0,12;Milhões;LIFE11
LOFT II FUNDO DE INVESTIMENTO IMOBILIÁRIO;24.796.967/0001-90;Investidor Qualificado;Híbridos;Outros;Fundo de papel;Indeterminado;Ativa;0,20;0,00;747;664.989;56,89;37,83;3,67;Milhões;LFTT11
MANATÍ CAPITAL HEDGE FUND FUNDO DE INVESTIMENTO IMOBILIÁRIO;42.888.583/0001-89;Geral;Títulos e valores mobiliários;Títulos e Valores Mobiliários;Outro;Indeterminado;Ativa;1,00;0,00;28.034;37.536.129;9,24;346,97;0,11;Milhões;MANA11
MAUÁ CAPITAL LOGÍSTICA FUNDO DE INVESTIMENTO IMOB;57.466.934/0001-30;Geral;Títulos e valores mobiliários;Logístico / Indústria / Galpões;Outro;Determinado;Ativa;;0,00;197;124.642.849;13,77;1,72;0,08;Bilhão;MCLO11
MAUÁ CAPITAL REAL ESTATE FUNDO DE INVESTIMENTO IMOBILIÁRIO;36.655.973/0001-06;Geral;Títulos e valores mobiliários;Títulos e Valores Mobiliários;Fundo de papel;Indeterminado;Ativa;1,05;0,00;100.276;111.598.910;9,64;1,08;0,11;Bilhão;MCRE11
MÉRITO CEMITÉRIOS FII - FDO DE INV IMOB;46.157.247/0001-17;Geral;Híbridos;Outros;Outro;Indeterminado;Ativa;;0,00;178;2.959.866;34,75;102,87;0,67;Milhões;MCEM11
MAXI RENDA FUNDO DE INVESTIMENTO IMOBILIÁRIO;97.521.225/0001-25;Geral;Híbridos;Híbrido;Fundo de papel;Indeterminado;Ativa;0,90;0,00;1.321.790;437.325.286;9,42;4,12;0,10;Bilhões;MXRF11
FUNDO DE INVESTIMENTO IMOBILIÁRIO MOGNO HOTÉIS;34.197.776/0001-65;fii.QUALIFIED_INVESTOR;Renda;Hotéis;Fundo de Tijolo;Indeterminado;Ativa;0,85;0,00;4.303;1.313.773;27,15;35,67;0,13;Milhões;MGHT11
NAVI IMOBILIÁRIO TOTAL RETURN FUNDO DE INVESTIMENTO IMOBILIÁRIO;35.652.252/0001-80;Geral;Renda;Títulos e Valores Mobiliários;Fundo de papel;Indeterminado;Ativa;1,0;0,00;2.609;612.271;85,45;52,32;0,75;Milhões;NAVT11
NAVI RESIDENCIAL FUNDO DE INVESTIMENTO IMOBILIÁRIO;42.432.327/0001-82;Geral;Híbridos;Híbrido;Fundo de Tijolo;Indeterminado;Ativa;1,35;20,00;8.325;4.612.216;9,80;45,19;0,09;Milhões;APTO11
NEWPORT RENDA URBANA FUNDO DE INVESTIMENTO IMOBILIÁRIO;14.793.782/0001-78;Geral;Renda;Lajes Corporativas;Fundo de Tijolo;Indeterminado;Ativa;0,48;31,54;1.111;741.989;83,78;62,16;0,20;Milhões;NEWU11
NEWPORT LOGÍSTICA FUNDO DE INVESTIMENTO IMOBILIÁRIO;32.527.626/0001-47;Geral;Híbridos;Híbrido;Fundo de Tijolo;Indeterminado;Ativa;0,95;0,00;9.956;2.810.182;128,24;360,39;0,95;Milhões;NEWL11
OCTO FDO DE INV IMOB;44.680.435/0001-08;Geral;Títulos e valores mobiliários;Títulos e Valores Mobiliários;Fundo misto;Indeterminado;Ativa;;0,00;473;422.975;86,95;36,78;0,66;Milhões;OCRE11
ONDA DESENVOLVIMENTO IMOBILIÁRIO FUNDO DE INVESTIMENTO IMOBILIÁRIO;52.966.340/0001-75;Geral;Híbridos;Híbrido;Fundo de desenvolvimento;Indeterminado;Ativa;15.000,00 ao mês ou 0,15;0,00;215;1.009.606;12,03;12,14;0,13;Milhões;ONDV11
FUNDO DE INVESTIMENTO IMOBILIÁRIO PANORAMA DESENVOLVIMENTO LOGÍSTICO;37.899.400/0001-90;Investidor Qualificado;Híbridos;Outros;Fundo de desenvolvimento;Determinado;Ativa;1,50;10,60;51;144.321;1.061,02;153,14;3,41;Milhões;PNDL11
OURINVEST JPP FUNDO DE INVESTIMENTO IMOBILIÁRIO;26.091.656/0001-50;Geral;Títulos e valores mobiliários;Híbrido;Fundo de papel;Indeterminado;Ativa;1,05;0,00;25.260;3.252.373;99,97;325,13;1,00;Milhões;OUJP11
PÁTRIA EDIFÍCIOS CORPORATIVOS FUNDO DE INVESTIMENTO IMOBILIÁRIO;30.048.651/0001-12;fii.GENERAL;Renda;Lajes Corporativas;Fundo de Tijolo;Indeterminado;Ativa;1,175;34,70;5.278;3.477.423;41,21;143,29;0,05;Milhões;PATC11
PARQUE ANHANGUERA FUNDO DE INVESTIMENTO IMOBILIÁRIO;12.978.943/0001-72;Geral;Desenvolvimento para renda;Logístico / Indústria / Galpões;Fundo de Tijolo;Indeterminado;Ativa;0,2;0,00;465;13.991.879;55,36;774,66;0,47;Milhões;PQAG11
PÁTRIA LOGÍSTICA FUNDO DE INVESTIMENTO IMOBILIÁRIO;35.754.164/0001-99;Geral;Desenvolvimento para renda;Logístico / Indústria / Galpões;Fundo de Tijolo;Indeterminado;Ativa;0,73;8,80;25.722;4.991.524;96,57;482,04;0,57;Milhões;PATL11
CSHG PRIME OFFICES - FUNDO DE INVESTIMENTO IMOBILIÁRIO;11.260.134/0001-68;Geral;Renda;Lajes Corporativas;Fundo de Tijolo;Indeterminado;Passiva;0,625;0,00;10.114;1.753.046;141,91;248,77;130,40;Milhões;HGPO11
VECTIS RENDA RESIDENCIAL FUNDO DE INVESTIMENTO IMOBILIÁRIO;40.041.723/0001-53;fii.GENERAL;Renda;Outros;Fundo de Tijolo;Indeterminado;Ativa;0,80;19,00;3.585;1.999.989;126,69;253,39;0,50;Milhões;VCRR11
CSHG RECEBÍVEIS IMOBILIÁRIOS - FUNDO DE INVESTIMENTO IMOBILIÁRIO;11.160.521/0001-22;Geral;Títulos e valores mobiliários;Títulos e Valores Mobiliários;Fundo de papel;Indeterminado;Ativa;0,80;0,00;100.481;15.418.095;96,60;1,49;1,05;Bilhão;HGCR11
CSHG RENDA URBANA - FUNDO DE INVESTIMENTO IMOBILIÁRIO;29.641.226/0001-53;Geral;Renda;Híbrido;Fundo misto;Indeterminado;Ativa;0,90;0,80;221.408;23.238.013;127,47;2,96;0,95;Bilhões;HGRU11
PERFORMA REAL ESTATE FUNDO DE INVESTIMENTO IMOBILIÁRIO;34.736.510/0001-43;Investidor Qualificado;Títulos e valores mobiliários;Outros;Fundo de papel;Indeterminado;Ativa;0,10;0,00;288;551.989;61,30;33,84;0,69;Milhões;PEMA11
POLO FUNDO DE INVESTIMENTO IMOBILIÁRIO - RECEBÍVEIS IMOBILIÁRIOS II;17.156.502/0001-09;Geral;Títulos e valores mobiliários;Títulos e Valores Mobiliários;Fundo de papel;Indeterminado;Ativa;0,90;0,00;44.848;37.283.739;9,57;356,95;0,10;Milhões;PORD11
FUNDO DE INVESTIMENTO IMOBILIÁRIO PLURAL RECEBÍVEIS;32.527.683/0001-26;Geral;Títulos e valores mobiliários;Títulos e Valores Mobiliários;Fundo de papel;Indeterminado;Ativa;1,20;0,00;14.030;2.109.158;91,08;192,11;0,80;Milhões;PLCR11
FUNDO DE INVESTIMENTO IMOBILIÁRIO - PRESIDENTE VARGAS;11.281.322/0001-72;Geral;Renda;Lajes Corporativas;Fundo de Tijolo;Indeterminado;Passiva;0,375;100,00;820;230.063;140,39;32,30;14,10;Milhões;PRSV11
POLO FUNDO DE INVESTIMENTO IMOBILIÁRIO - RECEBÍVEIS IMOBILIÁRIOS I;14.080.689/0001-16;Investidor Qualificado;Títulos e valores mobiliários;Títulos e Valores Mobiliários;Fundo de papel;Indeterminado;Ativa;1,00;0,00;869;954.293;14,70;14,03;1,36;Milhões;PLRI11
Raizz Renda Logística;35.652.278/0001-28;Investidor Qualificado;Renda;Logístico / Indústria / Galpões;Fundo de Tijolo;Indeterminado;Passiva;0,20;0,00;432;4.813.161;166,30;800,42;1,20;Milhões;RZZR11
RB CAPITAL DESENVOLVIMENTO RESIDENCIAL III FUNDO DE INVESTIMENTO IMOBILIÁRIO;19.249.989/0001-08;Investidor Qualificado;Desenvolvimento para venda;Outros;Fundo de desenvolvimento;Determinado;Ativa;2,00;0,00;134;149.000;1.050,34;156,51;49,74;Milhões;RSPD11
FUNDO DE INVESTIMENTO IMOBILIÁRIO RB CAPITAL I FUNDO DE FUNDOS;34.027.774/0001-28;Geral;Títulos e valores mobiliários;Títulos e Valores Mobiliários;Fundo de fundos;Indeterminado;Ativa;0,80;0,00;4.014;1.078.153;69,02;74,41;0,65;Milhões;RFOF11
PERSONALE I FUNDO DE INVESTIMENTO IMOBILIÁRIO;14.056.001/0001-62;Investidor Qualificado;Desenvolvimento para venda;Outros;Fundo de desenvolvimento;Determinado;Ativa;1,50;0,00;989;3.231.236;2,85;9,20;0,33;Milhões;PRSN11
RB CAPITAL RENDA I FUNDO DE INVESTIMENTO IMOBILIÁRIO;08.696.175/0001-97;Geral;Renda;Híbrido;Fundo de Tijolo;Indeterminado;Passiva;R$17.426,00 mensais;0,00;6.295;927.151;200,30;185,71;1,40;Milhões;FIIP11
RB CAPITAL LOGÍSTICO FUNDO DE INVESTIMENTO IMOBILIÁRIO;35.652.227/0001-04;Investidor Qualificado;Renda;Logístico / Indústria / Galpões;Fundo de Tijolo;Indeterminado;Ativa;1,00;0,00;241;640.188;65,31;41,81;0,61;Milhões;RBLG11
RB CAPITAL RECEBÍVEIS IMOBILIÁRIOS FUNDO DE INVESTIMENTO IMOBILIÁRIO;35.689.733/0001-60;Geral;Renda;Títulos e Valores Mobiliários;Fundo de papel;Indeterminado;Ativa;1,0;0,00;1.745;481.746;89,67;43,20;0,85;Milhões;RRCI11
RB CAPITAL TFO SITUS FUNDO DE INVESTIMENTO IMOBILIÁRIO;29.299.737/0001-39;Investidor Qualificado;Híbridos;Outros;Fundo de desenvolvimento;Determinado;Ativa;0,12;0,00;133;56.514;379,42;21,45;6,19;Milhões;RBTS11
RBR ALPHA MULTIESTRATÉGIA REAL ESTATE FUNDO DE INVESTIMENTO IMOBILIÁRIO;27.529.279/0001-51;Geral;Títulos e valores mobiliários;Títulos e Valores Mobiliários;Fundo de fundos;Indeterminado;Ativa;0,20;0,00;117.483;136.807.689;8,62;1,18;0,06;Bilhão;RBRF11
RBR DESENVOLVIMENTO COMERCIAL FEEDER FOF FUNDO DE INVESTIMENTO IMOBILIÁRIO;35.689.670/0001-41;Investidor Qualificado;Títulos e valores mobiliários;Títulos e Valores Mobiliários;Fundo de fundos;Determinado;Ativa;0,20;0,00;122;323.189;98,56;31,86;3,55;Milhões;RCFF11
REAG MULTI ATIVOS IMOBILIÁRIOS FUNDO DE INVESTIMENTO IMOBILIÁRIO;17.374.696/0001-19;Geral;Renda;Lajes Corporativas;Fundo de Tijolo;Indeterminado;Ativa;0,30;15,90;1.071;2.443.789;106,58;260,45;0,54;Milhões;RMAI11
REAL INVESTOR FUNDO DE INVESTIMENTO IMOBILIÁRIO;44.625.612/0001-45;Geral;Títulos e valores mobiliários;Títulos e Valores Mobiliários;Outro;Indeterminado;Ativa;1,00;0,00;3.851;3.279.521;102,01;334,54;1,05;Milhões;RINV11
FII RBR MULT;41.088.458/0001-21;Geral;Títulos e valores mobiliários;Títulos e Valores Mobiliários;Fundo de fundos;Indeterminado;Ativa;;0,00;10.970;29.468.648;9,65;284,42;0,09;Milhões;RBRX11
RBR Premium Recebíveis Imobiliários;42.502.842/0001-91;Geral;Títulos e valores mobiliários;Híbrido;Fundo de papel;Indeterminado;Ativa;1,60;0,00;4.173;3.471.717;98,80;343,01;0,95;Milhões;RPRI11
RIO BRAVO CRÉDITO IMOBILIÁRIO HIGH GRADE FUNDO DE INVESTIMENTO IMOBILIÁRIO;30.647.758/0001-87;Geral;Títulos e valores mobiliários;Títulos e Valores Mobiliários;Fundo de papel;Indeterminado;Ativa;1,00;0,00;8.533;2.167.946;86,36;187,22;0,80;Milhões;RBHG11
RIO BRAVO OPORTUNIDADES IMOBILIÁRIAS FII;13.500.306/0001-59;Geral;Renda;Outros;Outro;Indeterminado;Ativa;1,1;71,74;3.101;101.653;684,72;69,61;3,50;Milhões;RBOP11
FUNDO DE INVESTIMENTO IMOBILIÁRIO - RIO BRAVO RENDA CORPORATIVA;03.683.056/0001-86;Geral;Renda;Lajes Corporativas;Fundo de Tijolo;Indeterminado;Ativa;0,7;0,80;26.497;3.690.684;196,52;725,29;0,92;Milhões;RCRB11
REC MULTIESTRATÉGIA - FUNDO DE INVESTIMENTO IMOBILIÁRIO - RESPONSABILIDADE LIMITADA;56.430.935/0001-62;Geral;Híbridos;Híbrido;Fundo de papel;Indeterminado;Ativa;;0,00;698;8.400.506;9,66;81,12;0,12;Milhões;RECM11
RIO BRAVO RENDA RESIDENCIAL FUNDO DE INVESTIMENTO IMOBILIÁRIO;36.517.660/0001-91;Geral;Renda;Híbrido;Fundo de Tijolo;Indeterminado;Ativa;1,0;27,80;985;1.734.288;95,98;166,46;0,07;Milhões;RBRS11
RIO BRAVO FUNDO DE FUNDOS DE INVESTIMENTO IMOBILIARIO;17.329.029/0001-14;Geral;Títulos e valores mobiliários;Títulos e Valores Mobiliários;Fundo de fundos;Indeterminado;Ativa;0,80;0,00;26.576;3.749.204;59,66;223,66;0,51;Milhões;RBFF11
FUNDO DE INVESTIMENTO IMOBILIÁRIO RIO BRAVO RENDA VAREJO - FII;15.576.907/0001-70;Geral;Desenvolvimento para renda;Híbrido;Fundo de Tijolo;Indeterminado;Ativa;0,35;5,00;75.004;156.143.039;10,61;1,66;0,09;Bilhão;RBVA11
FUNDO DE INVESTIMENTO IMOBILIÁRIO RIO NEGRO;15.006.286/0001-90;Geral;Renda;Lajes Corporativas;Fundo de Tijolo;Indeterminado;Passiva;0,22;18,70;7.661;2.675.989;83,80;224,25;0,29;Milhões;RNGO11
RIO BRAVO CRÉDITO IMOBILIÁRIO HIGH YIELD FUNDO DE INVESTIMENTO IMOBILIÁRIO;37.899.479/0001-50;Geral;Títulos e valores mobiliários;Títulos e Valores Mobiliários;Fundo de papel;Indeterminado;Ativa;1,00;0,00;3.225;1.893.494;90,96;172,23;1,05;Milhões;RBHY11
RIZA ARCTIUM REAL ESTATE FUNDO DE INVESTIMENTO IMOBILIÁRIO;28.267.696/0001-36;Geral;Híbridos;Híbrido;Fundo de Tijolo;Indeterminado;Ativa;1,00;0,00;35.310;4.235.031;101,22;428,67;1,05;Milhões;RZAT11
SANTANDER PAPÉIS IMOBILIÁRIOS;51.646.298/0001-42;Geral;Títulos e valores mobiliários;Títulos e Valores Mobiliários;Fundo de papel;Indeterminado;Ativa;;0,00;3.233;15.436.829;9,90;152,77;0,11;Milhões;SAPI11
RIZA AKIN FUNDO DE INVESTIMENTO IMOBILIÁRIO;36.642.219/0001-31;Geral;Títulos e valores mobiliários;Títulos e Valores Mobiliários;Fundo de papel;Indeterminado;Ativa;1,20;0,00;45.120;8.807.874;85,07;749,31;1,15;Milhões;RZAK11
SANTANDER PAPEIS IMOBILIÁRIOS CDI FUNDO DE INVESTIMENTO IMOBILIÁRIO;32.903.521/0001-45;Geral;Títulos e valores mobiliários;Títulos e Valores Mobiliários;Fundo de papel;Indeterminado;Ativa;1,00;0,00;11.025;15.486.829;9,66;149,55;0,11;Milhões;SADI11
SANTANDER RENDA DE ALUGUÉIS FUNDO DE INVESTIMENTO IMOBILIÁRIO;32.903.702/0001-71;Geral;Renda;Híbrido;Fundo misto;Indeterminado;Ativa;1,25;39,80;28.226;92.343.279;7,75;715,85;0,03;Milhões;SARE11
SEQUOIA III RENDA IMOBILIÁRIA - FUNDO DE INVESTIMENTO IMOBILIÁRIO;09.517.273/0001-82;Geral;Renda;Outros;Outro;Indeterminado;Ativa;1,24;9,60;4.662;1.665.684;92,81;154,59;0,58;Milhões;SEQR11
FUNDO DE INVESTIMENTO IMOBILIÁRIO SCP;01.657.856/0001-05;fii.GENERAL;Renda;Shoppings / Varejo;Fundo de Tijolo;Indeterminado;Ativa;4,0;30,00;4.450;4.199.989;10,62;44,60;0,05;Milhões;SCPF11
FUNDO DE INVESTIMENTO IMOBILIÁRIO SHOPPING PÁTIO HIGIENÓPOLIS;03.507.519/0001-59;Geral;Renda;Shoppings / Varejo;Fundo de Tijolo;Indeterminado;Passiva;0,20;2,30;2.113;608.939;1.012,20;616,38;5,00;Milhões;SHPH11
SJ AU LOGÍSTICA FUNDO DE INVESTIMENTO IMOBILIÁRIO;27.771.547/0001-47;Geral;Renda;Logístico / Indústria / Galpões;Fundo de Tijolo;Indeterminado;Passiva;0,23;0,00;343;7.932.237;1,43;11,38;11,88;Milhões;SJAU11
FUNDO DE INVESTIMENTO IMOBILIÁRIO - SHOPPING WEST PLAZA;09.326.861/0001-39;Geral;Renda;Shoppings / Varejo;Fundo de Tijolo;Indeterminado;Passiva;0,55;8,40;1.572;1.169.989;66,72;78,07;0,37;Milhões;WPLZ11
SPECIALE REAL ESTATE FUND OF FUNDS FUNDO DE INVESTIMENTO IMOBILIÁRIO;50.135.849/0001-40;Investidor Qualificado;Desenvolvimento para venda;Híbrido;Outro;Determinado;Ativa;0,35;0,00;188;975.896;86,34;84,26;0,84;Milhões;PMFO11
SP Downtown Fundo de Investimento;15.538.445/0001-05;Geral;Renda;Lajes Corporativas;Fundo de Tijolo;Indeterminado;Passiva;0,25;0,00;18.833;1.797.989;58,56;105,29;0,42;Milhões;SPTW11
SPX SYN MULT;43.010.543/0001-00;Geral;Híbridos;Híbrido;Outro;Indeterminado;Ativa;0,80;0,00;19.629;20.189.029;9,38;189,45;0,10;Milhões;SPXS11
SOLARIUM FUNDO DE INVESTIMENTO IMOBILIÁRIO;22.169.671/0001-13;Investidor Qualificado;Híbridos;Híbrido;Fundo de Tijolo;Indeterminado;Ativa;0,45;0,00;51;65.522;932,84;61,13;4,77;Milhões;SOLR11
FUNDO DE INVEST IMOBILIARIO SUNO ENERGIAS LIMPAS;43.741.171/0001-84;Geral;Híbridos;Outros;Outro;Indeterminado;Ativa;;0,00;37.515;38.334.191;8,62;330,39;0,10;Milhões;SNEL11
SUNO FUNDO DE FUNDOS IMOBILIÁRIO;40.011.225/0001-68;Geral;Títulos e valores mobiliários;Títulos e Valores Mobiliários;Fundo de fundos;Indeterminado;Ativa;0,78;0,00;27.884;4.020.624;81,90;329,29;0,72;Milhões;SNFF11
Suno Log Fundo de Investimento Imobiliario;40.041.711/0001-29;fii.GENERAL;Renda;Logístico / Indústria / Galpões;Fundo de Tijolo;Indeterminado;Ativa;1;8,74;11.975;2.529.955;0,36;908,99;0,84;Mil;SNLG11
SUNO MULTIESTRATÉGIA;52.227.760/0001-30;fii.GENERAL;Híbridos;Híbrido;Fundo misto;Indeterminado;Ativa;;0,00;3.903;7.418.232;9,37;69,54;0,11;Milhões;SNME11
SUNO RECEBÍVEIS IMOBILIÁRIOS FUNDO DE INVESTIMENTO IMOBILIÁRIO;41.076.710/0001-82;Geral;Títulos e valores mobiliários;Títulos e Valores Mobiliários;Outro;Indeterminado;Ativa;0,70;0,00;37.409;4.199.989;97,31;408,71;1,00;Milhões;SNCI11
TELLUS MULTIESTRATÉGIA - FII FUNDO DE INVESTIMENTO IMOBILIÁRIO RESPONSABILIDADE LIMITADA;45.188.099/0001-35;Investidor Qualificado;Híbridos;Híbrido;Fundo misto;Indeterminado;Ativa;0,90;0,00;107;2.147.351;9,71;20,84;0,10;Milhões;TELM11
TELLUS PROPERTIES FUNDO DE INVESTIMENTO IMOBILIÁRIO;26.681.370/0001-25;Geral;Renda;Lajes Corporativas;Fundo de Tijolo;Indeterminado;Ativa;1,17;0,00;29.769;4.221.956;96,98;409,44;0,74;Milhões;TEPP11
FDO DE INVEST IMOB TELLUS RIO BRAVO RENDA LOGISTIC;16.671.412/0001-93;Geral;Renda;Logístico / Indústria / Galpões;Fundo de Tijolo;Indeterminado;Ativa;0,84;2,50;49.523;7.739.081;86,55;669,81;0,60;Milhões;TRBL11
TIVIO RENDA IMOBILIÁRIA FUNDO DE INVESTIMENTO IMOBILIÁRIO;14.410.722/0001-29;Geral;Renda;Agências bancárias;Fundo de Tijolo;Indeterminado;Ativa;0.277;3,10;61.666;15.919.679;103,93;1,65;1,05;Bilhão;TVRI11
VOTORANTIM SECURITIES MASTER FUNDO DE INVESTIMENTO IMOBILIÁRIO;17.870.926/0001-30;Geral;Títulos e valores mobiliários;Títulos e Valores Mobiliários;Fundo de papel;Indeterminado;Ativa;1,00;0,00;576;827.902;91,71;75,93;0,68;Milhões;VOTS11
TORDESILHAS EI FUNDO DE INVESTIMENTO IMOBILIÁRIO;30.230.870/0001-18;Geral;Híbridos;Híbrido;Outro;Indeterminado;Ativa;1,50;0,00;50.188;5.841.881;34,90;203,88;0,01;Milhões;TORD11
TRX REAL ESTATE II FUNDO DE INVESTIMENTO IMOBILIÁRIO;36.368.925/0001-37;Geral;Títulos e valores mobiliários;Híbrido;Fundo de desenvolvimento;Determinado;Passiva;1,0;0,00;445;3.746.009;100,11;375,00;2,60;Milhões;TRXB11
TRX REAL ESTATE FUNDO DE INVESTIMENTO IMOBILIÁRIO;28.548.288/0001-52;Geral;Renda;Híbrido;Fundo de Tijolo;Indeterminado;Ativa;1,00;0,22;191.191;32.493.273;101,16;3,29;0,93;Bilhões;TRXF11
V2 PRIME PROPERTIES FUNDO DE INVESTIMENTO  IMOBILIÁRIO – FII;30.654.849/0001-40;Geral;Renda;Outros;Fundo misto;Indeterminado;Ativa;0,95 a,a;35,39;36.959;7.316.160;39,04;285,64;0,07;Milhões;VPPR11
V2 RENDA IMOBILIÁRIA FDO DE INV IMOB;49.184.940/0001-77;Geral;Renda;Híbrido;Outro;Indeterminado;Ativa;;15,09;150;802.672;93,79;75,28;0,60;Milhões;VVRI11
V2 RECEBÍVEIS IMOBILIÁRIOS FUNDO DE INVESTIMENTO IMOBILIÁRIO;23.120.027/0001-13;Geral;Títulos e valores mobiliários;Títulos e Valores Mobiliários;Fundo de papel;Determinado;Ativa;0,90;0,00;2.206;7.508.321;10,32;77,50;0,11;Milhões;VVCR11
VALORA CRI ÍNDICE DE PREÇO FUNDO DE INVESTIMENTO IMOBILIÁRIO;34.197.811/0001-46;Geral;Títulos e valores mobiliários;Títulos e Valores Mobiliários;Fundo de papel;Indeterminado;Ativa;1;0,00;84.599;11.787.236;88,28;1,04;0,76;Bilhão;VGIP11
VALORA RE III FUNDO DE INVESTIMENTO IMOBILIÁRIO;29.852.732/0001-91;Geral;Renda;Títulos e Valores Mobiliários;Fundo de papel;Indeterminado;Ativa;0,20;0,00;256.344;146.101.276;9,75;1,42;0,14;Bilhão;VGIR11
VBI AGRO - FUNDO DE INVESTIMENTO IMOBILIÁRIO;32.754.734/0001-52;Geral;Renda;Outros;Fundo misto;Indeterminado;Ativa;1,0;0,00;15.849;5.221.828;61,63;321,81;0,48;Milhões;PLAG11
VECTIS JUROS REAL FUNDO DE INVESTIMENTO IMOBILIÁRIO;32.400.250/0001-05;Geral;Títulos e valores mobiliários;Títulos e Valores Mobiliários;Fundo de papel;Indeterminado;Ativa;1,60;0,00;30.794;14.723.959;93,10;1,37;0,90;Bilhão;VCJR11
VBI REITS FOF - FUNDO DE INVESTIMENTO IMOBILIÁRIO;35.507.457/0001-71;Geral;Renda;Títulos e Valores Mobiliários;Fundo de fundos;Indeterminado;Ativa;0,15;0,00;55.018;10.276.001;74,36;764,13;0,70;Milhões;RVBI11
VALORA HEDGE FUND. FUNDO DE INVESTIMENTO IMOBILIÁRIO - FII;36.771.692/0001-19;Geral;Títulos e valores mobiliários;Híbrido;Fundo de papel;Indeterminado;Ativa;0,90;0,00;393.807;164.721.672;8,50;1,40;0,09;Bilhão;VGHF11
VALORA RENDA IMOB FUNDO DE INVES IMOB -RESP LIMIT;53.656.482/0001-07;Geral;Renda;Híbrido;Fundo de Tijolo;Indeterminado;Ativa;0.085;19,60;18.010;35.021.725;10,58;370,67;0,12;Milhões;VGRI11
FUNDO DE INVESTIMENTO IMOBILIÁRIO VIA PARQUE SHOPPING;00.332.266/0001-31;fii.GENERAL;Renda;Shoppings / Varejo;Fundo de Tijolo;Indeterminado;Passive;0,12;10,10;3.933;2.800.138;155,87;436,45;0,05;Milhões;FVPQ11
VERSALHES RECEBÍVEIS IMOBILIÁRIOS - FUNDO DE INVESTIMENTO IMOBILIÁRIO;36.244.015/0001-42;Geral;Híbridos;Outros;Fundo de papel;Indeterminado;Ativa;de 1,00;0,00;68.687;29.864.080;10,09;301,25;0,03;Milhões;VSLH11
VBI OFFICE FUND II - FUNDO DE INVESTIMENTO IMOBILIÁRIO;34.895.894/0001-47;Geral;Híbridos;Lajes Corporativas;Fundo de Tijolo;Determinado;Ativa;1,25;0,00;323;994.803;104,79;104,25;0,53;Milhões;BLMO11
VINCI IMÓVEIS URBANOS FUNDO DE INVESTIMENTO IMOBILIÁRIO;36.445.587/0001-90;Geral;Renda;Outros;Fundo misto;Indeterminado;Ativa;0,85;3,00;45.727;26.946.209;8,74;235,54;0,07;Milhões;VIUR11
VINCI INSTRUMENTOS FINANCEIROS FUNDO DE INVESTIMENTO IMOBILIÁRIO;31.547.855/0001-60;fii.GENERAL;Títulos e valores mobiliários;Títulos e Valores Mobiliários;Fundo de fundos;Indeterminado;Ativa;0,95;0,00;5.516;8.089.179;7,97;64,51;0,07;Milhões;VIFI11
VINCI LOGÍSTICA FUNDO DE INVESTIMENTO IMOBILIÁRIO;24.853.044/0001-22;Geral;Renda;Logístico / Indústria / Galpões;Fundo de Tijolo;Indeterminado;Ativa;0,95;2,00;144.566;14.997.385;112,45;1,69;0,72;Bilhão;VILG11
VINCI OFFICES FUNDO DE INVESTIMENTO IMOBILIÁRIO;12.516.185/0001-70;Geral;Renda;Lajes Corporativas;Fundo de Tijolo;Indeterminado;Ativa;1,20;8,00;144.128;82.826.284;10,21;845,43;0,05;Milhões;VINO11
VINCI SHOPPING CENTERS FUNDO DE INVESTIMENTO IMOBILIÁRIO;17.554.274/0001-25;Geral;Renda;Shoppings / Varejo;Fundo de Tijolo;Indeterminado;Ativa;1,35;5,50;343.930;28.828.629;123,85;3,57;0,81;Bilhões;VISC11
WARREN SECURITIES FUNDO DE INVESTIMENTO IMOBILIÁRIO;43.440.579/0001-16;Investidor Qualificado;Títulos e valores mobiliários;Títulos e Valores Mobiliários;Fundo de papel;Indeterminado;Ativa;1,00;0,00;781;2.456.499;5,90;14,49;0,10;Milhões;WSEC11
WHG REAL ESTATE FUNDO DE INVESTIMENTO IMOBILIÁRIO;41.256.643/0001-88;Geral;Híbridos;Híbrido;Fundo misto;Indeterminado;Ativa;1,00;0,00;13.887;30.912.367;9,62;297,36;0,10;Milhões;WHGR11
XP CORPORATE MACAÉ FUNDO DE INVESTIMENTO IMOBILIÁRIO;16.802.320/0001-03;Geral;Renda;Lajes Corporativas;Fundo de Tijolo;Indeterminado;Passiva;0,80;57,00;17.491;2.414.559;28,87;69,72;0,02;Milhões;XPCM11
ZAGROS MULTIESTRATÉGIA FUNDO DE INVESTIMENTO IMOBILIÁRIO;45.188.066/0001-95;Investidor Qualificado;Híbridos;Híbrido;Fundo misto;Indeterminado;Ativa;1,5;0,00;405;8.891.651;9,34;83,08;0,06;Milhões;ZAGH11
XP INDUSTRIAL FUNDO DE INVESTIMENTO IMOBILIARIO;28.516.325/0001-40;Geral;Renda;Outros;Fundo de Tijolo;Indeterminado;Ativa;Entre 3,5;5,60;43.031;7.150.411;101,97;729,16;0,74;Milhões;XPIN11
FUNDO DE INVESTIMENTO IMOBILIÁRIO ZAVIT REAL ESTATE;40.575.940/0001-23;Geral;Renda;Híbrido;Fundo misto;Indeterminado;Ativa;1,25;0,90;2.746;1.173.311;135,68;159,20;1,10;Milhões;ZAVI11
XP Malls Fundo de Investimento Imobiliario - Fii;28.757.546/0001-00;Geral;Renda;Shoppings / Varejo;Fundo de Tijolo;Indeterminado;Ativa;0,55;4,00;604.153;56.720.776;115,57;6,56;0,92;Bilhões;XPML11
XP SELECTION FUNDO DE FUNDOS DE INVESTIMENTO IMOBILIÁRIO;30.983.020/0001-90;Geral;Títulos e valores mobiliários;Títulos e Valores Mobiliários;Fundo de fundos;Indeterminado;Ativa;1;0,00;59.903;43.302.129;7,62;329,79;0,07;Milhões;XPSF11
XP LOG FUNDO DE INVESTIMENTO IMOBILIÁRIO;26.502.794/0001-85;Geral;Renda;Logístico / Indústria / Galpões;Fundo de Tijolo;Indeterminado;Ativa;0,95;7,40;338.125;31.175.920;106,83;3,33;0,82;Bilhões;XPLG11
INTER TEVA INDICE DE PAPEL FUNDO DE INVESTIMENTO IMOBILIÁRIO;36.312.772/0001-06;Geral;Renda;Títulos e Valores Mobiliários;Fundo de papel;Indeterminado;Passiva;0,30;0,00;13.206;748.140;68,44;51,21;0,78;Milhões;ITIP11
HUSI FUNDO DE INVESTIMENTO IMOBILIÁRIO;30.017.492/0001-99;Geral;Desenvolvimento para renda;Hospitalar;Fundo de Tijolo;Indeterminado;Ativa;0,30;0,00;95;116.351;1.247,96;145,22;9,15;Milhões;HUSI11
Inter Residence;34.835.191/0001-23;Geral;Renda;Residencial;Fundo de desenvolvimento;Indeterminado;Ativa;0,76;5,10;6.972;1.130.695;118,64;134,15;0,64;Milhões;INRD11
ZION CAPITAL FUNDO DE INVESTIMENTO IMOBILIÁRIO;35.820.768/0001-96;Geral;Desenvolvimento para renda;Híbrido;Fundo de desenvolvimento;Indeterminado;Ativa;1,00;0,00;86;47.474;1.767,19;83,92;3,30;Milhões;ZIFI11
INTER TEVE INDICE DE TIJOLO FUNDO DE INVESTIMENTO IMOBILIÁRIO;36.293.425/0001-83;Geral;Renda;Títulos e Valores Mobiliários;Fundo de fundos;Indeterminado;Passiva;0,30;0,00;10.272;900.483;74,33;66,94;0,63;Milhões;ITIT11
IRIDIUM FUNDO DE INVESTIMENTO IMOBILIÁRIO;41.076.564/0001-95;Geral;Híbridos;Híbrido;Fundo de papel;Indeterminado;Ativa;1,03;0,00;2.585;1.919.989;85,83;164,80;0,81;Milhões;IRIM11
ITAÚ TEMPUS FUNDO DE INVESTIMENTO IMOBILIÁRIO;42.737.077/0001-99;Geral;Títulos e valores mobiliários;Títulos e Valores Mobiliários;Outro;Determinado;Ativa;0,90;0,00;1.953;978.957;92,26;90,32;0,85;Milhões;TMPS11
JASC RENDA VAREJO FUNDO DE INVESTIMENTO IMOBILIÁRIO;40.886.241/0001-02;Geral;Renda;Outros;Fundo de Tijolo;Indeterminado;Ativa;1,00;0,90;160;3.498.331;112,92;395,03;0,67;Milhões;JASC11
ITAÚ CRÉDITO IMOBILIÁRIO IPCA;51.294.441/0001-84;Geral;Títulos e valores mobiliários;Títulos e Valores Mobiliários;Fundo de papel;Indeterminado;Ativa;;0,00;8.631;3.857.348;99,59;384,16;0,95;Milhões;ICRI11
ITAÚ TOTAL RETURN FUNDO DE INVESTIMENTO IMOBILIÁRIO;52.270.671/0001-76;Geral;Títulos e valores mobiliários;Títulos e Valores Mobiliários;Fundo misto;Indeterminado;Ativa;;0,00;14.867;6.249.989;91,15;569,67;0,82;Milhões;ITRI11
JPP CAPITAL FUNDO DE INVESTIMENTO IMOBILIÁRIO;17.216.625/0001-98;Geral;Híbridos;Híbrido;Fundo de desenvolvimento;Determinado;Ativa;1,80;0,00;418;54.989;123,96;6,82;28,56;Milhões;JPPC11
JS Recebíveis Imobiliários;54.866.214/0001-74;Geral;Títulos e valores mobiliários;Títulos e Valores Mobiliários;Fundo de papel;Indeterminado;Ativa;;0,00;3.680;22.137.089;9,32;206,37;0,10;Milhões;JSCR11
KLIMA FIC FUNDO IMOBILIÁRIO SUNO 30;36.669.660/0001-07;Geral;Títulos e valores mobiliários;Títulos e Valores Mobiliários;Fundo de fundos;Indeterminado;Ativa;0,65;0,00;105.877;44.196.039;7,90;349,16;0,07;Milhões;KISU11
KILIMA VOLKANO RECEBÍVEIS IMOBILIÁRIOS FUNDO DE INVESTIMENTO IMOBILIÁRIO;42.273.325/0001-98;Investidor Qualificado;Títulos e valores mobiliários;Títulos e Valores Mobiliários;Fundo de papel;Indeterminado;Ativa;1,25;0,00;6.832;2.222.725;84,98;188,89;0,71;Milhões;KIVO11
JHSF CAPITAL CIDADE JARDIM - FUNDO DE INVESTIMENTO IMOBILIÁRIO;50.701.686/0001-16;Geral;Renda;Fundo de Fundos;Fundo de fundos;Indeterminado;Ativa;0,3;0,00;117;1.668.494;188,85;315,11;0,34;Milhões;JCCJ11
KINEA HEDGE FUND FDO DE INV IMOB;42.754.342/0001-47;Geral;Renda;Híbrido;Fundo misto;Indeterminado;Ativa;1,2;5,30;45.659;19.663.224;98,96;1,95;1,00;Bilhão;KNHF11
KINEA II REAL ESTATE EQUITY FUNDO DE INVESTIMENTO IMOBILIÁRIO;14.423.780/0001-97;Investidor Qualificado;Desenvolvimento para venda;Outros;Fundo misto;Determinado;Ativa;1,0;0,00;5.936;18.547.150;0,67;12,44; 0,00;Milhões;KNRE11
Kinea Oportunidades Real Estate;52.219.978/0001-42;Geral;Renda;Lajes Corporativas;Fundo de Tijolo;Indeterminado;Ativa;;7,93;25.168;9.624.989;105,87;1,02;1,25;Bilhão;KORE11
KINEA UNIQUE HY CDI FUNDO DE INVESTIMENTO IMOB;42.754.362/0001-18;Geral;Renda;Títulos e Valores Mobiliários;Fundo de papel;Indeterminado;Ativa;;0,00;35.817;15.312.506;101,34;1,55;1,40;Bilhão;KNUQ11
NAVI CRÉDITO IMOBILIÁRIO;40.041.603/0001-56;Geral;Títulos e valores mobiliários;Títulos e Valores Mobiliários;Fundo de papel;Indeterminado;Ativa;;0,00;1.196;3.949.988;9,93;39,22;0,10;Milhões;NCRI11
MÉRITO DESENVOLVIMENTO IMOBILIÁRIO - FUNDO DE INVESTIMENTO IMOBILIÁRIO;16.915.968/0001-88;Geral;Híbridos;Híbrido;Fundo de desenvolvimento;Indeterminado;Ativa;2,0;0,00;32.926;5.962.384;104,00;620,08;1,06;Milhões;MFII11
JBFO FOF FUNDO DE INVESTIMENTO IMOBILIÁRIO;36.615.915/0001-59;Geral;Títulos e valores mobiliários;Fundo de Fundos;Fundo de papel;Indeterminado;Ativa;1,00;0,00;364;1.279.059;7,71;9,86;0,04;Milhões;JBFO11
Paramis Hedge Fund;51.868.778/0001-58;Geral;Títulos e valores mobiliários;Híbrido;Outro;Indeterminado;Ativa;;0,00;7.055;14.803.231;9,27;137,16;0,09;Milhões;PMIS11
FUNDO DE INVESTIMENTO IMOBILIÁRIO ÁTRIO REIT RECEBÍVEIS IMOBILIÁRIOS;32.006.821/0001-21;Geral;Títulos e valores mobiliários;Títulos e Valores Mobiliários;Fundo de papel;Indeterminado;Ativa;0,14;0,00;23.819;20.726.962;8,47;175,53;0,09;Milhões;ARRI11
PANORAMA PROPERTIES FUNDO DE INVESTIMENTO IMOBILIÁRIO;26.813.118/0001-22;fii.QUALIFIED_INVESTOR;Híbridos;Híbrido;Fundo de desenvolvimento;Indeterminado;Ativa;1,00;8,40;17;897.805;36,61;32,86;1,23;Milhões;PNPR11
CSHG REAL ESTATE - FUNDO DE INVESTIMENTO IMOBILIÁRIO;09.072.017/0001-29;Geral;Renda;Lajes Corporativas;Fundo de Tijolo;Indeterminado;Ativa;1,0;10,00;141.675;11.817.756;155,79;1,84;0,85;Bilhão;HGRE11
CSHG IMOBILIÁRIO FOF - FUNDO DE INVESTIMENTO IMOBILIÁRIO;32.784.898/0001-22;Geral;Títulos e valores mobiliários;Títulos e Valores Mobiliários;Fundo de fundos;Indeterminado;Ativa;0,80;0,00;14.952;2.863.586;80,09;229,35;0,68;Milhões;HGFF11
CSHG LOGÍSTICA - FUNDO DE INVESTIMENTO IMOBILIÁRIO;11.728.688/0001-47;Geral;Renda;Logístico / Indústria / Galpões;Fundo de Tijolo;Indeterminado;Ativa;0,60;3,00;508.512;33.787.564;162,51;5,49;1,10;Bilhões;HGLG11
FUNDO DE INVESTIMENTO IMOBILIÁRIO PROJETO ÁGUA BRANCA;03.251.720/0001-18;Geral;Renda;Lajes Corporativas;Fundo de Tijolo;Indeterminado;Passiva;5,0;18,00;700;749.989;357,12;267,84;1,35;Milhões;FPAB11
RB CAPITAL DESENVOLVIMENTO RESIDENCIAL IV FUNDO DE INVESTIMENTO IMOBILIÁRIO;31.161.410/0001-48;Geral;Desenvolvimento para venda;Outros;Fundo de desenvolvimento;Determinado;Ativa;2,0;0,00;1.476;1.528.604;99,83;152,60;2,32;Milhões;RBIR11
Genial Malls Fundo de Investimento Imobiliário;26.499.833/0001-32;Geral;Renda;Shoppings / Varejo;Fundo de Tijolo;Indeterminado;Ativa;0,50;4,00;128.526;13.982.082;122,23;1,71;0,86;Bilhão;PMLL11
TJK RENDA IMOBILIÁRIA FUNDO DE INVESTIMENTO IMOBILIÁRIO;39.714.024/0001-48;Investidor Qualificado;Renda;Lajes Corporativas;Outro;Indeterminado;Ativa;0,45;0,00;347;1.164.636;260,84;303,78;2,90;Milhões;TJKB11
REC FUNDO DE CRI COTAS AMORTIZÁVEIS - FUNDO DE INVESTIMENTO IMOBILIÁRIO;53.260.548/0001-37;Geral;Títulos e valores mobiliários;Títulos e Valores Mobiliários;Fundo de papel;Indeterminado;Ativa;;0,00;307;5.453.764;8,10;44,16;0,09;Milhões;RECD11
TISHMAN SPEYER RENDA CORPORATIVA FUNDO DE INVESTIMENTO IMOBILIÁRIO;34.847.042/0001-84;Geral;Renda;Lajes Corporativas;Fundo de Tijolo;Indeterminado;Ativa;1,00;0,00;19;1.384.749;97,45;134,94;0,97;Milhões;TSER11
URCA PRIME RENDA FUNDO DE INVESTIMENTO IMOBILIÁRIO;34.508.872/0001-87;Geral;Híbridos;Outros;Fundo de papel;Indeterminado;Ativa;0,25;0,00;69.111;11.733.884;101,76;1,19;0,40;Bilhão;URPR11
RB CAPITAL RENDA II FUNDO DE INVESTIMENTO IMOBILIÁRIO;09.006.914/0001-34;Geral;Renda;Híbrido;Fundo de Tijolo;Indeterminado;Passiva;0,17;16,00;7.535;1.851.775;64,89;120,16;0,50;Milhões;RBRD11
RBR LOG - FUNDO DE INVESTIMENTO IMOBILIÁRIO;35.705.463/0001-33;Geral;Híbridos;Logístico / Indústria / Galpões;Fundo de Tijolo;Indeterminado;Ativa;0,20;0,00;13.143;6.687.024;104,84;701,05;0,75;Milhões;RBRL11
TRX Hedge Fundo de Investimento Imobiliário de Responsabilidade Limitada;43.985.938/0001-10;Geral;Híbridos;Híbrido;Outro;Indeterminado;Ativa;0;0,00;648;3.609.709;9,21;33,24;0,11;Milhões;TRXY11
XP CREDITO IMOBILIÁRIO - FUNDO DE INVESTIMENTO IMOBILIÁRIO;28.516.301/0001-91;Geral;Títulos e valores mobiliários;Títulos e Valores Mobiliários;Fundo de papel;Indeterminado;Ativa;1,00;0,00;67.374;8.701.540;87,70;763,15;0,95;Milhões;XPCI11
