Cotação,DY,P/VP,Liquidez Diária,Liquidez Unidade,VARIAÇÃO,Papel,Razão Social,CNPJ,PÚBLICO-ALVO,MANDATO,SEGMENTO,TIPO DE FUNDO,PRAZO DE DURAÇÃO,TIPO DE GESTÃO,TAXA DE ADMINISTRAÇÃO,VACÂNCIA,COTAS EMITIDAS,VAL. PATRIMONIAL P/ COTA,VALOR PATRIMONIAL,ÚLTIMO RENDIMENTO,Valor Patrimonial Unidade
7.37,10.97,0.61,245.15,K,-0.81,AJFI11,AJ MALLS,51472985/0001-99,Geral,Renda,Shoppings / Varejo,Fundo de Tijolo,Indeterminado,Ativa,,8.76,31625967,12.15,384.21,0.06,Milhões
72.63,0.00,0.93,781.77,K,-15.05,AURB11,ALIANZA URBAN HUB RENDA FUNDO DE INVESTIMENTO IMOBILIÁRIO,41076823/0001-88,Investidor Qualificado,Renda,Logístico / Indústria / Galpões,Fundo de Tijolo,Indeterminado,Ativa,1.00,16.00,898503,77.92,70.01,0.41,Milhões
7.90,17.10,0.84,330.50,K,-3.66,ALZC11,ALIANZA CRÉDITO IMOBILIÁRIO FUNDO DE INVESTIMENTO IMOBILIÁRIO,40011324/0001-40,Investidor Qualificado,Títulos e valores mobiliários,Títulos e Valores Mobiliários,Fundo de papel,Indeterminado,Ativa,1.30,0.00,20050219,9.36,187.68,0.11,Milhões
91.08,12.89,0.96,1.04,M,7.38,AFHI11,AF INVEST CRI FUNDO DE INVESTIMENTO IMOBILIÁRIO - RECEBÍVEIS IMOBILIÁRIOS,36642293/0001-58,Geral,Títulos e valores mobiliários,Títulos e Valores Mobiliários,Fundo de papel,Indeterminado,Ativa,1.00,0.00,4555607,94.76,431.69,1.01,Milhões
10.08,9.54,0.93,1.54,M,2.23,ALZR11,ALIANZA TRUST RENDA IMOBILIARIA - FUNDO DE INVESTIMENTO IMOBILIARIO,28737771/0001-85,Geral,Renda,Híbrido,Fundo de Tijolo,Indeterminado,Ativa,0.20,0.00,122266239,10.79,1.32,0.09,Bilhão
1.02,7.37,1.07,6.51,K,10.87,AROA11,AROEIRA 333 RENDA LOGÍSTICA,44674528/0001-11,Geral,Desenvolvimento para renda,Outros,Fundo de desenvolvimento,Indeterminado,Ativa,,0.00,167926821,0.95,159.98,0.01,Milhões
46.06,13.09,0.59,354.91,K,-4.87,AIEC11,AUTONOMY EDIFÍCIOS CORPORATIVOS FUNDO DE INVESTIMENTO IMOBILIÁRIO,35765826/0001-26,Geral,Renda,Lajes Corporativas,Fundo de Tijolo,Indeterminado,Ativa,0.75,0.00,4824976,77.57,374.25,0.34,Milhões
85.00,5.48,0.69,563.15,K,-10.59,APXM11,FUNDO DE INVESTIMENTO IMOBILIÁRIO APEX MALLS,43010485/0001-07,Geral,Híbridos,Shoppings / Varejo,Fundo de Tijolo,Indeterminado,Ativa,,0.00,2829131,123.36,349.01,0.29,Milhões
7.70,14.92,0.79,474.28,K,-9.69,AZPL11,AZ QUEST PANORAMA LOGÍSTICA FUNDO DE INVESTIMENTO IMOBILIÁRIO - RESPONSABILIDADE LIMITADA,51890054/0001-00,Geral,Renda,Logístico / Indústria / Galpões,Fundo misto,Indeterminado,Ativa,1.10,0.00,18209635,9.71,176.75,0.21,Milhões
7.49,15.59,0.82,64.66,K,-14.01,ARXD11,ARX DOVER RECEBÍVEIS FUNDO DE INVESTIMENTO IMOBILIÁRIO,44527494/0001-32,Geral,Títulos e valores mobiliários,Títulos e Valores Mobiliários,Fundo de papel,Indeterminado,Ativa,1.02,0.00,9011159,9.18,82.74,0.10,Milhões
63.70,15.32,0.74,504.11,K,9.66,BCRI11,BANESTES RECEBÍVEIS IMOBILIÁRIOS FUNDO DE INVESTIMENTO,22219335/0001-38,Geral,Títulos e valores mobiliários,Títulos e Valores Mobiliários,Fundo de papel,Indeterminado,Ativa,1.0,0.00,6257862,85.65,535.99,0.91,Milhões
62.71,13.17,0.84,178.02,K,-2.02,BBFO11,BB FUNDO DE FUNDOS - FUNDO DE INVESTIMENTO IMOBILIÁRIO,37180091/0001-02,Geral,Títulos e valores mobiliários,Títulos e Valores Mobiliários,Fundo de fundos,Indeterminado,Passiva,0.50,0.00,4003889,74.89,299.83,0.76,Milhões
71.10,18.78,0.91,97.21,K,-30.61,BNFS11,BANRISUL NOVAS FRONTEIRAS FUNDO DE INVESTIMENTO IMOBILIÁRIO,15570431/0001-60,Geral,Desenvolvimento para renda,Agências bancárias,Fundo de Tijolo,Indeterminado,Ativa,0.4,9.30,699989,78.13,54.69,1.00,Milhões
347.30,0.00,0.50,41.04,K,-44.43,BBFI11,BB FUNDO DE INVESTIMENTO IMOBILIÁRIO PROGRESSIVO,07000400/0001-46,Geral,Renda,Lajes Corporativas,Fundo de Tijolo,Indeterminado,Passiva,3,100.00,129989,698.17,90.76,100.41,Milhões
98.34,13.06,0.94,73.29,K,-3.34,BBRC11,BB RENDA CORPORATIVA FUNDO DE INVESTIMENTO IMOBILIÁRIO,12681340/0001-04,Geral,Desenvolvimento para renda,Agências bancárias,Fundo de Tijolo,Indeterminado,Passiva,0.60,5.60,1589989,104.54,166.21,1.05,Milhões
7.03,14.25,0.75,899.86,K,-15.32,BBIG11,BB PREMIUM MALLS FUNDO DE INVESTIMENTO IMOBILIÁRIO DE RESPONSABILIDADE LIMITADA,54375187/0001-37,Geral,Renda,Shoppings / Varejo,Fundo de Tijolo,Indeterminado,Ativa,0.80,1.72,99120983,9.43,934.45,0.08,Milhões
97.00,8.72,0.92,251.16,K,10.19,BMLC11,FUNDO DE INVESTIMENTO IMOBILIÁRIO BM BRASCAN LAJES CORPORATIVAS,14376247/0001-11,Geral,Renda,Lajes Corporativas,Fundo de Tijolo,Indeterminado,Passiva,0.20,0.00,998394,105.80,105.63,0.69,Milhões
32.18,12.31,0.45,319.95,K,-4.59,BLMG11,BLUEMACAW LOGÍSTICA FUNDO DE INVESTIMENTO IMOBILIÁRIO,34081637/0001-71,Geral,Renda,Outros,Fundo de Tijolo,Indeterminado,Ativa,0.95,0.00,4674537,71.26,333.11,0.36,Milhões
81.96,12.51,0.82,453.65,K,-10.92,BCIA11,BRADESCO CARTEIRA IMOBILIÁRIA ATIVA – FUNDO DE INVESTIMENTO IMOBILIÁRIO,20216935/0001-17,Geral,Títulos e valores mobiliários,Títulos e Valores Mobiliários,Fundo de fundos,Indeterminado,Ativa,0.50,0.00,3719027,99.44,369.81,0.84,Milhões
81.55,12.08,0.83,2.00,M,0.23,FATN11,FUNDO DE INVESTIMENTO IMOBILIÁRIO ATHENA I,30567216/0001-02,Geral,Renda,Lajes Corporativas,Fundo de Tijolo,Indeterminado,Ativa,0.80,0.38,4611756,98.53,454.40,0.80,Milhões
1.382.00,4.80,1.76,3.23,K,6.22,BVAR11,FUNDO DE INVESTIMENTO IMOBILIÁRIO BRASIL VAREJO,21126204/0001-43,Geral,Renda,Outros,Fundo de Tijolo,Indeterminado,Passiva,0.10,0.00,625529,786.25,491.83,4.20,Milhões
1.17,0.00,0.17,7.88,K,-28.66,CARE11,BRAZILIAN GRAVEYARD DEATH CARE FDO INV IMOB - FII,13584584/0001-31,Geral,Títulos e valores mobiliários,Híbrido,Fundo misto,Indeterminado,Ativa,1.60,0.00,35769908,6.99,249.93,0.01,Milhões
54.40,13.97,0.76,497.43,K,-9.57,BPFF11,FUNDO DE INVESTIMENTO IMOBILIÁRIO - BRASIL PLURAL ABSOLUTO,17324357/0001-28,Geral,Títulos e valores mobiliários,Títulos e Valores Mobiliários,Fundo de fundos,Indeterminado,Ativa,0.4,0.00,4492315,71.21,319.89,0.70,Milhões
6.95,15.34,0.83,47.67,K,12.10,BIME11,BRIO MULTIESTRATÉGIA FUNDO DE INVESTIMENTO IMOBILIÁRIO,41081356/0001-84,Geral,Renda,Híbrido,Outro,Indeterminado,Ativa,1.50,0.00,5845591,8.39,49.07,0.09,Milhões
900.00,7.20,0.85,90.00,K,6.11,BICE11,BRIO CRÉDITO ESTRUTURADO - FUNDO DE INVESTIMENTO IMOBILIÁRIO,39332032/0001-20,Investidor Qualificado,Títulos e valores mobiliários,Títulos e Valores Mobiliários,Fundo de fundos,Determinado,Ativa,1.25,0.00,133403,1053.25,140.52,4.66,Milhões
678.29,43.69,0.99,13.33,K,22.08,BRIP11,BRIO REAL ESTATE III FUNDO DE INVESTIMENTO IMOBILIÁRIO,34895752/0001-80,Geral,Híbridos,Híbrido,Fundo de desenvolvimento,Determinado,Ativa,2.0,0.00,215464,687.80,148.20,11.77,Milhões
513.90,42.83,1.38,12.83,K,6.78,BRIM11,BRIO REAL ESTATE II - FUNDO DE INVESTIMENTO IMOBILIÁRIO,23964843/0001-03,Geral,Híbridos,Outros,Fundo de desenvolvimento,Determinado,Ativa,1.5,0.00,124126,371.24,46.08,80.56,Milhões
107.72,9.86,0.91,3.23,M,1.87,BRCO11,BRESCO LOGÍSTICA - FUNDO DE INVESTIMENTO IMOBILIÁRIO,20748515/0001-81,Geral,Híbridos,Logístico / Indústria / Galpões,Fundo de Tijolo,Indeterminado,Ativa,0.0975,4.50,15905122,117.88,1.87,0.87,Bilhão
57.20,0.00,1.10,63.21,K,-0.12,LLAO11,BS2 ALLINVESTMENTS FUNDO DE INVESTIMENTO IMOBILIÁRIO,41218404/0001-33,Investidor Qualificado,Desenvolvimento para venda,Híbrido,Fundo misto,Indeterminado,Ativa,2.00,0.00,361129,52.09,18.81,1.70,Milhões
55.69,11.44,0.51,265.93,K,34.23,BROF11,BRPR CORPORATE OFFICES FDO DE INV IMOB,48978859/0001-04,Geral,Renda,Híbrido,Fundo de Tijolo,Indeterminado,Ativa,,8.80,11610801,108.25,1.26,0.62,Bilhão
79.15,12.96,0.71,498.35,K,14.74,BTAL11,FUNDO DE INVESTIMENTO IMOBILIÁRIO BTG PACTUAL AGRO LOGÍSTICA,36642244/0001-15,Geral,Renda,Outros,Fundo de Tijolo,Indeterminado,Ativa,1.10,0.00,5982725,111.41,666.53,0.90,Milhões
42.40,10.63,0.62,22.76,K,15.53,BTHI11,BTG PACTUAL HOTÉIS FII,18308516/0001-63,Geral,Híbridos,Hotéis,Fundo de Tijolo,Indeterminado,Ativa,095,45.50,9218501,68.62,632.62,0.41,Milhões
40.93,13.58,0.48,786.93,K,-7.92,BRCR11,FUNDO DE INVESTIMENTO IMOBILIÁRIO - BTG PACTUAL CORPORATE OFFICE,08924783/0001-01,Geral,Híbridos,Híbrido,Fundo de Tijolo,Indeterminado,Ativa,0.25,12.10,26638191,85.00,2.26,0.41,Bilhões
9.15,12.34,0.90,1.81,M,4.59,BTCI11,BTG Pactual Fundo de CRI,09552812/0001-14,Geral,Títulos e valores mobiliários,Títulos e Valores Mobiliários,Fundo de papel,Indeterminado,Ativa,0.95,0.00,99521161,10.15,1.01,0.10,Bilhão
8.23,10.25,0.83,6.64,M,7.84,BTHF11,BTG PACTUAL REAL ESTATE HEDGE FUND FII - RESP LTDA,45188176/0001-57,Geral,Títulos e valores mobiliários,Híbrido,Fundo de papel,Indeterminado,Ativa,,0.00,205846929,9.89,2.04,0.09,Bilhões
98.30,9.61,0.94,6.78,M,6.77,BTLG11,BTG PACTUAL LOGÍSTICA FUNDO DE INVESTIMENTO IMOBILIÁRIO,11839593/0001-09,Geral,Renda,Logístico / Indústria / Galpões,Fundo de Tijolo,Indeterminado,Ativa,0.9,1.00,43249140,104.21,4.51,0.78,Bilhões
109.59,2.05,0.94,2.71,K,-4.70,BTSI11,BTSP II FUNDO DE INVESTIMENTO IMOBILIÁRIO,36930464/0001-44,Geral,Desenvolvimento para renda,Híbrido,Fundo de desenvolvimento,Indeterminado,Ativa,,0.00,5723063,117.07,669.99,0.78,Milhões
79.95,19.66,0.61,752.09,K,13.12,BPML11,FUNDO DE INVESTIMENTO IMOBILIÁRIO BTG PACTUAL SHOPPINGS,33046142/0001-49,Investidor Qualificado,Renda,Shoppings / Varejo,Fundo de Tijolo,Indeterminado,Ativa,1.0,7.20,7441734,130.22,969.09,1.06,Milhões
101.32,7.13,0.86,123.33,K,-12.36,BTWR11,BTOWERS - FUNDO DE INVESTIMENTO IMOBILIÁRIO,20132453/0001-89,Investidor Qualificado,Renda,Lajes Corporativas,Fundo de desenvolvimento,Indeterminado,Passiva,0.80,6.00,809258,118.49,95.89,0.60,Milhões
51.14,8.70,0.46,87.61,K,15.05,BTRA11,FUNDO DE INVESTIMENTO IMOBILIÁRIO BTG PACTUAL TERRAS AGRÍCOLAS,41076607/0001-32,Geral,Renda,Fiagros,Outro,Indeterminado,Ativa,1.22,0.00,3364548,111.44,374.96,0.83,Milhões
151.45,7.56,1.00,1.53,K,3.05,BTSG11,BTSP I FUNDO DE INVESTIMENTO IMOBILIÁRIO,36098375/0001-83,Geral,Desenvolvimento para renda,Híbrido,Fundo de Tijolo,Indeterminado,Ativa,0.20,0.00,775004,152.08,117.86,1.00,Milhões
57.51,14.16,0.60,108.12,K,-5.97,CXCO11,FUNDO DE INVESTIMENTO IMOBILIÁRIO CAIXA IMÓVEIS CORPORATIVOS,38658984/0001-75,Geral,Renda,Lajes Corporativas,Fundo de Tijolo,Indeterminado,Ativa,0.25,0.00,3924489,96.06,376.98,0.66,Milhões
8.63,11.38,0.83,265.28,K,-8.39,CCME11,CANUMA CAPITAL MULTIESTRATÉGIA FUNDO DE INVESTIMENTO IMOBILIÁRIO,43010844/0001-26,Geral,Híbridos,Outros,Fundo misto,Indeterminado,Ativa,Taxa de gestão 1.20,2.90,67797042,10.45,708.57,0.08,Milhões
10.50,10.20,1.09,3.67,M,16.41,CPUR11,Classe Única do Capitânia HBC Renda Urbana,34691520/0001-00,Geral,Renda,Híbrido,Outro,Indeterminado,Ativa,1.00,2.20,62371124,9.59,598.34,0.06,Milhões
69.54,10.56,0.85,9.39,K,-0.61,CRFF11,CAIXA RIO BRAVO FUNDO DE FUNDOS DE INVESTIMENTO IMOBILIÁRIO II,31887401/0001-39,Geral,Títulos e valores mobiliários,Títulos e Valores Mobiliários,Fundo de fundos,Indeterminado,Ativa,1.15,0.00,690029,81.92,56.53,0.61,Milhões
11.79,6.85,1.22,6.88,M,19.70,CPLG11,CAPITÂNIA LOGÍSTICA FUNDO DE INVESTIMENTO IMOBILIÁRIO - FII,52371756/0001-40,Geral,Híbridos,Logístico / Indústria / Galpões,Fundo misto,Indeterminado,Ativa,,0.00,34345209,9.63,330.74,0.03,Milhões
61.12,11.58,0.75,9.77,K,-13.73,CXRI11,CAIXA RIO BRAVO FUNDO DE INVESTIMENTO IMOBILIÁRIO,17098794/0001-70,Geral,Híbridos,Híbrido,Fundo de fundos,Indeterminado,Ativa,1.20,0.00,1575749,81.24,128.02,0.59,Milhões
108.50,8.02,0.99,5.52,M,8.38,CPOF11,CAPITÂNIA OFFICE FII - FDO DE INV IMOB,48916699/0001-60,Geral,Renda,Híbrido,Fundo misto,Indeterminado,Ativa,,3.00,4772394,109.69,523.49,0.75,Milhões
7.26,13.06,0.81,5.54,M,0.83,CPTS11,CAPITANIA SECURITIES II FUNDO DE INVESTIMENTO IMOBILIÁRIO,18979895/0001-13,Geral,Títulos e valores mobiliários,Títulos e Valores Mobiliários,Fundo de papel,Indeterminado,Ativa,1.05,0.00,328558318,8.96,2.95,0.09,Bilhões
95.49,6.65,0.74,135.86,K,0.22,BLCA11,BLUEMACAW CATUAÍ TRIPLE A FUNDO DE INVESTIMENTO IMOBILIÁRIO,41076748/0001-55,Geral,Híbridos,Lajes Corporativas,Fundo misto,Indeterminado,Ativa,1.15,0.00,1599989,129.03,206.44,0.85,Milhões
83.01,19.43,0.87,1.33,M,-6.07,CACR11,CARTESIA RECEBÍVEIS IMOBILIÁRIOS FUNDO DE INVESTIMENTO IMOBILIÁRIO,32065364/0001-46,Geral,Híbridos,Híbrido,Fundo de papel,Indeterminado,Ativa,1.00,0.00,4836313,95.85,463.55,1.35,Milhões
9.48,12.87,0.80,4.43,M,1.61,CPSH11,SHOPPINGS AAA FDO DE INV IMOB,47896665/0001-99,Geral,Renda,Shoppings / Varejo,Fundo de Tijolo,Indeterminado,Ativa,,4.90,79699807,11.83,943.03,0.10,Milhões
1.22,6.54,0.16,475.23,K,-12.86,CNES11,FUNDO DE INVESTIMENTO IMOBILIÁRIO - CENESP,13551286/0001-45,Geral,Renda,Lajes Corporativas,Fundo de Tijolo,Indeterminado,Ativa,0.30,59.40,34134814,7.57,258.46,0.01,Milhões
22.44,4.46,0.33,36.78,K,-16.52,CBOP11,CASTELLO BRANCO OFFICE PARK FUNDO DE INVESTIMENTO IMOBILIÁRIO,17144039/0001-85,Geral,Renda,Lajes Corporativas,Fundo de Tijolo,Indeterminado,Passiva,105,41.60,1414989,67.29,95.21,0.10,Milhões
5.51,0.36,0.26,1.19,K,-32.48,CTXT11,FUNDO DE INVESTIMENTO IMOBILIÁRIO CENTRO TÊXTIL INTERNACIONAL,00762723/0001-28,Geral,Desenvolvimento para renda,Lajes Corporativas,Fundo de Tijolo,Indeterminado,Passiva,0.265,0.00,4659595,21.52,100.29,0.02,Milhões
650.00,23.65,0.66,225.20,K,1.08,CFII11,CF3 FUNDO DE INVESTIMENTO IMOBILIÁRIO,41325993/0001-59,Investidor Qualificado,Desenvolvimento para venda,Híbrido,Fundo de desenvolvimento,Determinado,Ativa,,0.00,126308,992.02,125.31,3.85,Milhões
320.00,16.69,0.93,300.74,K,31.95,CFHI11,CF2 FUNDO DE INVESTIMENTO IMOBILIÁRIO,34508923/0001-70,fiiQUALIFIED_INVESTOR,Híbridos,Outros,Fundo de desenvolvimento,Indeterminado,Ativa,1,0.00,94589,345.89,32.72,25.80,Milhões
61.24,3.17,0.84,5.31,K,0.53,CJCT11,CIDADE JARDIM CONTINENTAL TOWER FUNDO DE INVESTIMENTO IMOBILIÁRIO,10347985/0001-80,Investidor Qualificado,Renda,Lajes Corporativas,Fundo de Tijolo,Indeterminado,Passiva,0.70,31.80,3139989,72.92,228.97,0.20,Milhões
89.16,13.86,0.91,1.34,M,8.24,CLIN11,CLAVE ÍNDICES DE PREÇOS,49005348/0001-60,Geral,Títulos e valores mobiliários,Títulos e Valores Mobiliários,Fundo de papel,Indeterminado,Ativa,,0.00,4346752,97.94,425.72,1.00,Milhões
7.07,13.12,0.83,12.90,K,-21.18,DAMA11,DAMA FUNDO DE INVESTIMENTO IMOBILIÁRIO,53866872/0001-01,Geral,Títulos e valores mobiliários,Títulos e Valores Mobiliários,Fundo de papel,Indeterminado,Ativa,,0.00,5537020,8.47,46.89,0.09,Milhões
95.00,0.00,0.79,1.51,M,-5.00,CYLD11,CYRELA DESENVOLVIMENTO LOGÍSTICO FII,43010601/0001-98,Investidor Qualificado,Desenvolvimento para venda,Logístico / Indústria / Galpões,Fundo de Tijolo,Determinado,Ativa,,0.00,1241836,120.58,149.75, 0.00,Milhões
4.50,0.67,0.46,6.23,K,7.14,DAYM11,DAYCOVAL REAL ESTATE MULTIESTRATÉGIA FII RL,38293921/0001-62,Geral,Híbridos,Lajes Corporativas,Fundo de Tijolo,Indeterminado,Ativa,,9.60,17100927,9.89,169.09,0.03,Milhões
8.69,13.96,0.92,493.26,K,1.29,CYCR11,CYRELA CRÉDITO - FUNDO DE INVESTIMENTO IMOBILIÁRIO,36501233/0001-15,Geral,Títulos e valores mobiliários,Outros,Fundo de papel,Indeterminado,Ativa,1.00,0.00,36549434,9.42,344.40,0.11,Milhões
53.23,18.97,0.59,131.46,K,-8.27,IBCR11,FUNDO DE INVESTIMENTO IMOBILIÁRIO DE CRI INTEGRAL BREI,40011251/0001-96,Geral,Títulos e valores mobiliários,Títulos e Valores Mobiliários,Fundo de papel,Indeterminado,Ativa,1.00,0.00,958412,90.05,86.31,0.75,Milhões
10.888.00,0.00,1.12,380.66,K,7.89,ASRF11,ASA RETROFITS I FUNDO DE INVESTIMENTO IMOBILIÁRIO - FII,451880/3300-01,Investidor Qualificado,Híbridos,Híbrido,Fundo de desenvolvimento,Determinado,Ativa,2.20,0.00,3989,9714.85,38.86, 0.00,Milhões
28.77,18.00,0.30,684.17,K,-10.54,DEVA11,DEVANT RECEBÍVEIS IMOBILIÁRIOS FUNDO DE INVESTIMENTO IMOBILIÁRIO,37087810/0001-37,Geral,Títulos e valores mobiliários,Títulos e Valores Mobiliários,Fundo de papel,Indeterminado,Ativa,0.70,0.00,14044897,97.16,1.36,0.34,Bilhão
125.84,2.00,0.79,198.62,K,-6.09,ERPA11,EUROPA 105 - FUNDO DE INVESTIMENTO IMOBILIÁRIO,31469385/0001-64,Investidor Qualificado,Renda,Lajes Corporativas,Fundo de Tijolo,Indeterminado,Passiva,0.17,0.00,500911,159.50,79.89,0.94,Milhões
3.03,0.00,0.02,1.16,K,-25.37,EGYR11,ENERGY RESORT FUNDO DE INVESTIMENTO IMOBILIÁRIO,36969658/0001-53,Geral,Títulos e valores mobiliários,Outros,Fundo de desenvolvimento,Indeterminado,Passiva,0.50,0.00,762207,149.00,113.57, 0.00,Milhões
850.00,13.62,1.48,105.96,K,10.07,KEVE11,EVEN II KINEA FUNDO DE INVESTIMENTO IMOBILIÁRIO,32317313/0001-64,Investidor Qualificado,Desenvolvimento para venda,Outros,Fundo de desenvolvimento,Determinado,Passiva,1.45,0.00,147689,573.17,84.66,34.53,Milhões
95.30,14.95,1.02,77.03,K,12.89,FLCR11,FARIA LIMA CAPITAL RECEBÍVEIS IMOBILIÁRIOS I - FUNDO DE INVESTIMENTO IMOBILIÁRIO,33884145/0001-51,Investidor Qualificado,Títulos e valores mobiliários,Títulos e Valores Mobiliários,Fundo de papel,Indeterminado,Ativa,1.00,0.00,751833,93.09,69.99,1.05,Milhões
9.87,14.59,1.02,13.45,K,22.00,EXES11,EXES FUNDO DE INVESTIMENTO IMOBILIÁRIO,41076851/0001-03,Investidor Qualificado,Títulos e valores mobiliários,Títulos e Valores Mobiliários,Fundo de papel,Indeterminado,Ativa,,0.00,7105433,9.70,68.96,0.13,Milhões
7.90,14.88,0.82,177.15,K,0.64,EQIR11,EQI RECEBÍVEIS IMOBILIÁRIOS FUNDO DE INVESTIMENTO IMOBILIÁRIO,41076380/0001-25,Investidor Qualificado,Títulos e valores mobiliários,Títulos e Valores Mobiliários,Outro,Indeterminado,Ativa,1.00,0.00,10909304,9.59,104.61,0.11,Milhões
75.91,13.17,0.90,1.22,M,-3.70,VRTA11,FATOR VERITA FUNDO DE INVESTIMENTO IMOBILIÁRIO,11664201/0001-00,Geral,Títulos e valores mobiliários,Títulos e Valores Mobiliários,Fundo de papel,Indeterminado,Ativa,1.0,0.00,15592413,84.55,1.32,0.85,Bilhão
11.803.62,1.24,0.65,1.51,M,6.42,ERCR11,ESTOQUE RESIDENCIAL E COMERCIAL RJ FUNDO DE INVESTIMENTO IMOBILIÁRIO,37266902/0001-84,Investidor Qualificado,Desenvolvimento para renda,Híbrido,Fundo de Tijolo,Indeterminado,Passiva,0.10,0.00,2365,18117.19,43.05,146.50,Milhões
1.147.12,0.00,1.25,30.98,K,12.87,EGDB11,FII EGDB,53866393/0001-87,Geral,Híbridos,Híbrido,Outro,Indeterminado,Ativa,,0.00,72997,914.17,66.74, 0.00,Milhões
7.04,15.13,0.75,541.34,K,-26.44,VRTM11,FATOR VERITÀ MULTIESTRATÉGIA,51870412/0001-13,Geral,Híbridos,Híbrido,Outro,Indeterminado,Ativa,,0.00,46971234,9.33,438.07,0.09,Milhões
133.20,9.52,0.60,96.09,K,3.59,FLMA11,FUNDO DE INVESTIMENTO IMOBILIÁRIO CONTINENTAL SQUARE FARIA LIMA,04141645/0001-03,Geral,Renda,Híbrido,Fundo de Tijolo,Indeterminado,Ativa,2,20.70,1380659,220.54,304.49,1.02,Milhões
229.96,10.03,0.70,38.17,K,2.73,EURO11,FUNDO DE INVESTIMENTO IMOBILIÁRIO EUROPAR,05437916/0001-27,Geral,Híbridos,Logístico / Indústria / Galpões,Fundo de Tijolo,Indeterminado,Passiva,5.0,0.00,383925,329.69,126.58,2.00,Milhões
150.00,4.71,0.95,10.87,M,4.37,JCIN11,FOF JHSF CAPITAL INSTITUCIONAL FII,50718976/0001-72,Investidor Qualificado,Títulos e valores mobiliários,Títulos e Valores Mobiliários,Fundo de fundos,Indeterminado,Passiva,,0.00,1317706,157.25,207.22,0.62,Milhões
73.77,4.95,0.64,6.83,K,64.04,FMOF11,FUNDO DE INVESTIMENTO IMOBILIÁRIO MEMORIAL OFFICE,01633741/0001-72,Geral,Renda,Lajes Corporativas,Fundo de Tijolo,Indeterminado,Passiva,5.0,0.00,507997,115.99,58.92,0.43,Milhões
692.00,6.34,0.33,15.76,K,11.39,ALMI11,FUNDO DE INVESTIMENTO IMOBILIÁRIO - TORRE ALMIRANTE,07122725/0001-00,Geral,Renda,Lajes Corporativas,Fundo de Tijolo,Indeterminado,Passiva,0.383,46.34,111166,2108.52,234.42,3.93,Milhões
77.00,11.69,0.87,702.40,K,-3.76,KFOF11,FUNDO DE FUNDOS DE INVESTIMENTO IMOBILIÁRIO KINEA FII,30091444/0001-40,Geral,Títulos e valores mobiliários,Títulos e Valores Mobiliários,Fundo de fundos,Indeterminado,Ativa,0.92,0.00,7014554,88.65,621.82,0.75,Milhões
41.45,13.31,0.57,22.91,K,6.23,CEOC11,FUNDO DE INVESTIMENTO IMOBILIÁRIO - CYRELA COMMERCIAL PROPERTIES,15799397/0001-09,Geral,Renda,Lajes Corporativas,Fundo de Tijolo,Indeterminado,Passiva,0.20,0.00,1815685,72.71,132.03,0.47,Milhões
125.00,8.33,1.01,213.34,K,17.50,FCFL11,FUNDO DE INVESTIMENTO IMOBILIÁRIO – CAMPUS FARIA LIMA,11602654/0001-01,Geral,Renda,Educacional,Fundo de Tijolo,Indeterminado,Passiva,0.30,0.00,3473999,123.20,428.02,0.90,Milhões
144.45,13.51,0.65,53.84,K,9.69,FAED11,FUNDO DE INVESTIMENTO IMOBILIÁRIO – FII ANHANGUERA EDUCACIONAL,11179118/0001-45,Geral,Renda,Outros,Fundo de Tijolo,Indeterminado,Passiva,0.3,0.00,692366,221.95,153.67,1.66,Milhões
14.91,5.60,0.32,43.38,K,-16.28,EDGA11,FUNDO DE INVESTIMENTO IMOBILIÁRIO - EDIFÍCIO GALERIA,15333306/0001-37,Geral,Renda,Lajes Corporativas,Fundo de Tijolo,Indeterminado,Passiva,0.20,23.55,3812044,46.71,178.07,0.08,Milhões
7.99,15.13,0.82,193.86,K,-0.37,FYTO11,FUNDO DE INVESTIMENTO IMOBILIÁRIO - NCH BRASIL RECEBÍVEIS IMOBILIÁRIOS,18085673/0001-57,Geral,Títulos e valores mobiliários,Títulos e Valores Mobiliários,Fundo de papel,Indeterminado,Ativa,0.20,0.00,15281377,9.78,149.49,0.10,Milhões
84.94,13.94,0.92,2.39,M,4.30,CVBI11,FUNDO DE INVESTIMENTO IMOBILIÁRIO - VBI CRI,28729197/0001-13,Geral,Títulos e valores mobiliários,Títulos e Valores Mobiliários,Fundo de papel,Indeterminado,Ativa,0.90,0.00,11010217,92.12,1.01,1.05,Bilhão
700.01,149.57,0.38,17.22,K,-9.66,FAMB11,FUNDO DE INVESTIMENTO IMOBILIÁRIO - EDIFÍCIO ALMIRANTE BARROSO,05562312/0001-02,Geral,Renda,Lajes Corporativas,Fundo de Tijolo,Indeterminado,Passiva,2.50,89.31,122527,1835.13,224.87,45.43,Milhões
262.28,12.21,0.80,32.30,K,3.42,HCRI11,FUNDO DE INVESTIMENTO IMOBILIÁRIO - HOSPITAL DA CRIANÇA,04066582/0001-60,Geral,Renda,Hospitalar,Fundo de Tijolo,Indeterminado,Passiva,2.0,0.00,199989,325.88,65.18,2.73,Milhões
172.88,10.86,0.82,361.92,K,5.87,NSLU11,FUNDO DE INVESTIMENTO IMOBILIÁRIO - HOSPITAL NOSSA SENHORA DE LOURDES,08014513/0001-63,Geral,Renda,Hospitalar,Fundo de Tijolo,Indeterminado,Passiva,2.50,0.00,1293275,210.11,271.73,1.66,Milhões
850.00,41.35,1.07,5.99,K,31.87,RBRI11,FUNDO DE INVESTIMENTO IMOBILIÁRIO - RBR DESENVOLVIMENTO III,32441656/0001-36,fiiQUALIFIED_INVESTOR,Renda,Híbrido,Fundo de desenvolvimento,Indeterminado,Ativa,0.20,0.00,139654,794.38,110.95,13.00,Milhões
2.395.00,9.83,0.72,209.62,K,40.62,PQDP11,FUNDO DE INVESTIMENTO IMOBILIÁRIO - PARQUE DOM PEDRO SHOPPING CENTER,10869155/0001-12,Geral,Renda,Shoppings / Varejo,Fundo de Tijolo,Indeterminado,Passiva,0.23,2.10,100550,3327.70,334.64,18.33,Milhões
63.09,20.08,0.61,72.16,K,8.74,MAXR11,FUNDO DE INVESTIMENTO IMOBILIÁRIO - MAX RETAIL,11274415/0001-70,fiiGENERAL,Renda,Outros,Fundo de Tijolo,Indeterminado,Ativa,0.15,26.00,1125644,102.91,115.84,0.52,Milhões
86.10,12.45,0.94,2.95,M,8.24,RBRR11,FUNDO DE INVESTIMENTO IMOBILIÁRIO - RBR RENDIMENTO HIGH GRADE,29467977/0001-03,Geral,Títulos e valores mobiliários,Títulos e Valores Mobiliários,Fundo de papel,Indeterminado,Ativa,0.15,0.00,15057190,91.47,1.38,0.95,Bilhão
5.93,13.66,0.70,205.73,K,-11.23,DVFF11,FUNDO DE INVESTIMENTO IMOBILIÁRIO DEVANT FOF IMOBILIÁRIOS,39863059/0001-49,Geral,Títulos e valores mobiliários,Híbrido,Fundo de fundos,Indeterminado,Ativa,0.15,0.00,11009489,8.41,92.62,0.07,Milhões
30.90,14.01,0.34,275.27,K,3.34,RECT11,FUNDO DE INVESTIMENTO IMOBILIÁRIO - FII REC RENDA IMOBILIÁRIA,32274163/0001-59,Geral,Híbridos,Híbrido,Outro,Indeterminado,Ativa,0.17,9.80,8543482,90.96,777.13,0.37,Milhões
97.67,0.00,0.55,14.46,K,-13.56,TRNT11,FUNDO DE INVESTIMENTO IMOBILIÁRIO - TORRE NORTE,04722883/0001-02,Geral,Renda,Lajes Corporativas,Fundo de Tijolo,Indeterminado,Passiva,1.50,31.90,3935551,176.85,696.00,0.07,Milhões
82.00,14.69,0.93,2.80,M,13.54,RECR11,FUNDO DE INVESTIMENTO IMOBILIÁRIO - FII REC RECEBÍVEIS IMOBILIÁRIOS,28152272/0001-26,fiiGENERAL,Títulos e valores mobiliários,Títulos e Valores Mobiliários,Fundo de papel,Indeterminado,Ativa,0.20,0.00,26441639,88.20,2.33,0.95,Bilhões
74.24,11.93,0.64,158.24,K,9.55,CXAG11,FUNDO DE INVESTIMENTO IMOBILIÁRIO CAIXA AGÊNCIAS,40189596/0001-34,Geral,Renda,Agências bancárias,Fundo de Tijolo,Indeterminado,Passiva,0.58,0.00,2090610,115.83,242.16,0.70,Milhões
64.59,14.17,0.77,488.54,K,-10.51,CXCI11,FUNDO DE INVESTIMENTO IMOBILIÁRIO CAIXA CARTEIRA IMOBILIÁRIA,42066916/0001-94,Geral,Títulos e valores mobiliários,Fundo de Fundos,Fundo de fundos,Indeterminado,Ativa,,0.00,2057715,83.34,171.50,0.75,Milhões
40.65,12.94,0.64,28.48,K,13.55,CXCE11,FUNDO DE INVESTIMENTO IMOBILIÁRIO CAIXA CEDAE,10991914/0001-15,Geral,Renda,Lajes Corporativas,Fundo de Tijolo,Indeterminado,Passiva,5.0,0.00,1712939,63.46,108.70,0.46,Milhões
240.00,8.48,0.00,5.04,K,16.58,CXTL11,FUNDO DE INVESTIMENTO IMOBILIÁRIO CAIXA SEQ LOGÍSTICA RENDA,12887506/0001-43,Geral,Renda,Logístico / Indústria / Galpões,Fundo de Tijolo,Indeterminado,Passiva,0.41,0.00,53586,402503.68,21.57,0.29,Bilhões
12.14,9.18,0.73,2.00,K,1.17,NVHO11,FUNDO DE INVESTIMENTO IMOBILIÁRIO - NOVO HORIZONTE,17025970/0001-44,Investidor Qualificado,Desenvolvimento para renda,Hospitalar,Fundo de Tijolo,Indeterminado,Ativa,0.10,0.00,41494522,16.61,689.43,0.09,Milhões
1.081.93,0.00,0.99,257.33,K,8.49,LKDV11,FUNDO DE INVESTIMENTO IMOBILIÁRIO DEVELOPMENT V1,40102445/0001-05,Investidor Qualificado,Híbridos,Híbrido,Fundo de papel,Indeterminado,Ativa,,0.00,66800,1091.85,72.95, 0.00,Milhões
122.04,12.72,0.58,4.78,K,-24.13,EDFO11,FUNDO DE INVESTIMENTO IMOBILIÁRIO EDIFÍCIO OUROINVEST,06175262/0001-73,Geral,Renda,Lajes Corporativas,Fundo de Tijolo,Indeterminado,Passiva,0.30,28.27,235989,210.44,49.66,1.23,Milhões
76.10,13.07,0.76,661.27,K,5.90,GTWR11,FUNDO DE INVESTIMENTO IMOBILIARIO GREEN TOWERS,23740527/0001-58,Geral,Renda,Lajes Corporativas,Fundo de Tijolo,Indeterminado,Ativa,0.25,0.00,11999989,99.79,1.20,0.90,Bilhão
94.82,11.18,0.64,2.28,K,-6.88,HUSC11,FUNDO DE INVESTIMENTO IMOBILIÁRIO HOSPITAL UNIMED SUL CAPIXABA,28851767/0001-43,Geral,Desenvolvimento para renda,Hospitalar,Fundo de Tijolo,Indeterminado,Passiva,0.35,0.00,850810,148.65,126.47,0.86,Milhões
137.52,14.76,1.11,3.50,M,18.41,HBCR11,HBC RENDA URBANA FUNDO DE INVESTIMENTO IMOBILIÁRIO,36501159/0001-37,Geral,Desenvolvimento para renda,Lajes Corporativas,Fundo misto,Indeterminado,Ativa,0.18,0.00,1599989,124.37,199.00,0.53,Milhões
61.32,15.48,0.74,4.31,M,-1.14,IRDM11,FUNDO DE INVESTIMENTO IMOBILIÁRIO IRIDIUM RECEBÍVEIS IMOBILIÁRIOS,28830325/0001-10,Geral,Títulos e valores mobiliários,Títulos e Valores Mobiliários,Fundo de papel,Indeterminado,Ativa,0.17,0.00,36433816,82.84,3.02,0.78,Bilhões
82.00,9.25,0.90,1.68,K,-5.93,HOSI11,FUNDO DE INVESTIMENTO IMOBILIÁRIO HOUSI,34081631/0001-02,Geral,Híbridos,Híbrido,Fundo de Tijolo,Indeterminado,Ativa,0.30,0.00,573439,91.11,52.25,0.65,Milhões
517.30,8.78,1.09,182.72,K,11.73,FIIB11,FUNDO DE INVESTIMENTO IMOBILIARIO INDUSTRIAL DO BRASIL,14217108/0001-45,Geral,Híbridos,Logístico / Indústria / Galpões,Fundo de Tijolo,Indeterminado,Passiva,3,0.00,684989,475.22,325.53,3.58,Milhões
38.01,2.70,0.62,168.59,K,31.08,OULG11,FUNDO DE INVESTIMENTO IMOBILIÁRIO OURINVEST LOGÍSTICA,13974819/0001-00,Geral,Renda,Logístico / Indústria / Galpões,Fundo de Tijolo,Indeterminado,Ativa,1.00,0.00,2481272,61.62,152.90,0.02,Milhões
85.25,12.20,0.90,2.96,M,8.93,MCCI11,FUNDO DE INVESTIMENTO IMOBILIÁRIO MAUÁ CAPITAL RECEBÍVEIS IMOBILIÁRIOS,23648935/0001-84,Geral,Títulos e valores mobiliários,Títulos e Valores Mobiliários,Fundo de papel,Indeterminado,Ativa,0.20,0.00,16960013,94.37,1.60,1.00,Bilhão
8.25,13.71,0.83,16.26,K,0.96,PULV11,FUNDO DE INV IMOB RBR CRÉD PULVERIZADO RESP LTDA,53018363/0001-10,fiiGENERAL,Títulos e valores mobiliários,Títulos e Valores Mobiliários,Fundo de papel,Indeterminado,Ativa,,0.00,12000229,9.94,119.28,0.10,Milhões
24.27,11.94,0.79,1.67,K,150.46,VPSI11,FUNDO DE INVESTIMENTO IMOBILIÁRIO POLO SHOPPING INDAIATUBA,14721889/0001-00,Geral,Renda,Shoppings / Varejo,Fundo de Tijolo,Indeterminado,Passiva,0.15,0.00,8071886,30.74,248.12,0.27,Milhões
92.77,13.31,0.96,2.37,M,11.61,RBRY11,FUNDO DE INVESTIMENTO IMOBILIÁRIO RBR PRIVATE CRÉDITO IMOBILIÁRIO,30166700/0001-11,Geral,Títulos e valores mobiliários,Títulos e Valores Mobiliários,Fundo de papel,Indeterminado,Ativa,0.20,0.00,12769501,96.98,1.24,1.18,Bilhão
67.90,10.06,0.81,520.52,K,28.11,RELG11,FUNDO DE INVESTIMENTO IMOBILIÁRIO REC LOGÍSTICA,37112770/0001-36,Geral,Híbridos,Híbrido,Fundo de Tijolo,Indeterminado,Ativa,0.175,3.00,1334551,84.06,112.19,0.80,Milhões
49.68,11.07,0.65,838.09,K,-1.21,RBRP11,FUNDO DE INVESTIMENTO IMOBILIÁRIO RBR PROPERTIES,21408063/0001-51,Geral,Renda,Outros,Fundo de Tijolo,Indeterminado,Ativa,0.12,6.63,12179175,76.02,925.85,0.40,Milhões
89.50,13.69,0.93,2.39,M,9.40,RZTR11,FUNDO DE INVESTIMENTO IMOBILIÁRIO RIZA TERRAX,36501128/0001-86,Geral,Renda,Híbrido,Outro,Indeterminado,Ativa,1.25,0.00,18851709,96.61,1.82,1.00,Bilhão
386.40,0.00,0.94,12.37,K,-31.90,ROOF11,FUNDO DE INVESTIMENTO IMOBILIÁRIO ROOFTOP I,38456598/0001-09,Investidor Qualificado,Desenvolvimento para venda,Outros,Fundo de desenvolvimento,Determinado,Ativa,0.30,0.00,77484,412.38,31.96,41.72,Milhões
80.05,15.51,0.79,317.22,K,-7.97,SMRE11,FUNDO DE INVESTIMENTO IMOBILIÁRIO SMART REAL ESTATE – FII RESPONSABILIDADE LIMITADA,53730029/0001-95,Investidor Qualificado,Híbridos,Outros,Outro,Indeterminado,Ativa,0.22,0.00,1044484,101.31,105.82,1.01,Milhões
61.05,9.63,0.54,6.88,K,9.70,FISC11,FUNDO DE INVESTIMENTO IMOBILIÁRIO SC 401,12804013/0001-00,Geral,Renda,Lajes Corporativas,Fundo de Tijolo,Indeterminado,Ativa,3.6,7.10,1699985,113.79,193.44,0.50,Milhões
85.00,14.89,0.76,3.99,M,-17.61,TGAR11,FUNDO DE INVESTIMENTO IMOBILIARIO TG ATIVO REAL,25032881/0001-53,Geral,Híbridos,Híbrido,Fundo de desenvolvimento,Indeterminado,Ativa,1.50,0.00,23567957,111.15,2.62,1.00,Bilhões
102.54,9.39,0.87,2.94,M,0.04,LVBI11,FUNDO DE INVESTIMENTO IMOBILIÁRIO VBI LOGÍSTICO,30629603/0001-18,Geral,Renda,Logístico / Indústria / Galpões,Fundo de Tijolo,Indeterminado,Ativa,1.30,10.70,16118554,117.64,1.90,0.75,Bilhão
79.20,13.59,0.87,953.82,K,12.85,BARI11,FUNDO DE INVESTIMENTO IMOBILIÁRIO BARIGUI RENDIMENTOS IMOBILIÁRIOS I,29267567/0001-00,Geral,Títulos e valores mobiliários,Títulos e Valores Mobiliários,Fundo de papel,Indeterminado,Ativa,1.305,0.00,4634180,91.23,422.77,0.95,Milhões
3.80,0.00,0.65,20.06,K,38.69,FIVN11,FUNDO DE INVESTIMENTO IMOBILIÁRIO VIDA NOVA,17854016/0001-64,Geral,Renda,Shoppings / Varejo,Fundo de Tijolo,Indeterminado,Passiva,,56.00,9412619,5.89,55.45, 0.00,Milhões
71.80,11.42,0.63,24.44,K,10.75,VSHO11,FUNDO DE INVESTIMENTO IMOBILIÁRIO VOTORANTIM SHOPPING,23740595/0001-17,Geral,Renda,Shoppings / Varejo,Fundo de Tijolo,Indeterminado,Ativa,0.75,5.10,2098789,114.86,241.06,0.46,Milhões
84.01,13.74,0.80,191.20,K,0.38,VTLT11,FUNDO DE INVESTIMENTO IMOBILIÁRIO VOTORANTIM LOGÍSTICA,27368600/0001-63,Geral,Renda,Logístico / Indústria / Galpões,Fundo de Tijolo,Indeterminado,Ativa,0.95,0.00,2114989,104.98,222.03,1.03,Milhões
72.60,8.82,0.67,3.33,M,-16.57,PVBI11,FUNDO DE INVESTIMENTO IMOBILIÁRIO - VBI PRIME PROPERTIES,35652102/0001-76,fiiGENERAL,Renda,Lajes Corporativas,Fundo de Tijolo,Indeterminado,Ativa,1.0,20.90,27130056,107.88,2.93,0.50,Bilhões
112.64,0.00,1.19,16.40,K,11.47,GCDL11,Galapagos Desenvolvimento Logistico Fundo de Investimento Imobiliario Responsabilidade Limitada,56061587/0001-01,Geral,Renda,Logístico / Indústria / Galpões,Outro,Determinado,Ativa,,0.00,256202,94.97,24.33, 0.00,Milhões
145.92,0.00,2.26,433.69,K,0.00,TCIN11,FUNDO DE INVESTIMENTO IMOBILIÁRIO TOURMALET V - ED CIDADE NOVA,34197700/0001-30,Investidor Qualificado,Renda,Lajes Corporativas,Fundo de Tijolo,Indeterminado,Ativa,0.25,0.00,849649,64.46,54.77, 0.00,Milhões
46.37,11.52,0.61,171.91,K,-4.98,FIGS11,GENERAL SHOPPING ATIVO E RENDA FUNDO DE INVESTIMENTO IMOBILIÁRIO,17590518/0001-25,Geral,Desenvolvimento para venda,Shoppings / Varejo,Fundo de Tijolo,Indeterminado,Passiva,0.20,7.70,2849989,76.26,217.35,0.48,Milhões
43.20,5.42,0.47,416.33,K,-23.06,GZIT11,GAZIT MALLS FUNDO DE INVESTIMENTO IMOBILIÁRIO,15447108/0001-02,Investidor Qualificado,Híbridos,Híbrido,Fundo misto,Indeterminado,Ativa,,4.70,21841220,91.11,1.99,0.78,Bilhão
8.89,0.00,0.68,1.59,M,10.99,GSFI11,GENERAL SHOP E OUTLETS DO BRASIL FUNDO DE INVESTIMENTO IMOBILIÁRIO,11769604/0001-13,Geral,Renda,Shoppings / Varejo,Fundo de Tijolo,Indeterminado,Passiva,1.05,10.40,96106655,13.06,1.26, 0.00,Bilhão
63.21,16.45,0.70,166.43,K,4.97,GCRI11,GALAPAGOS RECEBÍVEIS IMOBILIÁRIOS - FUNDO DE INVESTIMENTO IMOBILIÁRIO,38293897/0001-61,Geral,Títulos e valores mobiliários,Títulos e Valores Mobiliários,Fundo de papel,Indeterminado,Ativa,1.00,0.00,1453848,90.35,131.35,0.85,Milhões
700.00,0.00,1.14,2.05,M,4.01,VXXV11,VX XVI - FUNDO DE INVESTIMENTO IMOBILIÁRIO,30982974/0001-89,Investidor Qualificado,Renda,Outros,Fundo de desenvolvimento,Indeterminado,Ativa,0.35,0.00,276435,613.88,169.70,93.02,Milhões
63.99,8.39,0.59,62.00,K,10.16,GLOG11,PLURAL LOGÍSTICA FDO INV IMOB,36501198/0001-34,Geral,Renda,Logístico / Indústria / Galpões,Fundo de Tijolo,Indeterminado,Ativa,0.7,28.00,749989,108.64,81.48,0.41,Milhões
85.65,9.07,0.80,97.56,K,32.25,ABCP11,FUNDO DE INVESTIMENTO IMOBILIÁRIO GRAND PLAZA SHOPPING,01201140/0001-90,Geral,Renda,Shoppings / Varejo,Fundo de Tijolo,Indeterminado,Passiva,0.1,2.30,4709071,106.80,502.95,0.50,Milhões
9.58,12.38,0.86,4.44,M,-0.62,GGRC11,GGR COVEPI RENDA FUNDO DE INVESTIMENTO IMOBILIÁRIO,26614291/0001-00,Geral,Híbridos,Logístico / Indústria / Galpões,Fundo de Tijolo,Indeterminado,Ativa,1.10,1.40,152455655,11.18,1.71,0.10,Bilhão
9.08,11.39,1.01,4.88,M,12.39,GARE11,FUND DE INVEST IMOBILIÁRIO GUARDIAN REAL ESTATE,37295919/0001-60,fiiGENERAL,Híbridos,Híbrido,Fundo de Tijolo,Indeterminado,Ativa,0.94,0.00,147458212,9.00,1.33,0.08,Bilhão
8.50,13.12,0.91,81.35,K,5.99,GAME11,FUNDO DE INVESTIMENTO IMOBILIÁRIO GUARDIAN MULTIESTRATÉGIA I,41269052/0001-45,Geral,Títulos e valores mobiliários,Outros,Fundo de papel,Indeterminado,Ativa,1.10,0.00,21697666,9.31,201.97,0.10,Milhões
79.12,15.93,0.84,789.74,K,4.77,HABT11,HABITAT II - FUNDO DE INVESTIMENTO IMOBILIÁRIO,30578417/0001-05,Geral,Títulos e valores mobiliários,Títulos e Valores Mobiliários,Fundo de papel,Indeterminado,Ativa,0.20,0.00,8126772,94.20,765.54,1.05,Milhões
75.10,13.53,0.80,230.50,K,24.23,HCHG11,HECTARE RECEBÍVEIS HIGH GRADE FUNDO DE INVESTIMENTO IMOBILIÁRIO,34508959/0001-54,Geral,Títulos e valores mobiliários,Outros,Fundo de papel,Indeterminado,Ativa,0.20,0.00,1199989,94.29,113.15,0.71,Milhões
50.08,3.23,0.75,11.93,K,49.09,HAAA11,HEDGE AAA FUNDO DE INVESTIMENTO IMOBILIÁRIO,27445482/0001-40,Geral,Renda,Lajes Corporativas,Fundo de Tijolo,Indeterminado,Ativa,0.60,17.00,3454989,66.49,229.71,0.08,Milhões
22.10,18.35,0.21,800.35,K,-8.91,HCTR11,HECTARE CE - FUNDOS INVESTIMENTO IMOBILIÁRIOS,30248180/0001-96,Geral,Títulos e valores mobiliários,Títulos e Valores Mobiliários,Fundo de papel,Indeterminado,Ativa,0.21,0.00,22084191,104.49,2.31,0.30,Bilhões
27.96,0.00,0.43,413.19,K,-3.69,HOFC11,HEDGE OFFICE INCOME FUNDO DE INVESTIMENTO IMOBILIÁRIO,31894369/0001-19,Geral,Renda,Lajes Corporativas,Fundo de Tijolo,Indeterminado,Ativa,0.80,49.00,3778990,65.53,247.63,0.21,Milhões
8.50,14.31,0.89,32.89,K,-6.39,HGBL11,HEDGE BRASIL LOGÍSTICO IND FUND INV IMOB RESP LIM,53466467/0001-98,Investidor Qualificado,Renda,Logístico / Indústria / Galpões,Fundo de Tijolo,Indeterminado,Ativa,,0.00,25135494,9.57,240.47,0.07,Milhões
85.98,13.49,0.83,10.09,K,-12.14,HDEL11,HEDGE DESENVOLVIMENTO LOGÍSTICO FII,44514162/0001-13,Investidor Qualificado,Desenvolvimento para venda,Logístico / Indústria / Galpões,Fundo de Tijolo,Determinado,Passiva,,0.00,839989,103.79,87.18,11.60,Milhões
100.00,0.00,1.05,783.47,K,4.17,HDOF11,HEDGE DESENVOLVIMENTO LOGÍSTICO FUNDO DE INVESTIMENTO IMOBILIÁRIO,35688460/0001-39,Investidor Qualificado,Desenvolvimento para venda,Lajes Corporativas,Fundo de desenvolvimento,Determinado,Ativa,0.85,0.00,3369989,95.51,321.87, 0.00,Milhões
8.23,8.02,0.75,52.83,K,6.90,HLOG11,HEDGE LOGÍSTICA FUNDO DE INVESTIMENTO IMOBILIÁRIO,27486542/0001-72,Geral,Renda,Logístico / Indústria / Galpões,Fundo de Tijolo,Indeterminado,Ativa,0.7,0.00,42499989,11.04,469.33,0.07,Milhões
20.24,8.79,1.00,18.72,K,4.49,FLRP11,FUNDO DE INVESTIMENTO IMOBILIÁRIO - FLORIPA SHOPPING,10375382/0001-91,Geral,Renda,Shoppings / Varejo,Fundo de Tijolo,Indeterminado,Passiva,9.0,1.20,7399989,20.32,150.34,0.14,Milhões
18.90,10.11,0.87,2.06,M,-1.97,HGBS11,HEDGE BRASIL SHOPPING FUNDO DE INVESTIMENTO IMOBILIÁRIO,08431747/0001-06,Geral,Renda,Shoppings / Varejo,Fundo de Tijolo,Indeterminado,Ativa,0.60,4.80,129132999,21.61,2.79,0.15,Bilhões
89.59,7.37,0.97,301.31,K,7.84,HPDP11,HEDGE SHOPPING PARQUE DOM PEDRO FUNDO DE INVESTIMENTO IMOBILIÁRIO,35586415/0001-73,Geral,Renda,Shoppings / Varejo,Fundo de Tijolo,Indeterminado,Passiva,0.50,2.90,3287989,92.66,304.67,0.56,Milhões
67.18,15.62,0.61,19.44,K,-22.48,HGIC11,HGI CRÉDITOS IMOBILIÁRIOS FUNDO DE INVESTIMENTO IMOBILIÁRIO,38456508/0001-71,Geral,Títulos e valores mobiliários,Títulos e Valores Mobiliários,Fundo de papel,Indeterminado,Ativa,0.75,0.00,462695,110.91,51.32,0.80,Milhões
3.00,0.00,0.43,1.61,K,-6.25,HRDF11,HEDGE REALTY DEVELOPMENT FUNDO DE INVESTIMENTO IMOBILIÁRIO,16929519/0001-99,Investidor Qualificado,Desenvolvimento para venda,Híbrido,Fundo de desenvolvimento,Determinado,Ativa,0.75,0.00,1517414,7.05,10.70,34.00,Milhões
8.16,12.56,0.93,208.62,K,7.65,HREC11,HEDGE RECEBÍVEIS FUNDO DE INVESTIMENTO IMOBILIÁRIO,35507262/0001-21,Geral,Títulos e valores mobiliários,Títulos e Valores Mobiliários,Fundo de papel,Indeterminado,Ativa,0.70,0.00,51685906,8.77,453.52,0.09,Milhões
99.20,12.12,1.11,326.18,K,18.46,SEED11,HEDGE SEED FUNDO DE INVESTIMENTO IMOBILIÁRIO,35689497/0001-81,Investidor Qualificado,Híbridos,Híbrido,Outro,Determinado,Ativa,,0.00,1639989,89.08,146.09,0.86,Milhões
6.00,11.42,0.81,1.75,M,-3.53,HFOF11,HEDGE TOP FOFII 3 FUNDO DE INVESTIMENTO IMOBILIÁRIO,18307582/0001-19,Geral,Títulos e valores mobiliários,Títulos e Valores Mobiliários,Fundo de fundos,Indeterminado,Ativa,0.60,0.00,230459989,7.37,1.70,0.06,Bilhão
140.16,15.75,0.97,414.62,K,-10.76,HTMX11,FUNDOS INVESTIMENTO IMOBILÍARIOS FII HOTEL MAXINVEST,08706065/0001-69,Geral,Renda,Hotéis,Fundo de Tijolo,Indeterminado,Ativa,0.50,32.00,2888083,144.46,417.22,1.22,Milhões
77.61,14.24,0.88,241.46,K,7.06,HSAF11,HSI ATIVOS FINANCEIROS - FUNDO DE INVESTIMENTO IMOBILIÁRIO,35360687/0001-50,Geral,Títulos e valores mobiliários,Títulos e Valores Mobiliários,Fundo de papel,Indeterminado,Ativa,1.00,0.00,2526349,88.51,223.61,0.95,Milhões
101.50,10.90,1.13,219.96,K,13.47,HSRE11,HSI RENDA IMOBILIÁRIA FUNDO DE INVESTIMENTO IMOBILIÁRIO,08098114/0001-28,Geral,Renda,Híbrido,Fundo misto,Indeterminado,Ativa,0.90,4.20,8898713,89.91,800.09,0.85,Milhões
79.24,10.42,0.72,421.61,K,2.44,HSLG11,HSI LOGÍSTICA FUNDO DE INVESTIMENTO IMOBILIÁRIO,32903621/0001-71,Geral,Renda,Logístico / Indústria / Galpões,Fundo de Tijolo,Indeterminado,Ativa,0.95,0.00,12660056,110.44,1.40,0.66,Bilhão
1.241.00,8.22,1.00,8.50,K,10.97,HUSI11,HUSI FUNDO DE INVESTIMENTO IMOBILIÁRIO,30017492/0001-99,Geral,Desenvolvimento para renda,Hospitalar,Fundo de Tijolo,Indeterminado,Ativa,0.30,0.00,116351,1247.13,145.12,8.31,Milhões
79.95,10.71,0.76,2.27,M,-6.64,HSML11,HSI MALLS FUNDO DE INVESTIMENTO IMOBILIÁRIO,32892018/0001-31,Geral,Renda,Shoppings / Varejo,Fundo de Tijolo,Indeterminado,Ativa,1.20,4.30,20808561,104.89,2.18,0.66,Bilhões
7.93,14.00,0.83,312.10,K,-4.00,GRUL11,Icatu Vanguarda GRU Logístico,54483412/0001-59,Geral,Renda,Logístico / Indústria / Galpões,Fundo de Tijolo,Indeterminado,Ativa,,0.00,24699989,9.59,236.84,0.11,Milhões
69.00,10.59,0.58,25.24,K,5.12,INRD11,Inter Residence,34835191/0001-23,Geral,Renda,Residencial,Fundo de desenvolvimento,Indeterminado,Ativa,0.76,5.90,1130695,118.53,134.03,0.63,Milhões
68.07,10.80,0.89,59.98,K,0.98,ITIT11,INTER TEVE INDICE DE TIJOLO FUNDO DE INVESTIMENTO IMOBILIÁRIO,36293425/0001-83,Geral,Renda,Títulos e Valores Mobiliários,Fundo de fundos,Indeterminado,Passiva,0.30,0.00,900483,76.21,68.62,0.63,Milhões
66.24,13.01,0.95,41.08,K,-5.94,ITIP11,INTER TEVA INDICE DE PAPEL FUNDO DE INVESTIMENTO IMOBILIÁRIO,36312772/0001-06,Geral,Renda,Títulos e Valores Mobiliários,Fundo de papel,Indeterminado,Passiva,0.30,0.00,748140,70.03,52.40,0.80,Milhões
73.22,12.62,0.73,142.48,K,-2.23,INLG11,INTER LOGÍSTICO  FUNDO DE INVESTIMENTO IMOBILIÁRIO – FII,34598181/0001-11,Geral,Renda,Logístico / Indústria / Galpões,Fundo de Tijolo,Indeterminado,Ativa,0.31,0.30,4512092,100.26,452.38,0.77,Milhões
76.66,12.60,0.80,795.05,K,-6.35,ITRI11,ITAÚ TOTAL RETURN FUNDO DE INVESTIMENTO IMOBILIÁRIO,52270671/0001-76,Geral,Títulos e valores mobiliários,Títulos e Valores Mobiliários,Fundo misto,Indeterminado,Ativa,,0.00,6249989,95.76,598.50,0.82,Milhões
66.68,15.13,0.77,40.96,K,6.23,IRIM11,IRIDIUM FUNDO DE INVESTIMENTO IMOBILIÁRIO,41076564/0001-95,Geral,Híbridos,Híbrido,Fundo de papel,Indeterminado,Ativa,1.03,0.00,1919989,86.47,166.02,0.81,Milhões
91.95,14.96,0.92,486.10,K,9.86,ICRI11,ITAÚ CRÉDITO IMOBILIÁRIO IPCA,51294441/0001-84,Geral,Títulos e valores mobiliários,Títulos e Valores Mobiliários,Fundo de papel,Indeterminado,Ativa,,0.00,3857348,100.00,385.73,1.10,Milhões
14.88,1.06,1.90,62.38,K,-34.36,JBFO11,JBFO FOF FUNDO DE INVESTIMENTO IMOBILIÁRIO,36615915/0001-59,Geral,Títulos e valores mobiliários,Fundo de Fundos,Fundo de papel,Indeterminado,Ativa,1.00,0.00,1279059,7.81,10.00,0.04,Milhões
98.50,7.77,0.87,15.03,K,-6.80,JASC11,JASC RENDA VAREJO FUNDO DE INVESTIMENTO IMOBILIÁRIO,40886241/0001-02,Geral,Renda,Outros,Fundo de Tijolo,Indeterminado,Ativa,1.00,0.90,3489331,113.20,394.98,0.67,Milhões
80.99,14.63,0.86,188.41,K,-1.33,TMPS11,ITAÚ TEMPUS FUNDO DE INVESTIMENTO IMOBILIÁRIO,42737077/0001-99,Geral,Títulos e valores mobiliários,Títulos e Valores Mobiliários,Outro,Determinado,Ativa,0.90,0.00,978957,93.81,91.84,0.85,Milhões
150.50,1.81,0.92,8.56,K,9.80,VJFD11,JFDCAM FUNDO DE INVESTIMENTO IMOBILIÁRIO,15489509/0001-17,Investidor Qualificado,Renda,Híbrido,Fundo misto,Indeterminado,Ativa,,0.00,4876118,163.87,799.06,0.82,Milhões
160.00,2.89,0.84,6.09,M,9.09,JCCJ11,JHSF CAPITAL CIDADE JARDIM - FUNDO DE INVESTIMENTO IMOBILIÁRIO,50701686/0001-16,Geral,Renda,Fundo de Fundos,Fundo de fundos,Indeterminado,Ativa,0.3,0.00,1668494,189.81,316.69,0.34,Milhões
8.09,13.91,0.86,381.60,K,-6.90,JSCR11,JS Recebíveis Imobiliários,54866214/0001-74,Geral,Títulos e valores mobiliários,Títulos e Valores Mobiliários,Fundo de papel,Indeterminado,Ativa,,0.00,22137089,9.40,208.10,0.10,Milhões
115.00,65.27,0.75,12.02,K,697.50,JPPC11,JPP CAPITAL FUNDO DE INVESTIMENTO IMOBILIÁRIO,17216625/0001-98,Geral,Híbridos,Híbrido,Fundo de desenvolvimento,Determinado,Ativa,1.80,0.00,54989,154.10,8.48,75.06,Milhões
68.00,9.60,0.64,22.38,K,6.19,JFLL11,JFL LIVING FI IMOBILIÁRIO CLASSE UNICA,36501181/0001-87,Geral,Renda,Outros,Fundo de Tijolo,Indeterminado,Ativa,1.15,23.00,1500587,106.87,160.37,0.40,Milhões
63.20,9.11,0.62,1.66,M,6.27,JSRE11,JS REAL ESTATE MULTIGESTÃO - FII,13371132/0001-71,Geral,Híbridos,Híbrido,Outro,Indeterminado,Ativa,1,4.50,20767317,101.94,2.12,0.48,Bilhões
78.50,16.55,0.81,150.77,K,12.42,JPPA11,JPP ALLOCATION MOGNO - FUNDO DE INVESTIMENTO IMOBILIÁRIO,30982880/0001-00,Geral,Títulos e valores mobiliários,Híbrido,Fundo de papel,Indeterminado,Ativa,0.65,0.00,904039,97.47,88.12,1.06,Milhões
7.35,14.86,0.82,1.42,M,-15.52,JSAF11,JS ATIVOS FINANCEIROS FUNDO DE INVESTIMENTO IMOBILIÁRIO,42085661/0001-07,Geral,Títulos e valores mobiliários,Títulos e Valores Mobiliários,Fundo de papel,Indeterminado,Ativa,1.00,0.00,77523279,9.02,699.10,0.09,Milhões
6.74,12.28,0.83,437.21,K,-7.15,KISU11,KLIMA FIC FUNDO IMOBILIÁRIO SUNO 30,36669660/0001-07,Geral,Títulos e valores mobiliários,Títulos e Valores Mobiliários,Fundo de fundos,Indeterminado,Ativa,0.65,0.00,44196039,8.10,357.98,0.07,Milhões
64.96,17.50,0.76,327.58,K,-5.58,KIVO11,KILIMA VOLKANO RECEBÍVEIS IMOBILIÁRIOS FUNDO DE INVESTIMENTO IMOBILIÁRIO,42273325/0001-98,Investidor Qualificado,Títulos e valores mobiliários,Títulos e Valores Mobiliários,Fundo de papel,Indeterminado,Ativa,1.25,0.00,2222725,84.98,188.88,0.95,Milhões
8.68,13.82,0.91,352.68,K,3.33,KCRE11,KINEA CREDITAS FUNDO DE INVESTIMENTO IMOBILIÁRIO,42502802/0001-40,Geral,Renda,Títulos e Valores Mobiliários,Fundo de papel,Indeterminado,Ativa,,0.00,35999989,9.57,344.47,0.11,Milhões
90.36,12.34,0.91,4.12,M,6.25,KNHF11,KINEA HEDGE FUND FDO DE INV IMOB,42754342/0001-47,Geral,Renda,Híbrido,Fundo misto,Indeterminado,Ativa,1.2,5.60,19663224,99.82,1.96,1.00,Bilhão
0.25,1.81,0.37,2.54,K,150.00,KNRE11,KINEA II REAL ESTATE EQUITY FUNDO DE INVESTIMENTO IMOBILIÁRIO,14423780/0001-97,Investidor Qualificado,Desenvolvimento para venda,Outros,Fundo misto,Determinado,Ativa,1.0,0.00,18547150,0.67,12.41, 0.00,Milhões
101.35,13.87,1.02,2.51,M,10.27,KNHY11,KINEA HIGH YIELD CRI FUNDO DE INVESTIMENTO IMOBILIÁRIO,30130708/0001-28,Investidor Qualificado,Títulos e valores mobiliários,Títulos e Valores Mobiliários,Fundo de papel,Indeterminado,Ativa,1.60,0.00,28169496,99.15,2.79,1.30,Bilhões
87.73,12.48,0.95,5.30,M,3.49,KNIP11,KINEA INDICES DE PRECOS FUNDO DE INVESTIMENTO IMOBILIARIO - FII,24960430/0001-13,Investidor Qualificado,Títulos e valores mobiliários,Títulos e Valores Mobiliários,Fundo de papel,Indeterminado,Ativa,1.00 ,0.00,80078175,92.18,7.38,0.80,Bilhões
70.48,21.28,0.67,2.59,M,-17.66,KORE11,Kinea Oportunidades Real Estate,52219978/0001-42,Geral,Renda,Lajes Corporativas,Fundo de Tijolo,Indeterminado,Ativa,,9.35,9624989,105.93,1.02,1.25,Bilhão
105.50,13.68,1.04,2.18,M,16.05,KNUQ11,KINEA UNIQUE HY CDI FUNDO DE INVESTIMENTO IMOB,42754362/0001-18,Geral,Renda,Títulos e Valores Mobiliários,Fundo de papel,Indeterminado,Ativa,,0.00,15312506,101.26,1.55,1.50,Bilhão
8.64,12.96,0.98,4.05,M,6.95,KNSC11,KINEA SECURITIES FUNDO DE INVESTIMENTO IMOBILIÁRIO,35864448/0001-38,Geral,Títulos e valores mobiliários,Títulos e Valores Mobiliários,Fundo de papel,Indeterminado,Ativa,1.20,0.00,202202374,8.81,1.78,0.10,Bilhão
104.30,12.43,1.02,10.92,M,13.85,KNCR11,KINEA RENDIMENTOS IMOBILIARIOS FUNDO DE INVESTIMENTO IMOBILIARIO - FII,16706958/0001-32,Geral,Títulos e valores mobiliários,Títulos e Valores Mobiliários,Fundo de papel,Indeterminado,Ativa,1.00 ,0.00,76509713,101.82,7.79,1.35,Bilhões
137.15,8.75,0.84,4.62,M,-3.91,KNRI11,KINEA RENDA IMOBILIÁRIA FDO INV IMOB - FII,12005956/0001-65,Geral,Renda,Híbrido,Fundo de Tijolo,Indeterminado,Ativa,1.25,4.49,28204036,163.03,4.60,1.00,Bilhões
80.54,0.00,0.97,3.13,K,0.01,LRDI11,FUNDO DE INVESTIMENTO IMOBILIÁRIO LEBLON REALTY DESENVOLVIMENTO I,41088534/0001-07,Investidor Qualificado,Híbridos,Híbrido,Fundo de desenvolvimento,Indeterminado,Ativa,,0.00,370233,83.20,30.81, 0.00,Milhões
560.00,3.34,1.68,1.24,M,21.41,LPLP11,LAGO DA PEDRA - FUNDO DE INVESTIMENTO IMOBILIÁRIO,37262752/0001-30,Investidor Qualificado,Desenvolvimento para venda,Outros,Outro,Indeterminado,Ativa,0.10,0.00,580499,334.03,193.91,4.96,Milhões
8.53,17.82,0.86,763.30,K,-3.94,LIFE11,Life Capital Partners Fund de Investimento Imob,39753295/0001-02,Geral,Híbridos,Outros,Outro,Indeterminado,Ativa,,0.00,37901296,9.95,376.95,0.12,Milhões
91.93,14.51,0.68,1.19,M,0.21,LASC11,LEGATUS SHOPPINGS FUNDO DE INVESTIMENTO IMOBILIÁRIO,30248158/0001-46,Geral,Desenvolvimento para renda,Shoppings / Varejo,Fundo de Tijolo,Indeterminado,Ativa,1.10,4.20,2940287,135.03,397.04,0.92,Milhões
10.56,4.58,0.76,2.07,M,4.87,MCLO11,MAUÁ CAPITAL LOGÍSTICA FUNDO DE INVESTIMENTO IMOB,57466934/0001-30,Geral,Títulos e valores mobiliários,Logístico / Indústria / Galpões,Outro,Determinado,Ativa,,0.00,124642849,13.81,1.72,0.09,Bilhão
8.70,14.60,0.94,1.26,M,7.66,MANA11,MANATÍ CAPITAL HEDGE FUND FUNDO DE INVESTIMENTO IMOBILIÁRIO,42888583/0001-89,Geral,Títulos e valores mobiliários,Títulos e Valores Mobiliários,Outro,Indeterminado,Ativa,1.00,0.00,37536129,9.30,349.05,0.11,Milhões
65.60,2.20,1.97,278.80,K,-39.01,MCEM11,MÉRITO CEMITÉRIOS FII - FDO DE INV IMOB,46157247/0001-17,Geral,Híbridos,Outros,Outro,Indeterminado,Ativa,,0.00,2959866,33.23,98.37,0.48,Milhões
8.60,14.77,0.89,5.20,M,7.24,MCRE11,MAUÁ CAPITAL REAL ESTATE FUNDO DE INVESTIMENTO IMOBILIÁRIO,36655973/0001-06,fiiGENERAL,Títulos e valores mobiliários,Títulos e Valores Mobiliários,Fundo de papel,Indeterminado,Ativa,1.05,0.00,111598910,9.64,1.08,0.11,Bilhão
6.90,0.00,0.12,34.80,K,145.55,LFTT11,LOFT II FUNDO DE INVESTIMENTO IMOBILIÁRIO,24796967/0001-90,Investidor Qualificado,Híbridos,Outros,Fundo de papel,Indeterminado,Ativa,0.20,0.00,664989,57.65,38.34,3.67,Milhões
9.52,11.97,1.00,9.36,M,6.97,MXRF11,MAXI RENDA FUNDO DE INVESTIMENTO IMOBILIÁRIO,97521225/0001-25,Geral,Híbridos,Híbrido,Fundo de papel,Indeterminado,Ativa,0.90,0.00,437325286,9.48,4.15,0.10,Bilhões
8.28,15.01,0.83,9.26,K,10.40,NCRI11,NAVI CRÉDITO IMOBILIÁRIO,40041603/0001-56,fiiGENERAL,Títulos e valores mobiliários,Títulos e Valores Mobiliários,Fundo de papel,Indeterminado,Ativa,,0.00,3949988,9.95,39.29,0.10,Milhões
15.68,0.00,0.58,224.28,K,-14.97,MGHT11,FUNDO DE INVESTIMENTO IMOBILIÁRIO MOGNO HOTÉIS,34197776/0001-65,Investidor Qualificado,Renda,Hotéis,Fundo de Tijolo,Indeterminado,Ativa,0.85,0.00,1313773,27.26,35.82,0.13,Milhões
79.60,17.09,0.77,815.11,K,-8.15,MFII11,MÉRITO DESENVOLVIMENTO IMOBILIÁRIO - FUNDO DE INVESTIMENTO IMOBILIÁRIO,16915968/0001-88,Geral,Híbridos,Híbrido,Fundo de desenvolvimento,Indeterminado,Ativa,2.0,0.00,5962384,103.82,619.00,1.06,Milhões
69.97,13.63,0.82,69.61,K,-8.19,NAVT11,NAVI IMOBILIÁRIO TOTAL RETURN FUNDO DE INVESTIMENTO IMOBILIÁRIO,35652252/0001-80,Geral,Renda,Títulos e Valores Mobiliários,Fundo de papel,Indeterminado,Ativa,1.0,0.00,612271,85.51,52.35,0.75,Milhões
8.44,12.87,0.87,31.72,K,0.60,APTO11,NAVI RESIDENCIAL FUNDO DE INVESTIMENTO IMOBILIÁRIO,42432327/0001-82,Geral,Híbridos,Híbrido,Fundo de Tijolo,Indeterminado,Ativa,1.35,21.00,4612216,9.76,45.00,0.09,Milhões
103.17,11.05,0.81,196.35,K,0.32,NEWL11,NEWPORT LOGÍSTICA FUNDO DE INVESTIMENTO IMOBILIÁRIO,32527626/0001-47,Geral,Híbridos,Híbrido,Fundo de Tijolo,Indeterminado,Ativa,0.95,0.00,2817401,127.94,360.47,0.95,Milhões
103.80,7.64,1.17,31.57,K,8.98,OCRE11,OCTO FDO DE INV IMOB,44680435/0001-08,Geral,Títulos e valores mobiliários,Títulos e Valores Mobiliários,Fundo misto,Indeterminado,Ativa,,0.00,422975,89.07,37.68,0.64,Milhões
89.99,1.13,1.16,142.00,K,7.68,NEWU11,NEWPORT RENDA URBANA FUNDO DE INVESTIMENTO IMOBILIÁRIO,14793782/0001-78,Geral,Renda,Lajes Corporativas,Fundo de Tijolo,Indeterminado,Ativa,0.48,35.37,741989,77.78,57.71,0.20,Milhões
6.73,16.20,0.79,242.59,K,-14.49,ARRI11,FUNDO DE INVESTIMENTO IMOBILIÁRIO ÁTRIO REIT RECEBÍVEIS IMOBILIÁRIOS,32006821/0001-21,Geral,Títulos e valores mobiliários,Títulos e Valores Mobiliários,Fundo de papel,Indeterminado,Ativa,0.14,0.00,20726962,8.47,175.65,0.09,Milhões
78.85,15.31,0.79,448.99,K,15.76,OUJP11,OURINVEST JPP FUNDO DE INVESTIMENTO IMOBILIÁRIO,26091656/0001-50,Geral,Títulos e valores mobiliários,Híbrido,Fundo de papel,Indeterminado,Ativa,1.05,0.00,3252373,100.22,325.94,1.00,Milhões
1.040.00,0.33,0.98,1.61,M,-9.33,PNDL11,FUNDO DE INVESTIMENTO IMOBILIÁRIO PANORAMA DESENVOLVIMENTO LOGÍSTICO,37899400/0001-90,Investidor Qualificado,Híbridos,Outros,Fundo de desenvolvimento,Determinado,Ativa,1.50,10.60,144321,1061.19,153.16,3.41,Milhões
7.68,15.13,0.83,320.16,K,-8.83,PMIS11,Paramis Hedge Fund,51868778/0001-58,Geral,Títulos e valores mobiliários,Híbrido,Outro,Indeterminado,Ativa,,0.00,14803231,9.29,137.60,0.09,Milhões
49.00,0.00,1.34,744.06,K,-13.75,PNPR11,PANORAMA PROPERTIES FUNDO DE INVESTIMENTO IMOBILIÁRIO,26813118/0001-22,Investidor Qualificado,Híbridos,Híbrido,Fundo de desenvolvimento,Indeterminado,Ativa,1.00,8.40,897805,36.53,32.80,1.23,Milhões
55.24,10.10,1.00,1.17,M,2.16,PQAG11,PARQUE ANHANGUERA FUNDO DE INVESTIMENTO IMOBILIÁRIO,12978943/0001-72,Geral,Desenvolvimento para renda,Logístico / Indústria / Galpões,Fundo de Tijolo,Indeterminado,Ativa,0.2,0.00,13991879,55.41,775.28,0.47,Milhões
38.53,4.13,0.93,38.09,K,14.91,PATC11,PÁTRIA EDIFÍCIOS CORPORATIVOS FUNDO DE INVESTIMENTO IMOBILIÁRIO,30048651/0001-12,Geral,Renda,Lajes Corporativas,Fundo de Tijolo,Indeterminado,Ativa,1.175,34.70,3477423,41.21,143.32,0.05,Milhões
109.61,10.54,0.70,1.54,M,6.19,HGRE11,CSHG REAL ESTATE - FUNDO DE INVESTIMENTO IMOBILIÁRIO,09072017/0001-29,Geral,Renda,Lajes Corporativas,Fundo de Tijolo,Indeterminado,Ativa,1.0,13.30,11817756,155.74,1.84,0.85,Bilhão
56.24,12.39,0.58,1.25,M,7.18,PATL11,PÁTRIA LOGÍSTICA FUNDO DE INVESTIMENTO IMOBILIÁRIO,35754164/0001-99,Geral,Desenvolvimento para renda,Logístico / Indústria / Galpões,Fundo de Tijolo,Indeterminado,Ativa,0.73,8.80,4991524,96.58,482.09,0.57,Milhões
97.43,10.11,0.80,2.10,M,-0.10,PMLL11,Genial Malls Fundo de Investimento Imobiliário,26499833/0001-32,Geral,Renda,Shoppings / Varejo,Fundo de Tijolo,Indeterminado,Ativa,0.50,4.00,13982082,121.22,1.69,0.86,Bilhão
135.56,100.03,0.97,156.40,K,-1.72,HGPO11,CSHG PRIME OFFICES - FUNDO DE INVESTIMENTO IMOBILIÁRIO,11260134/0001-68,Geral,Renda,Lajes Corporativas,Fundo de Tijolo,Indeterminado,Passiva,0.625,0.00,1753046,140.30,245.96,130.40,Milhões
62.01,14.37,0.76,520.19,K,-17.64,HGFF11,CSHG IMOBILIÁRIO FOF - FUNDO DE INVESTIMENTO IMOBILIÁRIO,32784898/0001-22,Geral,Títulos e valores mobiliários,Títulos e Valores Mobiliários,Fundo de fundos,Indeterminado,Ativa,0.80,0.00,2863586,81.82,234.29,0.68,Milhões
92.16,13.13,0.94,4.01,M,1.55,HGCR11,CSHG RECEBÍVEIS IMOBILIÁRIOS - FUNDO DE INVESTIMENTO IMOBILIÁRIO,11160521/0001-22,fiiGENERAL,Títulos e valores mobiliários,Títulos e Valores Mobiliários,Fundo de papel,Indeterminado,Ativa,0.80,0.00,15418095,97.65,1.51,1.05,Bilhão
63.46,10.24,0.50,375.98,K,6.73,VCRR11,VECTIS RENDA RESIDENCIAL FUNDO DE INVESTIMENTO IMOBILIÁRIO,40041723/0001-53,Geral,Renda,Outros,Fundo de Tijolo,Indeterminado,Ativa,0.80,24.84,1999989,126.95,253.90,0.50,Milhões
152.00,8.68,0.93,5.76,M,2.20,HGLG11,CSHG LOGÍSTICA - FUNDO DE INVESTIMENTO IMOBILIÁRIO,11728688/0001-47,Geral,Renda,Logístico / Indústria / Galpões,Fundo de Tijolo,Indeterminado,Ativa,0.60,3.50,33787564,162.74,5.50,1.10,Bilhões
39.01,20.12,0.63,1.35,K,48.78,PEMA11,PERFORMA REAL ESTATE FUNDO DE INVESTIMENTO IMOBILIÁRIO,34736510/0001-43,Investidor Qualificado,Títulos e valores mobiliários,Outros,Fundo de papel,Indeterminado,Ativa,0.10,0.00,551989,61.71,34.06,0.37,Milhões
79.10,12.83,0.87,493.15,K,5.62,PLCR11,FUNDO DE INVESTIMENTO IMOBILIÁRIO PLURAL RECEBÍVEIS,32527683/0001-26,Geral,Títulos e valores mobiliários,Títulos e Valores Mobiliários,Fundo de papel,Indeterminado,Ativa,1.20,0.00,2109158,91.40,192.77,0.90,Milhões
12.98,18.57,0.87,2.72,K,96.37,PLRI11,POLO FUNDO DE INVESTIMENTO IMOBILIÁRIO - RECEBÍVEIS IMOBILIÁRIOS I,14080689/0001-16,Investidor Qualificado,Títulos e valores mobiliários,Títulos e Valores Mobiliários,Fundo de papel,Indeterminado,Ativa,1.00,0.00,954293,14.88,14.20,1.36,Milhões
121.47,10.21,0.95,3.18,M,5.90,HGRU11,CSHG RENDA URBANA - FUNDO DE INVESTIMENTO IMOBILIÁRIO,29641226/0001-53,Geral,Renda,Híbrido,Fundo misto,Indeterminado,Ativa,0.90,0.80,23238013,127.75,2.97,0.95,Bilhões
8.11,13.30,0.84,346.48,K,3.58,PORD11,POLO FUNDO DE INVESTIMENTO IMOBILIÁRIO - RECEBÍVEIS IMOBILIÁRIOS II,17156502/0001-09,Geral,Títulos e valores mobiliários,Títulos e Valores Mobiliários,Fundo de papel,Indeterminado,Ativa,0.90,0.00,37283739,9.60,357.86,0.09,Milhões
149.94,9.35,0.90,21.19,K,6.61,RZZR11,Raizz Renda Logística,35652278/0001-28,Investidor Qualificado,Renda,Logístico / Indústria / Galpões,Fundo de Tijolo,Indeterminado,Passiva,0.20,0.00,4813161,166.30,800.42,1.20,Milhões
215.00,7.06,0.61,1.36,M,1.11,FPAB11,FUNDO DE INVESTIMENTO IMOBILIÁRIO PROJETO ÁGUA BRANCA,03251720/0001-18,fiiGENERAL,Renda,Lajes Corporativas,Fundo de Tijolo,Indeterminado,Passive,5.0,18.00,749989,354.71,266.03,1.35,Milhões
0.20,247.07,0.07,1.04,K,0.00,PRSN11,PERSONALE I FUNDO DE INVESTIMENTO IMOBILIÁRIO,14056001/0001-62,Investidor Qualificado,Desenvolvimento para venda,Outros,Fundo de desenvolvimento,Determinado,Ativa,1.50,0.00,3231236,2.84,9.17,0.33,Milhões
950.00,12.49,0.91,72.57,K,4.24,RSPD11,RB CAPITAL DESENVOLVIMENTO RESIDENCIAL III FUNDO DE INVESTIMENTO IMOBILIÁRIO,19249989/0001-08,Investidor Qualificado,Desenvolvimento para venda,Outros,Fundo de desenvolvimento,Determinado,Ativa,2.00,0.00,149000,1047.47,156.08,49.74,Milhões
61.55,13.03,0.88,490.55,K,-1.41,RFOF11,FUNDO DE INVESTIMENTO IMOBILIÁRIO RB CAPITAL I FUNDO DE FUNDOS,34027774/0001-28,Geral,Títulos e valores mobiliários,Títulos e Valores Mobiliários,Fundo de fundos,Indeterminado,Ativa,0.80,0.00,1078153,70.31,75.81,0.65,Milhões
90.41,8.81,0.90,87.70,K,22.47,RBIR11,RB CAPITAL DESENVOLVIMENTO RESIDENCIAL IV FUNDO DE INVESTIMENTO IMOBILIÁRIO,31161410/0001-48,Geral,Desenvolvimento para venda,Outros,Fundo de desenvolvimento,Determinado,Ativa,2.0,0.00,1528604,100.03,152.90,2.23,Milhões
148.54,11.36,0.75,505.89,K,-0.25,FIIP11,RB CAPITAL RENDA I FUNDO DE INVESTIMENTO IMOBILIÁRIO,08696175/0001-97,Geral,Renda,Híbrido,Fundo de Tijolo,Indeterminado,Passiva,R$17426.00 mensais,0.00,927151,199.37,184.85,1.40,Milhões
39.50,14.25,0.61,54.38,K,15.40,RBRD11,RB CAPITAL RENDA II FUNDO DE INVESTIMENTO IMOBILIÁRIO,09006914/0001-34,Geral,Renda,Híbrido,Fundo de Tijolo,Indeterminado,Passiva,0.17,16.00,1851775,64.84,120.07,0.50,Milhões
38.00,18.18,0.63,2.16,K,-32.68,RBLG11,RB CAPITAL LOGÍSTICO FUNDO DE INVESTIMENTO IMOBILIÁRIO,35652227/0001-04,Investidor Qualificado,Renda,Logístico / Indústria / Galpões,Fundo de Tijolo,Indeterminado,Ativa,1.00,0.00,640188,60.37,38.65,0.61,Milhões
75.95,13.43,0.84,18.69,K,13.56,RRCI11,RB CAPITAL RECEBÍVEIS IMOBILIÁRIOS FUNDO DE INVESTIMENTO IMOBILIÁRIO,35689733/0001-60,Geral,Renda,Títulos e Valores Mobiliários,Fundo de papel,Indeterminado,Ativa,1.0,0.00,481746,90.21,43.46,0.85,Milhões
350.00,0.00,0.92,3.38,K,-51.72,RBTS11,RB CAPITAL TFO SITUS FUNDO DE INVESTIMENTO IMOBILIÁRIO,29299737/0001-39,Investidor Qualificado,Híbridos,Outros,Fundo de desenvolvimento,Determinado,Ativa,0.12,0.00,56514,380.90,21.53,6.19,Milhões
6.56,12.68,0.76,1.81,M,-1.50,RBRF11,RBR ALPHA MULTIESTRATÉGIA REAL ESTATE FUNDO DE INVESTIMENTO IMOBILIÁRIO,27529279/0001-51,Geral,Títulos e valores mobiliários,Títulos e Valores Mobiliários,Fundo de fundos,Indeterminado,Ativa,0.20,0.00,136807689,8.62,1.18,0.06,Bilhão
98.00,28.42,0.96,14.39,K,46.47,RCFF11,RBR DESENVOLVIMENTO COMERCIAL FEEDER FOF FUNDO DE INVESTIMENTO IMOBILIÁRIO,35689670/0001-41,Investidor Qualificado,Títulos e valores mobiliários,Títulos e Valores Mobiliários,Fundo de fundos,Determinado,Ativa,0.20,0.00,323189,102.42,33.10,3.55,Milhões
82.90,10.89,0.79,670.69,K,18.33,RBRL11,RBR LOG - FUNDO DE INVESTIMENTO IMOBILIÁRIO,35705463/0001-33,Geral,Híbridos,Logístico / Indústria / Galpões,Fundo de Tijolo,Indeterminado,Ativa,0.20,0.00,6687024,104.92,701.63,0.75,Milhões
101.70,12.54,0.97,331.13,K,5.40,RINV11,REAL INVESTOR FUNDO DE INVESTIMENTO IMOBILIÁRIO,44625612/0001-45,Geral,Títulos e valores mobiliários,Títulos e Valores Mobiliários,Outro,Indeterminado,Ativa,1.00,0.00,3279521,104.31,342.09,1.05,Milhões
80.00,7.54,0.75,195.16,K,22.12,RMAI11,REAG MULTI ATIVOS IMOBILIÁRIOS FUNDO DE INVESTIMENTO IMOBILIÁRIO,17374696/0001-19,Geral,Renda,Lajes Corporativas,Fundo de Tijolo,Indeterminado,Ativa,0.30,15.90,2443789,106.63,260.59,0.54,Milhões
7.67,13.12,0.78,546.40,K,-4.13,RBRX11,FII RBR MULT,41088458/0001-21,Geral,Títulos e valores mobiliários,Títulos e Valores Mobiliários,Fundo de fundos,Indeterminado,Ativa,,0.00,29468648,9.77,287.99,0.09,Milhões
84.89,14.67,0.87,389.17,K,5.80,RPRI11,RBR Premium Recebíveis Imobiliários,42502842/0001-91,Geral,Títulos e valores mobiliários,Híbrido,Fundo de papel,Indeterminado,Ativa,1.60,0.00,3471717,98.03,340.34,1.05,Milhões
8.43,8.19,0.87,53.41,K,3.06,RECM11,REC MULTIESTRATÉGIA - FUNDO DE INVESTIMENTO IMOBILIÁRIO - RESPONSABILIDADE LIMITADA,56430935/0001-62,Geral,Híbridos,Híbrido,Fundo de papel,Indeterminado,Ativa,,0.00,8400506,9.72,81.67,0.12,Milhões
74.05,16.79,0.80,296.80,K,-3.76,RBHY11,RIO BRAVO CRÉDITO IMOBILIÁRIO HIGH YIELD FUNDO DE INVESTIMENTO IMOBILIÁRIO,37899479/0001-50,Geral,Títulos e valores mobiliários,Títulos e Valores Mobiliários,Fundo de papel,Indeterminado,Ativa,1.00,0.00,1893494,92.77,175.66,1.05,Milhões
65.90,15.02,0.75,325.04,K,-10.21,RBHG11,RIO BRAVO CRÉDITO IMOBILIÁRIO HIGH GRADE FUNDO DE INVESTIMENTO IMOBILIÁRIO,30647758/0001-87,Geral,Títulos e valores mobiliários,Títulos e Valores Mobiliários,Fundo de papel,Indeterminado,Ativa,1.00,0.00,2167946,87.66,190.05,0.80,Milhões
50.00,12.26,0.82,292.64,K,-7.30,RBFF11,RIO BRAVO FUNDO DE FUNDOS DE INVESTIMENTO IMOBILIARIO,17329029/0001-14,Geral,Títulos e valores mobiliários,Títulos e Valores Mobiliários,Fundo de fundos,Indeterminado,Ativa,0.80,0.00,3749204,60.62,227.29,0.51,Milhões
209.98,4.69,0.31,23.74,K,-41.23,RBOP11,RIO BRAVO OPORTUNIDADES IMOBILIÁRIAS FII,13500306/0001-59,Geral,Renda,Outros,Outro,Indeterminado,Ativa,1.1,71.74,101653,684.72,69.61,3.50,Milhões
125.30,8.13,0.62,839.96,K,2.54,RCRB11,FUNDO DE INVESTIMENTO IMOBILIÁRIO - RIO BRAVO RENDA CORPORATIVA,03683056/0001-86,Geral,Renda,Lajes Corporativas,Fundo de Tijolo,Indeterminado,Ativa,0.7,0.80,3690684,200.70,740.72,0.92,Milhões
46.40,3.06,0.48,48.46,K,10.42,RBRS11,RIO BRAVO RENDA RESIDENCIAL FUNDO DE INVESTIMENTO IMOBILIÁRIO,36517660/0001-91,Geral,Renda,Híbrido,Fundo de Tijolo,Indeterminado,Ativa,1.0,45.00,1734288,95.89,166.30,0.07,Milhões
8.40,13.21,0.79,2.33,M,-9.77,RBVA11,FUNDO DE INVESTIMENTO IMOBILIÁRIO RIO BRAVO RENDA VAREJO - FII,15576907/0001-70,fiiGENERAL,Desenvolvimento para renda,Híbrido,Fundo de Tijolo,Indeterminado,Ativa,0.35,6.90,156143039,10.63,1.66,0.09,Bilhão
49.67,9.04,0.59,68.59,K,19.26,RNGO11,FUNDO DE INVESTIMENTO IMOBILIÁRIO RIO NEGRO,15006286/0001-90,Geral,Renda,Lajes Corporativas,Fundo de Tijolo,Indeterminado,Passiva,0.22,19.60,2675989,83.76,224.14,0.27,Milhões
80.79,17.45,0.93,1.37,M,17.34,RZAK11,RIZA AKIN FUNDO DE INVESTIMENTO IMOBILIÁRIO,36642219/0001-31,Geral,Títulos e valores mobiliários,Títulos e Valores Mobiliários,Fundo de papel,Indeterminado,Ativa,1.20,0.00,8807874,87.01,766.41,1.15,Milhões
8.68,13.21,0.90,171.91,K,9.87,SADI11,SANTANDER PAPEIS IMOBILIÁRIOS CDI FUNDO DE INVESTIMENTO IMOBILIÁRIO,32903521/0001-45,Geral,Títulos e valores mobiliários,Títulos e Valores Mobiliários,Fundo de papel,Indeterminado,Ativa,1.00,0.00,15486829,9.66,149.55,0.11,Milhões
89.18,14.07,0.88,651.99,K,5.49,RZAT11,RIZA ARCTIUM REAL ESTATE FUNDO DE INVESTIMENTO IMOBILIÁRIO,28267696/0001-36,Geral,Híbridos,Híbrido,Fundo de Tijolo,Indeterminado,Ativa,1.00,0.00,4235031,101.33,429.14,1.05,Milhões
8.59,14.12,0.86,154.18,K,8.73,SAPI11,SANTANDER PAPÉIS IMOBILIÁRIOS,51646298/0001-42,Geral,Títulos e valores mobiliários,Títulos e Valores Mobiliários,Fundo de papel,Indeterminado,Ativa,,0.00,15436829,9.96,153.75,0.11,Milhões
4.54,5.57,0.58,550.02,K,19.21,SARE11,SANTANDER RENDA DE ALUGUÉIS FUNDO DE INVESTIMENTO IMOBILIÁRIO,32903702/0001-71,Geral,Renda,Híbrido,Fundo misto,Indeterminado,Ativa,1.25,36.30,92343279,7.81,720.87,0.03,Milhões
48.00,14.53,0.52,43.38,K,6.60,SEQR11,SEQUOIA III RENDA IMOBILIÁRIA - FUNDO DE INVESTIMENTO IMOBILIÁRIO,09517273/0001-82,Geral,Renda,Outros,Outro,Indeterminado,Ativa,1.24,9.60,1665684,92.91,154.77,0.58,Milhões
2.84,0.00,0.27,3.82,K,4.80,SCPF11,FUNDO DE INVESTIMENTO IMOBILIÁRIO SCP,01657856/0001-05,Geral,Renda,Shoppings / Varejo,Fundo de Tijolo,Indeterminado,Ativa,4.0,30.00,4199989,10.62,44.59,0.05,Milhões
990.00,8.26,0.98,61.08,K,21.37,SHPH11,FUNDO DE INVESTIMENTO IMOBILIÁRIO SHOPPING PÁTIO HIGIENÓPOLIS,03507519/0001-59,Geral,Renda,Shoppings / Varejo,Fundo de Tijolo,Indeterminado,Passiva,0.20,2.40,608939,1013.93,617.43,5.30,Milhões
49.90,9.66,0.75,6.99,K,-7.49,WPLZ11,FUNDO DE INVESTIMENTO IMOBILIÁRIO - SHOPPING WEST PLAZA,09326861/0001-39,Geral,Renda,Shoppings / Varejo,Fundo de Tijolo,Indeterminado,Passiva,0.55,8.40,1169989,66.57,77.89,1.00,Milhões
15.60,0.00,11.17,1.95,K,90.01,SJAU11,SJ AU LOGÍSTICA FUNDO DE INVESTIMENTO IMOBILIÁRIO,27771547/0001-47,Geral,Renda,Logístico / Indústria / Galpões,Fundo de Tijolo,Indeterminado,Passiva,0.23,0.00,7932237,1.40,11.07,11.88,Milhões
1.051.35,0.00,1.13,548.95,K,0.00,SOLR11,SOLARIUM FUNDO DE INVESTIMENTO IMOBILIÁRIO,22169671/0001-13,Investidor Qualificado,Híbridos,Híbrido,Fundo de Tijolo,Indeterminado,Ativa,0.45,0.00,65523,934.16,61.22,4.77,Milhões
34.07,14.79,0.58,65.52,K,-2.88,SPTW11,SP Downtown Fundo de Investimento,15538445/0001-05,Geral,Renda,Lajes Corporativas,Fundo de Tijolo,Indeterminado,Passiva,0.25,0.00,1797989,58.28,104.78,0.42,Milhões
8.49,14.06,0.90,448.48,K,4.81,SPXS11,SPX SYN MULT,43010543/0001-00,Geral,Híbridos,Híbrido,Outro,Indeterminado,Ativa,0.80,0.00,20189029,9.42,190.25,0.10,Milhões
85.96,9.74,0.98,103.30,K,-1.16,PMFO11,SPECIALE REAL ESTATE FUND OF FUNDS FUNDO DE INVESTIMENTO IMOBILIÁRIO,50135849/0001-40,Investidor Qualificado,Desenvolvimento para venda,Híbrido,Outro,Determinado,Ativa,0.35,0.00,975896,87.69,85.58,0.84,Milhões
8.50,14.12,1.05,1.04,M,5.72,SNEL11,FUNDO DE INVEST IMOBILIARIO SUNO ENERGIAS LIMPAS,43741171/0001-84,Geral,Híbridos,Outros,Outro,Indeterminado,Ativa,,0.00,38334191,8.12,311.11,0.10,Milhões
2.09,110.25,6.64,24.13,K,1.46,SNLG11,Suno Log Fundo de Investimento Imobiliario,40041711/0001-29,Geral,Renda,Logístico / Indústria / Galpões,Fundo de Tijolo,Indeterminado,Ativa,1,0.00,2529955,0.31,796.40,0.84,Mil
69.69,12.80,0.83,429.27,K,-11.90,SNFF11,SUNO FUNDO DE FUNDOS IMOBILIÁRIO,40011225/0001-68,Geral,Títulos e valores mobiliários,Títulos e Valores Mobiliários,Fundo de fundos,Indeterminado,Ativa,0.78,0.00,4020624,83.89,337.30,0.72,Milhões
9.58,13.41,0.99,42.98,K,14.32,SNME11,SUNO MULTIESTRATÉGIA,52227760/0001-30,Geral,Híbridos,Híbrido,Fundo misto,Indeterminado,Ativa,,0.00,7418232,9.70,71.93,0.11,Milhões
87.00,13.79,0.89,526.42,K,2.93,SNCI11,SUNO RECEBÍVEIS IMOBILIÁRIOS FUNDO DE INVESTIMENTO IMOBILIÁRIO,41076710/0001-82,Geral,Títulos e valores mobiliários,Títulos e Valores Mobiliários,Outro,Indeterminado,Ativa,0.70,0.00,4199989,98.18,412.34,1.00,Milhões
9.95,8.40,1.01,104.07,K,8.27,TELM11,TELLUS MULTIESTRATÉGIA - FII FUNDO DE INVESTIMENTO IMOBILIÁRIO RESPONSABILIDADE LIMITADA,45188099/0001-35,Investidor Qualificado,Híbridos,Híbrido,Fundo misto,Indeterminado,Ativa,0.90,0.00,2147351,9.86,21.17,0.10,Milhões
80.18,13.11,0.83,574.53,K,2.21,TEPP11,TELLUS PROPERTIES FUNDO DE INVESTIMENTO IMOBILIÁRIO,26681370/0001-25,Geral,Renda,Lajes Corporativas,Fundo de Tijolo,Indeterminado,Ativa,1.17,0.00,4221956,97.16,410.19,0.91,Milhões
55.70,13.82,0.64,660.16,K,-35.35,TRBL11,FDO DE INVEST IMOB TELLUS RIO BRAVO RENDA LOGISTIC,16671412/0001-93,Geral,Renda,Logístico / Indústria / Galpões,Fundo de Tijolo,Indeterminado,Ativa,0.84,2.50,7739081,86.55,669.81,0.60,Milhões
97.00,11.99,0.99,4.26,K,10.05,TSER11,TISHMAN SPEYER RENDA CORPORATIVA FUNDO DE INVESTIMENTO IMOBILIÁRIO,34847042/0001-84,Geral,Renda,Lajes Corporativas,Fundo de Tijolo,Indeterminado,Ativa,1.00,0.00,1384749,97.95,135.64,0.96,Milhões
90.68,13.38,0.87,1.98,M,1.48,TVRI11,TIVIO RENDA IMOBILIÁRIA FUNDO DE INVESTIMENTO IMOBILIÁRIO,14410722/0001-29,Geral,Renda,Agências bancárias,Fundo de Tijolo,Indeterminado,Ativa,0277,3.10,15919679,104.05,1.66,1.05,Bilhão
9.70,9.79,1.04,72.46,K,6.95,TRXY11,TRX Hedge Fundo de Investimento Imobiliário de Responsabilidade Limitada,43985938/0001-10,Geral,Híbridos,Híbrido,Outro,Indeterminado,Ativa,0,0.00,3609709,9.36,33.79,0.11,Milhões
250.45,14.35,0.97,22.28,K,1.34,TJKB11,TJK RENDA IMOBILIÁRIA FUNDO DE INVESTIMENTO IMOBILIÁRIO,39714024/0001-48,Investidor Qualificado,Renda,Lajes Corporativas,Outro,Indeterminado,Ativa,0.45,0.00,1164636,258.77,301.38,2.90,Milhões
3.27,3.74,0.09,23.85,K,-58.87,TORD11,TORDESILHAS EI FUNDO DE INVESTIMENTO IMOBILIÁRIO,30230870/0001-18,Geral,Híbridos,Híbrido,Outro,Indeterminado,Ativa,1.50,0.00,5841881,35.72,208.66,0.01,Milhões
73.50,10.60,0.80,13.78,K,2.25,VOTS11,VOTORANTIM SECURITIES MASTER FUNDO DE INVESTIMENTO IMOBILIÁRIO,17870926/0001-30,Geral,Títulos e valores mobiliários,Títulos e Valores Mobiliários,Fundo de papel,Indeterminado,Ativa,1.00,0.00,827902,92.03,76.19,0.63,Milhões
151.67,14.81,1.45,3.59,K,20.90,TRXB11,TRX REAL ESTATE II FUNDO DE INVESTIMENTO IMOBILIÁRIO,36368925/0001-37,Geral,Títulos e valores mobiliários,Híbrido,Fundo de desenvolvimento,Determinado,Passiva,1.0,0.00,3746009,104.40,391.07,1.60,Milhões
97.82,13.61,0.94,7.37,M,5.40,TRXF11,TRX REAL ESTATE FUNDO DE INVESTIMENTO IMOBILIÁRIO,28548288/0001-52,Geral,Renda,Híbrido,Fundo de Tijolo,Indeterminado,Ativa,1.00,0.22,20035552,103.88,2.08,0.93,Bilhões
32.81,27.43,0.33,841.23,K,-53.20,URPR11,URCA PRIME RENDA FUNDO DE INVESTIMENTO IMOBILIÁRIO,34508872/0001-87,Geral,Híbridos,Outros,Fundo de papel,Indeterminado,Ativa,0.25,0.00,11733884,99.72,1.17,0.40,Bilhão
88.53,10.02,0.94,76.55,K,-1.89,VVRI11,V2 RENDA IMOBILIÁRIA FDO DE INV IMOB,49184940/0001-77,Geral,Renda,Híbrido,Outro,Indeterminado,Ativa,,15.09,802672,93.79,75.28,1.34,Milhões
9.47,14.46,0.97,5.68,M,11.67,VGIR11,VALORA RE III FUNDO DE INVESTIMENTO IMOBILIÁRIO,29852732/0001-91,fiiGENERAL,Renda,Títulos e Valores Mobiliários,Fundo de papel,Indeterminado,Ativa,0.20,0.00,146101276,9.76,1.43,0.14,Bilhão
9.99,11.91,0.97,55.08,K,13.52,VVCR11,V2 RECEBÍVEIS IMOBILIÁRIOS FUNDO DE INVESTIMENTO IMOBILIÁRIO,23120027/0001-13,Geral,Títulos e valores mobiliários,Títulos e Valores Mobiliários,Fundo de papel,Determinado,Ativa,0.90,0.00,7508321,10.32,77.50,0.10,Milhões
14.10,0.00,0.98,9.39,K,8.38,VVCO11,V2 EDIFÍCIOS CORPORATIVOS FUNDO DE INVESTIMENTO IMOBILIÁRIO,15006267/0001-63,Geral,Renda,Lajes Corporativas,Fundo de Tijolo,Indeterminado,Ativa,1.20,0.00,9899989,14.42,142.75,0.32,Milhões
12.70,2.76,0.31,197.60,K,-29.64,VPPR11,V2 PRIME PROPERTIES FUNDO DE INVESTIMENTO  IMOBILIÁRIO – FII,30654849/0001-40,Geral,Renda,Outros,Fundo misto,Indeterminado,Ativa,0.95 a.a,35.59,7316160,40.65,297.44,0.07,Milhões
80.95,14.49,0.90,1.77,M,5.35,VGIP11,VALORA CRI ÍNDICE DE PREÇO FUNDO DE INVESTIMENTO IMOBILIÁRIO,34197811/0001-46,Geral,Títulos e valores mobiliários,Títulos e Valores Mobiliários,Fundo de papel,Indeterminado,Ativa,1,0.00,11787236,89.60,1.06,0.76,Bilhão
49.00,5.73,0.79,627.82,K,28.54,PLAG11,VBI AGRO - FUNDO DE INVESTIMENTO IMOBILIÁRIO,32754734/0001-52,Geral,Renda,Outros,Fundo misto,Indeterminado,Ativa,1.0,0.00,5221828,62.14,324.47,0.51,Milhões
60.73,14.24,0.80,1.00,M,-6.53,RVBI11,VBI REITS FOF - FUNDO DE INVESTIMENTO IMOBILIÁRIO,35507457/0001-71,Geral,Renda,Títulos e Valores Mobiliários,Fundo de fundos,Indeterminado,Ativa,0.15,0.00,10276001,75.52,776.04,0.70,Milhões
89.43,6.60,0.85,90.42,K,23.73,BLMO11,VBI OFFICE FUND II - FUNDO DE INVESTIMENTO IMOBILIÁRIO,34895894/0001-47,Geral,Híbridos,Lajes Corporativas,Fundo de Tijolo,Determinado,Ativa,1.25,0.00,994803,104.85,104.31,0.53,Milhões
8.52,19.37,0.81,514.09,K,15.14,VGRI11,VALORA RENDA IMOB FUNDO DE INVES IMOB -RESP LIMIT,53656482/0001-07,Geral,Renda,Híbrido,Fundo de Tijolo,Indeterminado,Ativa,0085,19.60,35021725,10.56,369.99,0.12,Milhões
7.66,14.10,0.89,2.56,M,0.26,VGHF11,VALORA HEDGE FUND FUNDO DE INVESTIMENTO IMOBILIÁRIO - FII,36771692/0001-19,Geral,Títulos e valores mobiliários,Híbrido,Fundo de papel,Indeterminado,Ativa,0.90,0.00,164721672,8.57,1.41,0.09,Bilhão
78.65,14.75,0.83,2.95,M,-1.00,VCJR11,VECTIS JUROS REAL FUNDO DE INVESTIMENTO IMOBILIÁRIO,32400250/0001-05,Geral,Títulos e valores mobiliários,Títulos e Valores Mobiliários,Fundo de papel,Indeterminado,Ativa,1.60,0.00,14723959,94.20,1.39,0.95,Bilhão
5.30,15.17,0.61,323.91,K,-5.86,VIUR11,VINCI IMÓVEIS URBANOS FUNDO DE INVESTIMENTO IMOBILIÁRIO,36445587/0001-90,Geral,Renda,Outros,Fundo misto,Indeterminado,Ativa,0.85,3.00,26946209,8.75,235.72,0.07,Milhões
2.55,16.12,0.25,96.83,K,-13.61,VSLH11,VERSALHES RECEBÍVEIS IMOBILIÁRIOS - FUNDO DE INVESTIMENTO IMOBILIÁRIO,36244015/0001-42,Geral,Híbridos,Outros,Fundo de papel,Indeterminado,Ativa,de 1.00,0.00,29864080,10.08,301.12,0.03,Milhões
72.78,8.70,0.42,98.36,K,13.90,FVPQ11,FUNDO DE INVESTIMENTO IMOBILIÁRIO VIA PARQUE SHOPPING,00332266/0001-31,fiiGENERAL,Renda,Shoppings / Varejo,Fundo de Tijolo,Indeterminado,Passive,0.12,10.10,2800138,174.43,488.44,0.81,Milhões
7.39,6.63,0.93,2.18,M,7.73,VIFI11,VINCI INSTRUMENTOS FINANCEIROS FUNDO DE INVESTIMENTO IMOBILIÁRIO,31547855/0001-60,Geral,Títulos e valores mobiliários,Títulos e Valores Mobiliários,Fundo de fundos,Indeterminado,Ativa,0.95,0.00,8089179,7.97,64.51,0.07,Milhões
7.01,17.11,0.84,9.79,K,111.14,WSEC11,WARREN SECURITIES FUNDO DE INVESTIMENTO IMOBILIÁRIO,43440579/0001-16,fiiQUALIFIED_INVESTOR,Títulos e valores mobiliários,Títulos e Valores Mobiliários,Fundo de papel,Indeterminado,Ativa,1.00,0.00,2456499,8.33,20.46,0.10,Milhões
4.92,12.91,0.48,502.90,K,-7.52,VINO11,VINCI OFFICES FUNDO DE INVESTIMENTO IMOBILIÁRIO,12516185/0001-70,Geral,Renda,Lajes Corporativas,Fundo de Tijolo,Indeterminado,Ativa,1.20,8.00,82826284,10.24,847.82,0.05,Milhões
80.99,9.72,0.72,1.56,M,0.67,VILG11,VINCI LOGÍSTICA FUNDO DE INVESTIMENTO IMOBILIÁRIO,24853044/0001-22,Geral,Renda,Logístico / Indústria / Galpões,Fundo de Tijolo,Indeterminado,Ativa,0.95,2.78,14997385,112.42,1.69,0.72,Bilhão
102.98,9.37,0.83,3.69,M,0.28,VISC11,VINCI SHOPPING CENTERS FUNDO DE INVESTIMENTO IMOBILIÁRIO,17554274/0001-25,Geral,Renda,Shoppings / Varejo,Fundo de Tijolo,Indeterminado,Ativa,1.35,5.50,28828629,123.95,3.57,0.81,Bilhões
100.35,11.00,0.85,11.05,M,-0.96,XPML11,XP Malls Fundo de Investimento Imobiliario - Fii,28757546/0001-00,Geral,Renda,Shoppings / Varejo,Fundo de Tijolo,Indeterminado,Ativa,0.55,4.00,56720776,117.39,6.66,0.92,Bilhões
68.91,12.71,0.66,331.23,K,-0.28,XPIN11,XP INDUSTRIAL FUNDO DE INVESTIMENTO IMOBILIARIO,28516325/0001-40,Geral,Renda,Outros,Fundo de Tijolo,Indeterminado,Ativa,Entre 3.5,5.60,7150411,104.09,744.29,0.74,Milhões
8.65,14.28,0.89,339.87,K,2.73,WHGR11,WHG REAL ESTATE FUNDO DE INVESTIMENTO IMOBILIÁRIO,41256643/0001-88,Geral,Híbridos,Híbrido,Fundo misto,Indeterminado,Ativa,1.00,0.00,30912368,9.77,301.97,0.10,Milhões
8.00,0.00,0.30,17.39,K,-2.08,XPCM11,XP CORPORATE MACAÉ FUNDO DE INVESTIMENTO IMOBILIÁRIO,16802320/0001-03,Geral,Renda,Lajes Corporativas,Fundo de Tijolo,Indeterminado,Passiva,0.80,57.00,2414559,26.26,63.40,0.02,Milhões
5.99,13.04,0.77,361.12,K,-9.56,XPSF11,XP SELECTION FUNDO DE FUNDOS DE INVESTIMENTO IMOBILIÁRIO,30983020/0001-90,Geral,Títulos e valores mobiliários,Títulos e Valores Mobiliários,Fundo de fundos,Indeterminado,Ativa,1,0.00,43302129,7.74,335.00,0.07,Milhões
80.74,12.84,0.90,1.58,M,6.26,XPCI11,XP CREDITO IMOBILIÁRIO - FUNDO DE INVESTIMENTO IMOBILIÁRIO,28516301/0001-91,Geral,Títulos e valores mobiliários,Títulos e Valores Mobiliários,Fundo de papel,Indeterminado,Ativa,1.00,0.00,8701541,89.69,780.45,0.96,Milhões
96.91,9.95,0.91,3.00,M,3.92,XPLG11,XP LOG FUNDO DE INVESTIMENTO IMOBILIÁRIO,26502794/0001-85,Geral,Renda,Logístico / Indústria / Galpões,Fundo de Tijolo,Indeterminado,Ativa,0.95,7.90,31175920,106.90,3.33,0.82,Bilhões
515.00,0.00,0.29,28.72,K,-32.68,ZIFI11,ZION CAPITAL FUNDO DE INVESTIMENTO IMOBILIÁRIO,35820768/0001-96,Geral,Desenvolvimento para renda,Híbrido,Fundo de desenvolvimento,Indeterminado,Ativa,1.00,0.00,47474,1768.87,83.99,3.30,Milhões
86.00,15.85,0.63,74.55,K,-11.19,ZAVI11,FUNDO DE INVESTIMENTO IMOBILIÁRIO ZAVIT REAL ESTATE,40575940/0001-23,Geral,Renda,Híbrido,Fundo misto,Indeterminado,Ativa,1.25,0.90,1173311,135.66,159.18,1.10,Milhões
