razão_social,cnpj,público_alvo,mandato,segmento,tipo_de_fundo,prazo_de_duração,tipo_de_gestão,taxa_de_administração,vacância,numero_de_cotistas,cotas_emitidas,val_patrimonial_p_cota,valor_patrimonial,último_rendimento,valor_patrimonial_unidade,papel
AF INVEST REAL ESTATE MULTIESTRATÉGIA FUNDO DE INVESTIMENTO IMOBILIÁRIO - RESPONSABILIDADE LIMITADA,60.077.386/0001-61,Geral,Híbridos,Híbrido,Fundo misto,Indeterminado,Ativa,0.11,0.00,249,4999989,10.11,50.57,0.13,Milhões,AFHF11
AJ MALLS,51.472.985/0001-99,Geral,Renda,Shoppings / Varejo,Fundo de Tijolo,Indeterminado,Ativa,,7.01,11859,31625967,11.10,351.05,0.05,Milhões,AJFI11
ALIANZA URBAN HUB RENDA FUNDO DE INVESTIMENTO IMOBILIÁRIO,41.076.823/0001-88,Investidor Qualificado,Renda,Logístico / Indústria / Galpões,Fundo de Tijolo,Indeterminado,Ativa,1.00,16.00,20,1085769,81.32,88.29,0.40,Milhões,AURB11
ALIANZA CRÉDITO IMOBILIÁRIO FUNDO DE INVESTIMENTO IMOBILIÁRIO,40.011.324/0001-40,Investidor Qualificado,Títulos e valores mobiliários,Títulos e Valores Mobiliários,Fundo de papel,Indeterminado,Ativa,1.30,0.00,9561,20050219,9.42,188.82,0.10,Milhões,ALZC11
ALIANZA TRUST RENDA IMOBILIARIA - FUNDO DE INVESTIMENTO IMOBILIARIO,28.737.771/0001-85,Geral,Renda,Híbrido,Fundo de Tijolo,Indeterminado,Ativa,0.20,0.00,172906,122266239,10.66,1.30,0.08,Bilhão,ALZR11
AF INVEST CRI FUNDO DE INVESTIMENTO IMOBILIÁRIO - RECEBÍVEIS IMOBILIÁRIOS,36.642.293/0001-58,Geral,Títulos e valores mobiliários,Títulos e Valores Mobiliários,Fundo de papel,Indeterminado,Ativa,1.00,0.00,37577,4555607,94.23,429.29,1.01,Milhões,AFHI11
FUNDO DE INVESTIMENTO IMOBILIÁRIO APEX MALLS,43.010.485/0001-07,Geral,Híbridos,Shoppings / Varejo,Fundo de Tijolo,Indeterminado,Ativa,,0.00,648,2829131,123.75,350.10,0.37,Milhões,APXM11
AROEIRA 333 RENDA LOGÍSTICA,44.674.528/0001-11,Geral,Desenvolvimento para renda,Outros,Fundo de desenvolvimento,Indeterminado,Ativa,,0.00,4953,167926821,0.95,159.51,0.01,Milhões,AROA11
ARX DOVER RECEBÍVEIS FUNDO DE INVESTIMENTO IMOBILIÁRIO,44.527.494/0001-32,Geral,Títulos e valores mobiliários,Títulos e Valores Mobiliários,Fundo de papel,Indeterminado,Ativa,1.02,0.00,1780,9011159,9.07,81.74,0.09,Milhões,ARXD11
AUTONOMY EDIFÍCIOS CORPORATIVOS FUNDO DE INVESTIMENTO IMOBILIÁRIO,35.765.826/0001-26,Geral,Renda,Lajes Corporativas,Fundo de Tijolo,Indeterminado,Ativa,0.75,41.00,14255,4824976,80.34,387.65,0.34,Milhões,AIEC11
AZ QUEST PANORAMA LOGÍSTICA FUNDO DE INVESTIMENTO IMOBILIÁRIO - RESPONSABILIDADE LIMITADA,51.890.054/0001-00,Geral,Renda,Logístico / Indústria / Galpões,Fundo misto,Indeterminado,Ativa,1.10,0.00,6288,41922678,8.48,355.68,0.08,Milhões,AZPL11
BANRISUL NOVAS FRONTEIRAS FUNDO DE INVESTIMENTO IMOBILIÁRIO,15.570.431/0001-60,Geral,Desenvolvimento para renda,Agências bancárias,Fundo de Tijolo,Indeterminado,Ativa,0.4,26.90,5789,699989,78.23,54.76,0.85,Milhões,BNFS11
BANESTES RECEBÍVEIS IMOBILIÁRIOS FUNDO DE INVESTIMENTO,22.219.335/0001-38,Geral,Títulos e valores mobiliários,Títulos e Valores Mobiliários,Fundo de papel,Indeterminado,Ativa,1.0,0.00,42452,6257862,84.37,527.95,0.92,Milhões,BCRI11
BB FUNDO DE FUNDOS - FUNDO DE INVESTIMENTO IMOBILIÁRIO,37.180.091/0001-02,Geral,Títulos e valores mobiliários,Títulos e Valores Mobiliários,Fundo de fundos,Indeterminado,Passiva,0.50,0.00,6924,4003889,73.44,294.05,0.70,Milhões,BBFO11
BB FUNDO DE INVESTIMENTO IMOBILIÁRIO PROGRESSIVO,07.000.400/0001-46,Geral,Renda,Lajes Corporativas,Fundo de Tijolo,Indeterminado,Passiva,3,100.00,5717,129989,681.55,88.60,361.12,Milhões,BBFI11
BLUEMACAW LOGÍSTICA FUNDO DE INVESTIMENTO IMOBILIÁRIO,34.081.637/0001-71,Geral,Renda,Outros,Fundo de Tijolo,Indeterminado,Ativa,0.95,0.00,12864,4674537,50.49,236.01,0.36,Milhões,BLMG11
BB RENDA CORPORATIVA FUNDO DE INVESTIMENTO IMOBILIÁRIO,12.681.340/0001-04,Geral,Desenvolvimento para renda,Agências bancárias,Fundo de Tijolo,Indeterminado,Passiva,0.60,0.00,8747,1589989,104.99,166.94,1.05,Milhões,BBRC11
BB PREMIUM MALLS FUNDO DE INVESTIMENTO IMOBILIÁRIO DE RESPONSABILIDADE LIMITADA,54.375.187/0001-37,Geral,Renda,Shoppings / Varejo,Fundo de Tijolo,Indeterminado,Ativa,0.80,2.30,34605,99120983,9.88,978.95,0.08,Milhões,BBIG11
FUNDO DE INVESTIMENTO IMOBILIÁRIO BRASIL VAREJO,21.126.204/0001-43,Geral,Renda,Outros,Fundo de Tijolo,Indeterminado,Passiva,0.10,0.00,126,625529,768.60,480.79,11.50,Milhões,BVAR11
FUNDO DE INVESTIMENTO IMOBILIÁRIO BM BRASCAN LAJES CORPORATIVAS,14.376.247/0001-11,Geral,Renda,Lajes Corporativas,Fundo de Tijolo,Indeterminado,Passiva,0.20,0.00,1254,998394,105.88,105.72,0.72,Milhões,BMLC11
FUNDO DE INVESTIMENTO IMOBILIÁRIO ATHENA I,30.567.216/0001-02,Geral,Renda,Lajes Corporativas,Fundo de Tijolo,Indeterminado,Ativa,0.80,6.00,23084,5159994,98.51,508.31,0.80,Milhões,FATN11
FUNDO DE INVESTIMENTO IMOBILIÁRIO - BRASIL PLURAL ABSOLUTO,17.324.357/0001-28,Geral,Títulos e valores mobiliários,Títulos e Valores Mobiliários,Fundo de fundos,Indeterminado,Ativa,0.4,0.00,20096,4492315,62.15,279.19,0.67,Milhões,BPFF11
BRADESCO CARTEIRA IMOBILIÁRIA ATIVA – FUNDO DE INVESTIMENTO IMOBILIÁRIO,20.216.935/0001-17,Geral,Títulos e valores mobiliários,Títulos e Valores Mobiliários,Fundo de fundos,Indeterminado,Ativa,0.50,0.00,20759,3719027,99.13,368.67,0.86,Milhões,BCIA11
BRAZILIAN GRAVEYARD DEATH CARE FDO INV IMOB - FII,13.584.584/0001-31,Geral,Títulos e valores mobiliários,Híbrido,Fundo misto,Indeterminado,Ativa,1.60,0.00,11739,36006127,6.92,249.01,0.01,Milhões,CARE11
BRIO REAL ESTATE III FUNDO DE INVESTIMENTO IMOBILIÁRIO,34.895.752/0001-80,Geral,Híbridos,Híbrido,Fundo de desenvolvimento,Determinado,Ativa,2.0,0.00,442,215464,560.85,120.85,11.77,Milhões,BRIP11
BRIO MULTIESTRATÉGIA FUNDO DE INVESTIMENTO IMOBILIÁRIO,41.081.356/0001-84,Geral,Renda,Híbrido,Outro,Indeterminado,Ativa,1.50,0.00,8178,5845591,8.45,49.41,0.07,Milhões,BIME11
BRIO CRÉDITO ESTRUTURADO - FUNDO DE INVESTIMENTO IMOBILIÁRIO,39.332.032/0001-20,Investidor Qualificado,Títulos e valores mobiliários,Títulos e Valores Mobiliários,Fundo de fundos,Determinado,Ativa,1.25,0.00,114,133403,1097.71,146.45,5.50,Milhões,BICE11
BRESCO LOGÍSTICA - FUNDO DE INVESTIMENTO IMOBILIÁRIO,20.748.515/0001-81,Geral,Híbridos,Logístico / Indústria / Galpões,Fundo de Tijolo,Indeterminado,Ativa,0.0975,7.70,121277,15905122,117.47,1.87,0.87,Bilhão,BRCO11
BRIO REAL ESTATE II - FUNDO DE INVESTIMENTO IMOBILIÁRIO,23.964.843/0001-03,Geral,Híbridos,Outros,Fundo de desenvolvimento,Determinado,Ativa,1.5,0.00,710,124126,191.68,23.80,80.56,Milhões,BRIM11
BTG PACTUAL HOTÉIS FII,18.308.516/0001-63,Geral,Híbridos,Hotéis,Fundo de Tijolo,Indeterminado,Ativa,095,45.50,1506,9218501,68.36,630.15,0.45,Milhões,BTHI11
BRPR CORPORATE OFFICES FDO DE INV IMOB,48.978.859/0001-04,Geral,Renda,Híbrido,Fundo de Tijolo,Indeterminado,Ativa,,8.20,10271,11610801,109.18,1.27,0.53,Bilhão,BROF11
BS2 ALLINVESTMENTS FUNDO DE INVESTIMENTO IMOBILIÁRIO,41.218.404/0001-33,Investidor Qualificado,Desenvolvimento para venda,Híbrido,Fundo misto,Indeterminado,Ativa,2.00,0.00,73,361129,51.06,18.44,1.70,Milhões,LLAO11
FUNDO DE INVESTIMENTO IMOBILIÁRIO BTG PACTUAL AGRO LOGÍSTICA,36.642.244/0001-15,Geral,Renda,Outros,Fundo de Tijolo,Indeterminado,Ativa,1.10,0.00,38441,5982725,116.54,697.21,0.95,Milhões,BTAL11
BTG Pactual Fundo de CRI,09.552.812/0001-14,Geral,Títulos e valores mobiliários,Títulos e Valores Mobiliários,Fundo de papel,Indeterminado,Ativa,0.95,0.00,197052,99521161,10.02,997.23,0.10,Milhões,BTCI11
FUNDO DE INVESTIMENTO IMOBILIÁRIO - BTG PACTUAL CORPORATE OFFICE,08.924.783/0001-01,Geral,Híbridos,Híbrido,Fundo de Tijolo,Indeterminado,Ativa,0.25,10.80,119663,26638191,85.05,2.27,0.41,Bilhões,BRCR11
BTSP II FUNDO DE INVESTIMENTO IMOBILIÁRIO,36.930.464/0001-44,Geral,Desenvolvimento para renda,Híbrido,Fundo de desenvolvimento,Indeterminado,Ativa,,0.00,206,5999764,118.00,707.98,0.81,Milhões,BTSI11
BTG PACTUAL REAL ESTATE HEDGE FUND FII - RESP LTDA,45.188.176/0001-57,Geral,Títulos e valores mobiliários,Híbrido,Fundo de papel,Indeterminado,Ativa,,0.00,314172,205846929,9.86,2.03,0.09,Bilhões,BTHF11
BTOWERS - FUNDO DE INVESTIMENTO IMOBILIÁRIO,20.132.453/0001-89,Investidor Qualificado,Renda,Lajes Corporativas,Fundo de desenvolvimento,Indeterminado,Passiva,0.80,5.00,136,809258,118.56,95.95,0.70,Milhões,BTWR11
FUNDO DE INVESTIMENTO IMOBILIÁRIO BTG PACTUAL TERRAS AGRÍCOLAS,41.076.607/0001-32,Geral,Renda,Fiagros,Outro,Indeterminado,Ativa,1.22,0.00,11917,3364548,111.86,376.36,0.40,Milhões,BTRA11
BTSP I FUNDO DE INVESTIMENTO IMOBILIÁRIO,36.098.375/0001-83,Geral,Desenvolvimento para renda,Híbrido,Fundo de Tijolo,Indeterminado,Ativa,0.20,0.00,101,775004,152.10,117.88,1.00,Milhões,BTSG11
FUNDO DE INVESTIMENTO IMOBILIÁRIO BTG PACTUAL SHOPPINGS,33.046.142/0001-49,Investidor Qualificado,Renda,Shoppings / Varejo,Fundo de Tijolo,Indeterminado,Ativa,1.0,6.20,5985,7441734,123.60,919.82,0.92,Milhões,BPML11
BTG PACTUAL LOGÍSTICA FUNDO DE INVESTIMENTO IMOBILIÁRIO,11.839.593/0001-09,Geral,Renda,Logístico / Indústria / Galpões,Fundo de Tijolo,Indeterminado,Ativa,0.9,3.00,410102,49052560,103.53,5.08,0.79,Bilhões,BTLG11
FUNDO DE INVESTIMENTO IMOBILIÁRIO CAIXA IMÓVEIS CORPORATIVOS,38.658.984/0001-75,Geral,Renda,Lajes Corporativas,Fundo de Tijolo,Indeterminado,Ativa,0.25,0.00,12395,3924489,96.40,378.32,0.70,Milhões,CXCO11
CAIXA RIO BRAVO FUNDO DE INVESTIMENTO IMOBILIÁRIO,17.098.794/0001-70,Geral,Híbridos,Híbrido,Fundo de fundos,Indeterminado,Ativa,1.20,0.00,1772,1575749,82.77,130.43,0.59,Milhões,CXRI11
CANUMA CAPITAL MULTIESTRATÉGIA FUNDO DE INVESTIMENTO IMOBILIÁRIO,43.010.844/0001-26,Geral,Híbridos,Outros,Fundo misto,Indeterminado,Ativa,Taxa de gestão 1.20,2.20,9097,67797042,10.44,707.98,0.08,Milhões,CCME11
CAIXA RIO BRAVO FUNDO DE FUNDOS DE INVESTIMENTO IMOBILIÁRIO II,31.887.401/0001-39,Geral,Títulos e valores mobiliários,Títulos e Valores Mobiliários,Fundo de fundos,Indeterminado,Ativa,1.15,0.00,1204,690029,83.00,57.27,0.61,Milhões,CRFF11
CAPITÂNIA OFFICE FII - FDO DE INV IMOB,48.916.699/0001-60,Geral,Renda,Híbrido,Fundo misto,Indeterminado,Ativa,,3.00,112,4772394,107.28,511.99,0.45,Milhões,CPOF11
Classe Única do Capitânia HBC Renda Urbana,34.691.520/0001-00,Geral,Renda,Híbrido,Outro,Indeterminado,Ativa,1.00,2.10,1421,67347771,9.94,669.61,0.10,Milhões,CPUR11
CAPITÂNIA LOGÍSTICA FUNDO DE INVESTIMENTO IMOBILIÁRIO - FII,52.371.756/0001-40,Geral,Híbridos,Logístico / Indústria / Galpões,Fundo misto,Indeterminado,Ativa,,23.00,562,43542499,10.57,460.16,0.20,Milhões,CPLG11
CASTELLO BRANCO OFFICE PARK FUNDO DE INVESTIMENTO IMOBILIÁRIO,17.144.039/0001-85,Geral,Renda,Lajes Corporativas,Fundo de Tijolo,Indeterminado,Passiva,105,30.00,2124,1414989,67.60,95.65,0.10,Milhões,CBOP11
BLUEMACAW CATUAÍ TRIPLE A FUNDO DE INVESTIMENTO IMOBILIÁRIO,41.076.748/0001-55,Geral,Híbridos,Lajes Corporativas,Fundo misto,Indeterminado,Ativa,1.15,0.00,465,1599989,127.08,203.33,0.50,Milhões,BLCA11
SHOPPINGS AAA FDO DE INV IMOB,47.896.665/0001-99,Geral,Renda,Shoppings / Varejo,Fundo de Tijolo,Indeterminado,Ativa,,2.90,26058,79699807,11.82,942.14,0.12,Milhões,CPSH11
CAPITANIA SECURITIES II FUNDO DE INVESTIMENTO IMOBILIÁRIO,18.979.895/0001-13,Geral,Títulos e valores mobiliários,Títulos e Valores Mobiliários,Fundo de papel,Indeterminado,Ativa,1.05,0.00,353139,328558318,8.91,2.93,0.09,Bilhões,CPTS11
CARTESIA RECEBÍVEIS IMOBILIÁRIOS FUNDO DE INVESTIMENTO IMOBILIÁRIO,32.065.364/0001-46,Geral,Híbridos,Híbrido,Fundo de papel,Indeterminado,Ativa,1.00,0.00,25269,4836313,75.18,363.59,1.32,Milhões,CACR11
FUNDO DE INVESTIMENTO IMOBILIÁRIO - CENESP,13.551.286/0001-45,Geral,Renda,Lajes Corporativas,Fundo de Tijolo,Indeterminado,Ativa,0.30,59.40,86569,34134814,7.57,258.23,0.01,Milhões,CNES11
CIDADE JARDIM CONTINENTAL TOWER FUNDO DE INVESTIMENTO IMOBILIÁRIO,10.347.985/0001-80,Investidor Qualificado,Renda,Lajes Corporativas,Fundo de Tijolo,Indeterminado,Passiva,0.70,32.40,838,3139989,73.14,229.67,0.20,Milhões,CJCT11
CF2 FUNDO DE INVESTIMENTO IMOBILIÁRIO,34.508.923/0001-70,Investidor Qualificado,Híbridos,Outros,Fundo de desenvolvimento,Indeterminado,Ativa,1,0.00,91,94589,26.13,2.47,10.62,Milhões,CFHI11
CF3 FUNDO DE INVESTIMENTO IMOBILIÁRIO,41.325.993/0001-59,Investidor Qualificado,Desenvolvimento para venda,Híbrido,Fundo de desenvolvimento,Determinado,Ativa,,0.00,97,126308,825.62,104.29,57.00,Milhões,CFII11
CLAVE ÍNDICES DE PREÇOS,49.005.348/0001-60,Geral,Títulos e valores mobiliários,Títulos e Valores Mobiliários,Fundo de papel,Indeterminado,Ativa,,0.00,12668,4346752,97.61,424.27,0.95,Milhões,CLIN11
CYRELA DESENVOLVIMENTO LOGÍSTICO FII,43.010.601/0001-98,Investidor Qualificado,Desenvolvimento para venda,Logístico / Indústria / Galpões,Fundo de Tijolo,Determinado,Ativa,,0.00,107,1241836,120.23,149.31, 0.00,Milhões,CYLD11
CYRELA CRÉDITO - FUNDO DE INVESTIMENTO IMOBILIÁRIO,36.501.233/0001-15,Geral,Títulos e valores mobiliários,Outros,Fundo de papel,Indeterminado,Ativa,1.00,0.00,17772,36549434,9.33,340.89,0.11,Milhões,CYCR11
FUNDO DE INVESTIMENTO IMOBILIÁRIO DE CRI INTEGRAL BREI,40.011.251/0001-96,Geral,Títulos e valores mobiliários,Títulos e Valores Mobiliários,Fundo de papel,Indeterminado,Ativa,1.00,0.00,3901,51136,1706.86,87.30,0.70,Milhões,IBCR11
DAMA FUNDO DE INVESTIMENTO IMOBILIÁRIO,53.866.872/0001-01,Geral,Títulos e valores mobiliários,Títulos e Valores Mobiliários,Fundo de papel,Indeterminado,Ativa,,0.00,827,5537020,8.13,45.03,0.08,Milhões,DAMA11
ASA RETROFITS I FUNDO DE INVESTIMENTO IMOBILIÁRIO - FII,451.880/3300-01,Investidor Qualificado,Híbridos,Híbrido,Fundo de desenvolvimento,Determinado,Ativa,2.20,0.00,72,3989,9698.59,38.79, 0.00,Milhões,ASRF11
DAYCOVAL REAL ESTATE MULTIESTRATÉGIA FII RL,38.293.921/0001-62,Geral,Híbridos,Lajes Corporativas,Fundo de Tijolo,Indeterminado,Ativa,,8.50,761,17100927,9.96,170.33,0.04,Milhões,DAYM11
DEVANT RECEBÍVEIS IMOBILIÁRIOS FUNDO DE INVESTIMENTO IMOBILIÁRIO,37.087.810/0001-37,Geral,Títulos e valores mobiliários,Títulos e Valores Mobiliários,Fundo de papel,Indeterminado,Ativa,0.70,0.00,82589,14044897,96.91,1.36,0.33,Bilhão,DEVA11
FATOR VERITÀ MULTIESTRATÉGIA,51.870.412/0001-13,Geral,Híbridos,Híbrido,Outro,Indeterminado,Ativa,,0.00,11789,46971234,9.27,435.30,0.09,Milhões,VRTM11
ESTOQUE RESIDENCIAL E COMERCIAL RJ FUNDO DE INVESTIMENTO IMOBILIÁRIO,37.266.902/0001-84,Investidor Qualificado,Desenvolvimento para renda,Híbrido,Fundo de Tijolo,Indeterminado,Passiva,0.10,0.00,10,2365,14516.71,34.49,146.50,Milhões,ERCR11
EVEN II KINEA FUNDO DE INVESTIMENTO IMOBILIÁRIO,32.317.313/0001-64,Investidor Qualificado,Desenvolvimento para venda,Outros,Fundo de desenvolvimento,Determinado,Passiva,1.45,0.00,431,147689,606.04,89.51,34.53,Milhões,KEVE11
EQI RECEBÍVEIS IMOBILIÁRIOS FUNDO DE INVESTIMENTO IMOBILIÁRIO,41.076.380/0001-25,Investidor Qualificado,Títulos e valores mobiliários,Títulos e Valores Mobiliários,Outro,Indeterminado,Ativa,1.00,0.00,9816,10909304,9.56,104.27,0.10,Milhões,EQIR11
EUROPA 105 - FUNDO DE INVESTIMENTO IMOBILIÁRIO,31.469.385/0001-64,Investidor Qualificado,Renda,Lajes Corporativas,Fundo de Tijolo,Indeterminado,Passiva,0.17,0.00,727,500911,159.45,79.87,0.93,Milhões,ERPA11
EXES FUNDO DE INVESTIMENTO IMOBILIÁRIO,41.076.851/0001-03,Investidor Qualificado,Títulos e valores mobiliários,Títulos e Valores Mobiliários,Fundo de papel,Indeterminado,Ativa,,0.00,1071,14101444,9.78,137.92,0.13,Milhões,EXES11
FATOR VERITA FUNDO DE INVESTIMENTO IMOBILIÁRIO,11.664.201/0001-00,Geral,Títulos e valores mobiliários,Títulos e Valores Mobiliários,Fundo de papel,Indeterminado,Ativa,1.0,0.00,108631,15592413,83.76,1.31,0.85,Bilhão,VRTA11
FARIA LIMA CAPITAL RECEBÍVEIS IMOBILIÁRIOS I - FUNDO DE INVESTIMENTO IMOBILIÁRIO,33.884.145/0001-51,Investidor Qualificado,Títulos e valores mobiliários,Títulos e Valores Mobiliários,Fundo de papel,Indeterminado,Ativa,1.00,0.00,2874,751833,94.32,70.92,1.00,Milhões,FLCR11
FII EGDB,53.866.393/0001-87,Geral,Híbridos,Híbrido,Outro,Indeterminado,Ativa,,0.00,2402,78762,987.93,77.82, 0.00,Milhões,EGDB11
FUNDO DE INVESTIMENTO IMOBILIÁRIO EUROPAR,05.437.916/0001-27,Geral,Híbridos,Logístico / Indústria / Galpões,Fundo de Tijolo,Indeterminado,Passiva,5.0,0.00,2027,383925,329.30,126.43,2.08,Milhões,EURO11
FUNDO DE INVESTIMENTO IMOBILIÁRIO CONTINENTAL SQUARE FARIA LIMA,04.141.645/0001-03,Geral,Renda,Híbrido,Fundo de Tijolo,Indeterminado,Ativa,2,15.52,11585,1380659,220.91,305.00,1.14,Milhões,FLMA11
FUNDO DE INVESTIMENTO IMOBILIÁRIO - TORRE ALMIRANTE,07.122.725/0001-00,Geral,Renda,Lajes Corporativas,Fundo de Tijolo,Indeterminado,Passiva,0.383,46.34,1905,111166,2103.33,233.84,3.04,Milhões,ALMI11
FOF JHSF CAPITAL INSTITUCIONAL FII,50.718.976/0001-72,Investidor Qualificado,Títulos e valores mobiliários,Títulos e Valores Mobiliários,Fundo de fundos,Indeterminado,Passiva,,0.00,2,1317706,157.80,207.93,0.27,Milhões,JCIN11
FUNDO DE INVESTIMENTO IMOBILIÁRIO - VBI CRI,28.729.197/0001-13,Geral,Títulos e valores mobiliários,Títulos e Valores Mobiliários,Fundo de papel,Indeterminado,Ativa,0.90,0.00,83715,11010217,92.88,1.02,1.05,Bilhão,CVBI11
FUNDO DE FUNDOS DE INVESTIMENTO IMOBILIÁRIO KINEA FII,30.091.444/0001-40,Geral,Títulos e valores mobiliários,Títulos e Valores Mobiliários,Fundo de fundos,Indeterminado,Ativa,0.92,0.00,29730,7014554,89.73,629.45,0.80,Milhões,KFOF11
FUNDO DE INVESTIMENTO IMOBILIÁRIO MEMORIAL OFFICE,01.633.741/0001-72,Geral,Renda,Lajes Corporativas,Fundo de Tijolo,Indeterminado,Passiva,5.0,0.00,312,507997,47.57,24.16,8.30,Milhões,FMOF11
FUNDO DE INVESTIMENTO IMOBILIÁRIO DEVANT FOF IMOBILIÁRIOS,39.863.059/0001-49,Geral,Títulos e valores mobiliários,Híbrido,Fundo de fundos,Indeterminado,Ativa,0.15,0.00,1894,11009489,8.49,93.45,0.07,Milhões,DVFF11
FUNDO DE INVESTIMENTO IMOBILIÁRIO – FII ANHANGUERA EDUCACIONAL,11.179.118/0001-45,Geral,Renda,Outros,Fundo de Tijolo,Indeterminado,Passiva,0.3,0.00,4047,692366,221.94,153.67,1.66,Milhões,FAED11
FUNDO DE INVESTIMENTO IMOBILIÁRIO – CAMPUS FARIA LIMA,11.602.654/0001-01,Geral,Renda,Educacional,Fundo de Tijolo,Indeterminado,Passiva,0.30,0.00,2968,3473999,123.28,428.26,0.93,Milhões,FCFL11
FUNDO DE INVESTIMENTO IMOBILIÁRIO - EDIFÍCIO ALMIRANTE BARROSO,05.562.312/0001-02,Geral,Renda,Lajes Corporativas,Fundo de Tijolo,Indeterminado,Passiva,2.50,89.31,2017,122527,1824.07,223.52,45.43,Milhões,FAMB11
FUNDO DE INVESTIMENTO IMOBILIÁRIO - CYRELA COMMERCIAL PROPERTIES,15.799.397/0001-09,Geral,Renda,Lajes Corporativas,Fundo de Tijolo,Indeterminado,Passiva,0.20,0.00,3882,1815685,72.53,131.70,0.49,Milhões,CEOC11
FUNDO DE INVESTIMENTO IMOBILIÁRIO - EDIFÍCIO GALERIA,15.333.306/0001-37,Geral,Renda,Lajes Corporativas,Fundo de Tijolo,Indeterminado,Passiva,0.20,22.87,3824,3812044,46.96,179.01,0.02,Milhões,EDGA11
FUNDO DE INVESTIMENTO IMOBILIÁRIO - NCH BRASIL RECEBÍVEIS IMOBILIÁRIOS,18.085.673/0001-57,Geral,Títulos e valores mobiliários,Títulos e Valores Mobiliários,Fundo de papel,Indeterminado,Ativa,0.20,0.00,10788,15281377,9.67,147.77,0.10,Milhões,FYTO11
FUNDO DE INVESTIMENTO IMOBILIÁRIO - HOSPITAL DA CRIANÇA,04.066.582/0001-60,Geral,Renda,Hospitalar,Fundo de Tijolo,Indeterminado,Passiva,2.0,0.00,2935,199989,347.32,69.46,21.78,Milhões,HCRI11
FUNDO DE INVESTIMENTO IMOBILIÁRIO - MAX RETAIL,11.274.415/0001-70,Geral,Renda,Outros,Fundo de Tijolo,Indeterminado,Ativa,0.15,26.00,4045,1125644,102.21,115.06,0.19,Milhões,MAXR11
FUNDO DE INVESTIMENTO IMOBILIÁRIO - HOSPITAL NOSSA SENHORA DE LOURDES,08.014.513/0001-63,Geral,Renda,Hospitalar,Fundo de Tijolo,Indeterminado,Passiva,2.50,0.00,5203,1293275,218.94,283.15,1.64,Milhões,NSLU11
FUNDO DE INVESTIMENTO IMOBILIÁRIO - RBR DESENVOLVIMENTO III,32.441.656/0001-36,Investidor Qualificado,Renda,Híbrido,Fundo de desenvolvimento,Indeterminado,Ativa,0.20,0.00,125,139654,602.83,84.19,13.00,Milhões,RBRI11
FUNDO DE INVESTIMENTO IMOBILIÁRIO - RBR RENDIMENTO HIGH GRADE,29.467.977/0001-03,Geral,Títulos e valores mobiliários,Títulos e Valores Mobiliários,Fundo de papel,Indeterminado,Ativa,0.15,0.00,131071,15057190,92.66,1.40,0.70,Bilhão,RBRR11
FUNDO DE INVESTIMENTO IMOBILIÁRIO - FII REC RENDA IMOBILIÁRIA,32.274.163/0001-59,Geral,Híbridos,Híbrido,Outro,Indeterminado,Ativa,0.17,8.06,50783,8543482,90.91,776.72,0.45,Milhões,RECT11
FUNDO DE INVESTIMENTO IMOBILIÁRIO - FII REC RECEBÍVEIS IMOBILIÁRIOS,28.152.272/0001-26,Geral,Títulos e valores mobiliários,Títulos e Valores Mobiliários,Fundo de papel,Indeterminado,Ativa,0.20,0.00,172179,26441639,88.96,2.35,0.80,Bilhões,RECR11
FUNDO DE INVESTIMENTO IMOBILIÁRIO - PARQUE DOM PEDRO SHOPPING CENTER,10.869.155/0001-12,Geral,Renda,Shoppings / Varejo,Fundo de Tijolo,Indeterminado,Passiva,0.23,2.10,3240,106243,3307.35,351.42,17.30,Milhões,PQDP11
FUNDO DE INVESTIMENTO IMOBILIÁRIO CAIXA CARTEIRA IMOBILIÁRIA,42.066.916/0001-94,Geral,Títulos e valores mobiliários,Fundo de Fundos,Fundo de fundos,Indeterminado,Ativa,,0.00,5439,2057715,84.26,173.38,0.75,Milhões,CXCI11
FUNDO DE INVESTIMENTO IMOBILIÁRIO CAIXA CEDAE,10.991.914/0001-15,Geral,Renda,Lajes Corporativas,Fundo de Tijolo,Indeterminado,Passiva,5.0,0.00,2974,1712939,63.52,108.81,0.48,Milhões,CXCE11
FUNDO DE INVESTIMENTO IMOBILIÁRIO CAIXA AGÊNCIAS,40.189.596/0001-34,Geral,Renda,Agências bancárias,Fundo de Tijolo,Indeterminado,Passiva,0.58,0.00,11679,2090610,110.64,231.31,0.70,Milhões,CXAG11
FUNDO DE INVESTIMENTO IMOBILIÁRIO - TORRE NORTE,04.722.883/0001-02,Geral,Renda,Lajes Corporativas,Fundo de Tijolo,Indeterminado,Passiva,1.50,28.30,518,3935551,179.53,706.53,0.07,Milhões,TRNT11
FUNDO DE INVESTIMENTO IMOBILIÁRIO CAIXA SEQ LOGÍSTICA RENDA,12.887.506/0001-43,Geral,Renda,Logístico / Indústria / Galpões,Fundo de Tijolo,Indeterminado,Passiva,0.41,0.00,595,53586,414.40,22.21,0.39,Milhões,CXTL11
FUNDO DE INVESTIMENTO IMOBILIÁRIO DEVELOPMENT V1,40.102.445/0001-05,Investidor Qualificado,Híbridos,Híbrido,Fundo de papel,Indeterminado,Ativa,,0.00,96,66800,1093.89,73.08, 0.00,Milhões,LKDV11
FUNDO DE INVESTIMENTO IMOBILIÁRIO EDIFÍCIO OUROINVEST,06.175.262/0001-73,Geral,Renda,Lajes Corporativas,Fundo de Tijolo,Indeterminado,Passiva,0.30,28.27,473,235989,210.96,49.79,0.95,Milhões,EDFO11
FUNDO DE INVESTIMENTO IMOBILIÁRIO - NOVO HORIZONTE,17.025.970/0001-44,Investidor Qualificado,Desenvolvimento para renda,Hospitalar,Fundo de Tijolo,Indeterminado,Ativa,0.10,0.00,1773,41494522,16.45,682.60,0.09,Milhões,NVHO11
FUNDO DE INVESTIMENTO IMOBILIÁRIO HOSPITAL UNIMED CAMPINA GRANDE,39.347.413/0001-82,Geral,Desenvolvimento para renda,Hospitalar,Fundo de Tijolo,Indeterminado,Passiva,,0.00,231,1121989,103.70,116.35,0.70,Milhões,HUCG11
HBC RENDA URBANA FUNDO DE INVESTIMENTO IMOBILIÁRIO,36.501.159/0001-37,Geral,Desenvolvimento para renda,Lajes Corporativas,Fundo misto,Indeterminado,Ativa,0.18,0.00,31,1599989,116.92,187.07,0.62,Milhões,HBCR11
FUNDO DE INVESTIMENTO IMOBILIÁRIO HOSPITAL UNIMED SUL CAPIXABA,28.851.767/0001-43,Geral,Desenvolvimento para renda,Hospitalar,Fundo de Tijolo,Indeterminado,Passiva,0.35,0.00,146,850810,150.56,128.10,1.08,Milhões,HUSC11
FUNDO DE INVESTIMENTO IMOBILIARIO GREEN TOWERS,23.740.527/0001-58,Geral,Renda,Lajes Corporativas,Fundo de Tijolo,Indeterminado,Ativa,0.25,0.00,34497,11999989,99.75,1.20,0.90,Bilhão,GTWR11
FUNDO DE INVESTIMENTO IMOBILIÁRIO HOUSI,34.081.631/0001-02,Geral,Híbridos,Híbrido,Fundo de Tijolo,Indeterminado,Ativa,0.30,9.60,1100,573439,106.92,61.31,0.70,Milhões,HOSI11
FUNDO DE INVESTIMENTO IMOBILIÁRIO MAUÁ CAPITAL RECEBÍVEIS IMOBILIÁRIOS,23.648.935/0001-84,Geral,Títulos e valores mobiliários,Títulos e Valores Mobiliários,Fundo de papel,Indeterminado,Ativa,0.20,0.00,111562,16960013,93.31,1.58,1.00,Bilhão,MCCI11
FUNDO DE INVESTIMENTO IMOBILIARIO INDUSTRIAL DO BRASIL,14.217.108/0001-45,Geral,Híbridos,Logístico / Indústria / Galpões,Fundo de Tijolo,Indeterminado,Passiva,3,0.00,14994,684989,477.14,326.84,3.58,Milhões,FIIB11
FUNDO DE INVESTIMENTO IMOBILIÁRIO IRIDIUM RECEBÍVEIS IMOBILIÁRIOS,28.830.325/0001-10,Geral,Títulos e valores mobiliários,Títulos e Valores Mobiliários,Fundo de papel,Indeterminado,Ativa,0.17,0.00,258912,37642388,78.62,2.96,1.25,Bilhões,IRDM11
FUNDO DE INVESTIMENTO IMOBILIÁRIO OURINVEST LOGÍSTICA,13.974.819/0001-00,Geral,Renda,Logístico / Indústria / Galpões,Fundo de Tijolo,Indeterminado,Ativa,1.00,0.00,3230,2481272,43.87,108.84,0.02,Milhões,OULG11
FUNDO DE INV IMOB RBR CRÉD PULVERIZADO RESP LTDA,53.018.363/0001-10,Geral,Títulos e valores mobiliários,Títulos e Valores Mobiliários,Fundo de papel,Indeterminado,Ativa,,0.00,967,12000229,10.05,120.56,0.10,Milhões,PULV11
FUNDO DE INVESTIMENTO IMOBILIÁRIO PEDRA NEGRA RENDA IMOBILIÁRIA,17.161.979/0001-82,Geral,Renda,Lajes Corporativas,Fundo de Tijolo,Indeterminado,Ativa,2,2.10,138,3043436,210.70,641.27,4.83,Milhões,FPNG11
FUNDO DE INVESTIMENTO IMOBILIÁRIO POLO SHOPPING INDAIATUBA,14.721.889/0001-00,Geral,Renda,Shoppings / Varejo,Fundo de Tijolo,Indeterminado,Passiva,0.15,0.00,120,8071886,30.72,248.00,0.21,Milhões,VPSI11
FUNDO DE INVESTIMENTO IMOBILIÁRIO RBR PRIVATE CRÉDITO IMOBILIÁRIO,30.166.700/0001-11,Geral,Títulos e valores mobiliários,Títulos e Valores Mobiliários,Fundo de papel,Indeterminado,Ativa,0.20,0.00,65860,12769501,97.72,1.25,1.25,Bilhão,RBRY11
FUNDO DE INVESTIMENTO IMOBILIÁRIO REC LOGÍSTICA,37.112.770/0001-36,Geral,Híbridos,Híbrido,Fundo de Tijolo,Indeterminado,Ativa,0.175,3.00,4087,1334551,87.44,116.70,0.80,Milhões,RELG11
FUNDO DE INVESTIMENTO IMOBILIÁRIO SMART REAL ESTATE – FII RESPONSABILIDADE LIMITADA,53.730.029/0001-95,Investidor Qualificado,Híbridos,Outros,Outro,Indeterminado,Ativa,0.22,0.00,1305,1044659,100.62,105.11,1.02,Milhões,SMRE11
FUNDO DE INVESTIMENTO IMOBILIÁRIO ROOFTOP I,38.456.598/0001-09,Investidor Qualificado,Desenvolvimento para venda,Outros,Fundo de desenvolvimento,Determinado,Ativa,0.30,0.00,75,77484,342.22,26.52,41.72,Milhões,ROOF11
FUNDO DE INVESTIMENTO IMOBILIÁRIO RIZA TERRAX,36.501.128/0001-86,Geral,Renda,Híbrido,Outro,Indeterminado,Ativa,1.25,0.00,146678,18851709,96.72,1.82,1.00,Bilhão,RZTR11
FUNDO DE INVESTIMENTO IMOBILIÁRIO SC 401,12.804.013/0001-00,Geral,Renda,Lajes Corporativas,Fundo de Tijolo,Indeterminado,Ativa,3.6,9.42,225,1699985,113.76,193.39,0.27,Milhões,FISC11
FUNDO DE INVESTIMENTO IMOBILIÁRIO RBR PROPERTIES,21.408.063/0001-51,Geral,Renda,Outros,Fundo de Tijolo,Indeterminado,Ativa,0.12,6.63,59525,12179175,76.88,936.33,0.40,Milhões,RBRP11
FUNDO DE INVESTIMENTO IMOBILIÁRIO - VBI PRIME PROPERTIES,35.652.102/0001-76,Geral,Renda,Lajes Corporativas,Fundo de Tijolo,Indeterminado,Ativa,1.0,16.50,163322,27130056,107.83,2.93,0.45,Bilhões,PVBI11
FUNDO DE INVESTIMENTO IMOBILIARIO TG ATIVO REAL,25.032.881/0001-53,Geral,Híbridos,Híbrido,Fundo de desenvolvimento,Indeterminado,Ativa,1.50,0.00,151598,23567957,108.35,2.55,1.00,Bilhões,TGAR11
FUNDO DE INVESTIMENTO IMOBILIÁRIO BARIGUI RENDIMENTOS IMOBILIÁRIOS I,29.267.567/0001-00,Geral,Títulos e valores mobiliários,Títulos e Valores Mobiliários,Fundo de papel,Indeterminado,Ativa,1.305,0.00,31760,4634180,78.48,363.70,0.76,Milhões,BARI11
FUNDO DE INVESTIMENTO IMOBILIÁRIO VBI LOGÍSTICO,30.629.603/0001-18,Geral,Renda,Logístico / Indústria / Galpões,Fundo de Tijolo,Indeterminado,Ativa,1.30,1.70,127473,16118554,117.77,1.90,0.75,Bilhão,LVBI11
FUNDO DE INVESTIMENTO IMOBILIÁRIO VOTORANTIM LOGÍSTICA,27.368.600/0001-63,Geral,Renda,Logístico / Indústria / Galpões,Fundo de Tijolo,Indeterminado,Ativa,0.95,0.00,5580,2114989,92.91,196.50,1.03,Milhões,VTLT11
FUNDO DE INVESTIMENTO IMOBILIÁRIO VOTORANTIM SHOPPING,23.740.595/0001-17,Geral,Renda,Shoppings / Varejo,Fundo de Tijolo,Indeterminado,Ativa,0.75,8.50,3001,2098789,115.17,241.71,0.70,Milhões,VSHO11
FUNDO DE INVESTIMENTO IMOBILIÁRIO VIDA NOVA,17.854.016/0001-64,Geral,Renda,Shoppings / Varejo,Fundo de Tijolo,Indeterminado,Passiva,,56.00,4496,9412619,5.86,55.20, 0.00,Milhões,FIVN11
FUNDO DE INVESTIMENTO IMOBILIÁRIO TOURMALET V - ED. CIDADE NOVA,34.197.700/0001-30,Investidor Qualificado,Renda,Lajes Corporativas,Fundo de Tijolo,Indeterminado,Ativa,0.25,0.00,106,852574,64.58,55.06, 0.00,Milhões,TCIN11
Galapagos Desenvolvimento Logistico Fundo de Investimento Imobiliario Responsabilidade Limitada,56.061.587/0001-01,Geral,Renda,Logístico / Indústria / Galpões,Outro,Determinado,Ativa,,0.00,1976,369900,110.87,41.01, 0.00,Milhões,GCDL11
GALAPAGOS RECEBÍVEIS IMOBILIÁRIOS - FUNDO DE INVESTIMENTO IMOBILIÁRIO,38.293.897/0001-61,Geral,Títulos e valores mobiliários,Títulos e Valores Mobiliários,Fundo de papel,Indeterminado,Ativa,1.00,0.00,4286,1453848,85.24,123.92,0.80,Milhões,GCRI11
GAZIT MALLS FUNDO DE INVESTIMENTO IMOBILIÁRIO,15.447.108/0001-02,Investidor Qualificado,Híbridos,Híbrido,Fundo misto,Indeterminado,Ativa,0.75,4.40,7151,21841220,90.44,1.98,0.78,Bilhão,GZIT11
VX XVI - FUNDO DE INVESTIMENTO IMOBILIÁRIO,30.982.974/0001-89,Investidor Qualificado,Renda,Outros,Fundo de desenvolvimento,Indeterminado,Ativa,0.35,0.00,3,477864,611.79,292.36,93.02,Milhões,VXXV11
GENERAL SHOPPING ATIVO E RENDA FUNDO DE INVESTIMENTO IMOBILIÁRIO,17.590.518/0001-25,Geral,Desenvolvimento para venda,Shoppings / Varejo,Fundo de Tijolo,Indeterminado,Passiva,0.20,5.90,11705,2849989,76.06,216.78,0.48,Milhões,FIGS11
GENERAL SHOP E OUTLETS DO BRASIL FUNDO DE INVESTIMENTO IMOBILIÁRIO,11.769.604/0001-13,Geral,Renda,Shoppings / Varejo,Fundo de Tijolo,Indeterminado,Passiva,1.05,10.40,6167,96106655,13.28,1.28, 0.00,Bilhão,GSFI11
FUNDO DE INVESTIMENTO IMOBILIÁRIO GUARDIAN MULTIESTRATÉGIA I,41.269.052/0001-45,Geral,Títulos e valores mobiliários,Outros,Fundo de papel,Indeterminado,Ativa,1.10,0.00,21399,21697666,9.56,207.34,0.10,Milhões,GAME11
PLURAL LOGÍSTICA FDO. INV. IMOB.,36.501.198/0001-34,Geral,Renda,Logístico / Indústria / Galpões,Fundo de Tijolo,Indeterminado,Ativa,0.7,0.00,1802,749989,108.84,81.63,0.41,Milhões,GLOG11
FUNDO DE INVESTIMENTO IMOBILIÁRIO GRAND PLAZA SHOPPING,01.201.140/0001-90,Geral,Renda,Shoppings / Varejo,Fundo de Tijolo,Indeterminado,Passiva,0.1,1.30,14291,4709071,106.93,503.54,0.65,Milhões,ABCP11
GGR COVEPI RENDA FUNDO DE INVESTIMENTO IMOBILIÁRIO,26.614.291/0001-00,Geral,Híbridos,Logístico / Indústria / Galpões,Fundo de Tijolo,Indeterminado,Ativa,1.10,4.80,208647,214249653,11.24,2.41,0.10,Bilhões,GGRC11
HECTARE RECEBÍVEIS HIGH GRADE FUNDO DE INVESTIMENTO IMOBILIÁRIO,34.508.959/0001-54,Geral,Títulos e valores mobiliários,Outros,Fundo de papel,Indeterminado,Ativa,0.20,0.00,569,1199989,94.86,113.84,0.61,Milhões,HCHG11
HABITAT II - FUNDO DE INVESTIMENTO IMOBILIÁRIO,30.578.417/0001-05,Geral,Títulos e valores mobiliários,Títulos e Valores Mobiliários,Fundo de papel,Indeterminado,Ativa,0.20,0.00,58354,8126772,94.75,770.02,0.95,Milhões,HABT11
HEDGE AAA FUNDO DE INVESTIMENTO IMOBILIÁRIO,27.445.482/0001-40,Geral,Renda,Lajes Corporativas,Fundo de Tijolo,Indeterminado,Ativa,0.60,17.00,207,3454989,66.40,229.40,0.08,Milhões,HAAA11
HECTARE CE - FUNDOS INVESTIMENTO IMOBILIÁRIOS,30.248.180/0001-96,Geral,Títulos e valores mobiliários,Títulos e Valores Mobiliários,Fundo de papel,Indeterminado,Ativa,0.21,0.00,133877,22084191,104.37,2.30,0.29,Bilhões,HCTR11
FUND. DE INVEST. IMOBILIÁRIO GUARDIAN REAL ESTATE,37.295.919/0001-60,Geral,Híbridos,Híbrido,Fundo de Tijolo,Indeterminado,Ativa,0.94,0.00,416818,223419945,9.46,2.11,0.08,Bilhões,GARE11
HEDGE DESENVOLVIMENTO LOGÍSTICO FUNDO DE INVESTIMENTO IMOBILIÁRIO,35.688.460/0001-39,Investidor Qualificado,Desenvolvimento para venda,Lajes Corporativas,Fundo de desenvolvimento,Determinado,Ativa,0.85,0.00,113,3369989,95.30,321.15, 0.00,Milhões,HDOF11
HEDGE DESENVOLVIMENTO LOGÍSTICO FII,44.514.162/0001-13,Investidor Qualificado,Desenvolvimento para venda,Logístico / Indústria / Galpões,Fundo de Tijolo,Determinado,Passiva,,0.00,103,839989,110.60,92.90,11.60,Milhões,HDEL11
HEDGE BRASIL LOGÍSTICO IND FUND INV IMOB RESP LIM,53.466.467/0001-98,Investidor Qualificado,Renda,Logístico / Indústria / Galpões,Fundo de Tijolo,Indeterminado,Ativa,,0.00,4490,26261791,9.30,244.29,0.07,Milhões,HGBL11
HEDGE OFFICE INCOME FUNDO DE INVESTIMENTO IMOBILIÁRIO,31.894.369/0001-19,Geral,Renda,Lajes Corporativas,Fundo de Tijolo,Indeterminado,Ativa,0.80,52.00,4749,3778990,57.47,217.17,0.21,Milhões,HOFC11
HEDGE ATRIUM SHOPPING SANTO ANDRÉ FUNDO DE INVESTIMENTO IMOBILIÁRIO,12.809.972/0001-00,Geral,Desenvolvimento para renda,Shoppings / Varejo,Fundo de Tijolo,Indeterminado,Passiva,0.50,16.80,293,1751130,77.06,134.94,0.15,Milhões,ATSA11
FUNDO DE INVESTIMENTO IMOBILIÁRIO - FLORIPA SHOPPING,10.375.382/0001-91,Geral,Renda,Shoppings / Varejo,Fundo de Tijolo,Indeterminado,Passiva,9.0,1.50,1716,7443687,20.26,150.84,0.15,Milhões,FLRP11
HEDGE LOGÍSTICA FUNDO DE INVESTIMENTO IMOBILIÁRIO,27.486.542/0001-72,Geral,Renda,Logístico / Indústria / Galpões,Fundo de Tijolo,Indeterminado,Ativa,0.7,0.00,3881,42499989,11.03,468.78,0.07,Milhões,HLOG11
HEDGE BRASIL SHOPPING FUNDO DE INVESTIMENTO IMOBILIÁRIO,08.431.747/0001-06,Geral,Renda,Shoppings / Varejo,Fundo de Tijolo,Indeterminado,Ativa,0.60,5.00,138267,129132999,21.67,2.80,0.15,Bilhões,HGBS11
HEDGE RECEBÍVEIS FUNDO DE INVESTIMENTO IMOBILIÁRIO,35.507.262/0001-21,Geral,Títulos e valores mobiliários,Títulos e Valores Mobiliários,Fundo de papel,Indeterminado,Ativa,0.70,0.00,2480,51685906,8.67,448.33,0.08,Milhões,HREC11
HEDGE SEED FUNDO DE INVESTIMENTO IMOBILIÁRIO,35.689.497/0001-81,Investidor Qualificado,Híbridos,Híbrido,Outro,Determinado,Ativa,,0.00,126,1639989,91.75,150.48,1.10,Milhões,SEED11
HEDGE SHOPPING PARQUE DOM PEDRO FUNDO DE INVESTIMENTO IMOBILIÁRIO,35.586.415/0001-73,Geral,Renda,Shoppings / Varejo,Fundo de Tijolo,Indeterminado,Passiva,0.50,2.70,351,3287989,92.52,304.20,0.56,Milhões,HPDP11
HGI CRÉDITOS IMOBILIÁRIOS FUNDO DE INVESTIMENTO IMOBILIÁRIO,38.456.508/0001-71,Geral,Títulos e valores mobiliários,Títulos e Valores Mobiliários,Fundo de papel,Indeterminado,Ativa,0.75,0.00,611,462695,110.39,51.08,0.80,Milhões,HGIC11
HEDGE TOP FOFII 3 FUNDO DE INVESTIMENTO IMOBILIÁRIO,18.307.582/0001-19,Geral,Títulos e valores mobiliários,Títulos e Valores Mobiliários,Fundo de fundos,Indeterminado,Ativa,0.60,0.00,73810,228209255,7.66,1.75,0.06,Bilhão,HFOF11
HSI LOGÍSTICA FUNDO DE INVESTIMENTO IMOBILIÁRIO,32.903.621/0001-71,Geral,Renda,Logístico / Indústria / Galpões,Fundo de Tijolo,Indeterminado,Ativa,0.95,0.00,40302,12660056,110.00,1.39,0.70,Bilhão,HSLG11
HSI RENDA IMOBILIÁRIA FUNDO DE INVESTIMENTO IMOBILIÁRIO,08.098.114/0001-28,Geral,Renda,Híbrido,Fundo misto,Indeterminado,Ativa,0.90,0.00,383,8898713,88.84,790.56,0.95,Milhões,HSRE11
HUSI FUNDO DE INVESTIMENTO IMOBILIÁRIO,30.017.492/0001-99,Geral,Desenvolvimento para renda,Hospitalar,Fundo de Tijolo,Indeterminado,Ativa,0.30,0.00,95,116351,1249.37,145.38,9.22,Milhões,HUSI11
HSI ATIVOS FINANCEIROS - FUNDO DE INVESTIMENTO IMOBILIÁRIO,35.360.687/0001-50,Geral,Títulos e valores mobiliários,Títulos e Valores Mobiliários,Fundo de papel,Indeterminado,Ativa,1.00,0.00,8718,2526349,88.12,222.62,0.95,Milhões,HSAF11
HSI MALLS FUNDO DE INVESTIMENTO IMOBILIÁRIO,32.892.018/0001-31,Geral,Renda,Shoppings / Varejo,Fundo de Tijolo,Indeterminado,Ativa,1.20,3.30,185924,21329965,104.10,2.22,0.70,Bilhões,HSML11
FUNDOS INVESTIMENTO IMOBILÍARIOS FII HOTEL MAXINVEST,08.706.065/0001-69,Geral,Renda,Hotéis,Fundo de Tijolo,Indeterminado,Ativa,0.50,40.00,36042,2888083,143.19,413.55,1.56,Milhões,HTMX11
Icatu Vanguarda GRU Logístico,54.483.412/0001-59,Geral,Renda,Logístico / Indústria / Galpões,Fundo de Tijolo,Indeterminado,Ativa,,0.00,4781,24699989,9.59,236.88,0.08,Milhões,GRUL11
INTER LOGÍSTICO  FUNDO DE INVESTIMENTO IMOBILIÁRIO – FII,34.598.181/0001-11,Geral,Renda,Logístico / Indústria / Galpões,Fundo de Tijolo,Indeterminado,Ativa,0.31,0.30,16384,4512092,100.50,453.45,0.74,Milhões,INLG11
INTER TEVA INDICE DE PAPEL FUNDO DE INVESTIMENTO IMOBILIÁRIO,36.312.772/0001-06,Geral,Renda,Títulos e Valores Mobiliários,Fundo de papel,Indeterminado,Passiva,0.30,0.00,8097,748140,67.06,50.17,0.71,Milhões,ITIP11
Inter Residence,34.835.191/0001-23,Geral,Renda,Residencial,Fundo de desenvolvimento,Indeterminado,Ativa,0.76,6.10,6517,1130450,118.80,134.30,0.66,Milhões,INRD11
INTER TEVE INDICE DE TIJOLO FUNDO DE INVESTIMENTO IMOBILIÁRIO,36.293.425/0001-83,Geral,Renda,Títulos e Valores Mobiliários,Fundo de fundos,Indeterminado,Passiva,0.30,0.00,9728,900483,77.22,69.54,0.61,Milhões,ITIT11
INVISTA BRAZILIAN BUSINESS PARK FUNDO DE INVESTIMENTO IMOBILIÁRIO,52.551.605/0001-74,Investidor Qualificado,Renda,Logístico / Indústria / Galpões,Fundo misto,Indeterminado,Ativa,0.10,0.00,495,30528830,13.06,398.71,0.08,Milhões,IBBP11
ITAÚ CRÉDITO IMOBILIÁRIO IPCA,51.294.441/0001-84,Geral,Títulos e valores mobiliários,Títulos e Valores Mobiliários,Fundo de papel,Indeterminado,Ativa,,0.00,8598,3857348,100.70,388.42,1.00,Milhões,ICRI11
ITAÚ TOTAL RETURN FUNDO DE INVESTIMENTO IMOBILIÁRIO,52.270.671/0001-76,Geral,Títulos e valores mobiliários,Títulos e Valores Mobiliários,Fundo misto,Indeterminado,Ativa,,0.00,13539,6249989,93.36,583.50,0.82,Milhões,ITRI11
IRIDIUM FUNDO DE INVESTIMENTO IMOBILIÁRIO,41.076.564/0001-95,Geral,Híbridos,Híbrido,Fundo de papel,Indeterminado,Ativa,1.03,0.00,2915,1919989,83.39,160.12,0.76,Milhões,IRIM11
ITAÚ TEMPUS FUNDO DE INVESTIMENTO IMOBILIÁRIO,42.737.077/0001-99,Geral,Títulos e valores mobiliários,Títulos e Valores Mobiliários,Outro,Determinado,Ativa,0.90,0.00,1917,978957,94.04,92.06,0.85,Milhões,TMPS11
JFDCAM FUNDO DE INVESTIMENTO IMOBILIÁRIO,15.489.509/0001-17,Investidor Qualificado,Renda,Híbrido,Fundo misto,Indeterminado,Ativa,,0.00,91,4876118,163.98,799.60,0.82,Milhões,VJFD11
JBFO FOF FUNDO DE INVESTIMENTO IMOBILIÁRIO,36.615.915/0001-59,Geral,Títulos e valores mobiliários,Fundo de Fundos,Fundo de papel,Indeterminado,Ativa,1.00,0.00,364,1279059,7.76,9.92,0.04,Milhões,JBFO11
JHSF CAPITAL CIDADE JARDIM - FUNDO DE INVESTIMENTO IMOBILIÁRIO,50.701.686/0001-16,Geral,Renda,Fundo de Fundos,Fundo de fundos,Indeterminado,Ativa,0.3,0.00,137,1827000,187.02,341.69,0.40,Milhões,JCCJ11
JS ATIVOS FINANCEIROS FUNDO DE INVESTIMENTO IMOBILIÁRIO,42.085.661/0001-07,Geral,Títulos e valores mobiliários,Títulos e Valores Mobiliários,Fundo de papel,Indeterminado,Ativa,1.00,0.00,23152,77523279,8.95,694.22,0.09,Milhões,JSAF11
JFL LIVING FI IMOBILIÁRIO CLASSE UNICA,36.501.181/0001-87,Geral,Renda,Outros,Fundo de Tijolo,Indeterminado,Ativa,1.15,31.00,2419,1500587,105.41,158.18,0.80,Milhões,JFLL11
JASC RENDA VAREJO FUNDO DE INVESTIMENTO IMOBILIÁRIO,40.886.241/0001-02,Geral,Renda,Outros,Fundo de Tijolo,Indeterminado,Ativa,1.00,0.90,160,3489331,113.26,395.19,0.69,Milhões,JASC11
JPP ALLOCATION MOGNO - FUNDO DE INVESTIMENTO IMOBILIÁRIO,30.982.880/0001-00,Geral,Títulos e valores mobiliários,Híbrido,Fundo de papel,Indeterminado,Ativa,0.65,0.00,6446,904039,99.13,89.62,1.06,Milhões,JPPA11
JPP CAPITAL FUNDO DE INVESTIMENTO IMOBILIÁRIO,17.216.625/0001-98,Geral,Híbridos,Híbrido,Fundo de desenvolvimento,Determinado,Ativa,1.80,0.00,487,54989,61.16,3.36,0.35,Milhões,JPPC11
JS Recebíveis Imobiliários,54.866.214/0001-74,Geral,Títulos e valores mobiliários,Títulos e Valores Mobiliários,Fundo de papel,Indeterminado,Ativa,,0.00,3454,22137089,9.38,207.55,0.10,Milhões,JSCR11
KINEA CREDITAS FUNDO DE INVESTIMENTO IMOBILIÁRIO,42.502.802/0001-40,Geral,Renda,Títulos e Valores Mobiliários,Fundo de papel,Indeterminado,Ativa,,0.00,16017,35999989,9.38,337.57,0.08,Milhões,KCRE11
KILIMA VOLKANO RECEBÍVEIS IMOBILIÁRIOS FUNDO DE INVESTIMENTO IMOBILIÁRIO,42.273.325/0001-98,Investidor Qualificado,Títulos e valores mobiliários,Títulos e Valores Mobiliários,Fundo de papel,Indeterminado,Ativa,1.25,0.00,6866,2222725,85.64,190.36,0.85,Milhões,KIVO11
KLIMA FIC FUNDO IMOBILIÁRIO SUNO 30,36.669.660/0001-07,Geral,Títulos e valores mobiliários,Títulos e Valores Mobiliários,Fundo de fundos,Indeterminado,Ativa,0.65,0.00,104685,44196039,8.07,356.48,0.07,Milhões,KISU11
JS REAL ESTATE MULTIGESTÃO - FII,13.371.132/0001-71,Geral,Híbridos,Híbrido,Outro,Indeterminado,Ativa,1,2.10,85391,20767317,102.09,2.12,0.48,Bilhões,JSRE11
KINEA HEDGE FUND FDO DE INV IMOB,42.754.342/0001-47,Geral,Renda,Híbrido,Fundo misto,Indeterminado,Ativa,1.2,0.87,51810,19663224,99.70,1.96,1.00,Bilhão,KNHF11
KINEA HIGH YIELD CRI FUNDO DE INVESTIMENTO IMOBILIÁRIO,30.130.708/0001-28,Investidor Qualificado,Títulos e valores mobiliários,Títulos e Valores Mobiliários,Fundo de papel,Indeterminado,Ativa,1.60,0.00,25993,30977488,98.10,3.04,1.00,Bilhões,KNHY11
KINEA II REAL ESTATE EQUITY FUNDO DE INVESTIMENTO IMOBILIÁRIO,14.423.780/0001-97,Investidor Qualificado,Desenvolvimento para venda,Outros,Fundo misto,Determinado,Ativa,1.0,0.00,5783,18547150,0.63,11.76, 0.00,Milhões,KNRE11
KINEA INDICES DE PRECOS FUNDO DE INVESTIMENTO IMOBILIARIO - FII,24.960.430/0001-13,Investidor Qualificado,Títulos e valores mobiliários,Títulos e Valores Mobiliários,Fundo de papel,Indeterminado,Ativa,1.00 ,0.00,71629,80078175,91.51,7.33,0.62,Bilhões,KNIP11
Kinea Oportunidades Real Estate,52.219.978/0001-42,Geral,Renda,Lajes Corporativas,Fundo de Tijolo,Indeterminado,Ativa,,2.37,28391,9624989,105.90,1.02,1.25,Bilhão,KORE11
KINEA RENDA IMOBILIÁRIA FDO INV IMOB - FII,12.005.956/0001-65,Geral,Renda,Híbrido,Fundo de Tijolo,Indeterminado,Ativa,1.25,3.86,300919,28204036,163.34,4.61,1.00,Bilhões,KNRI11
KINEA RENDIMENTOS IMOBILIARIOS FUNDO DE INVESTIMENTO IMOBILIARIO - FII,16.706.958/0001-32,Geral,Títulos e valores mobiliários,Títulos e Valores Mobiliários,Fundo de papel,Indeterminado,Ativa,1.00 ,0.00,455514,89911104,102.00,9.17,1.33,Bilhões,KNCR11
KINEA UNIQUE HY CDI FUNDO DE INVESTIMENTO IMOB,42.754.362/0001-18,Geral,Renda,Títulos e Valores Mobiliários,Fundo de papel,Indeterminado,Ativa,,0.00,42413,21484719,101.67,2.18,1.25,Bilhões,KNUQ11
LEGATUS SHOPPINGS FUNDO DE INVESTIMENTO IMOBILIÁRIO,30.248.158/0001-46,Geral,Desenvolvimento para renda,Shoppings / Varejo,Fundo de Tijolo,Indeterminado,Ativa,1.10,4.00,446,2940287,129.39,380.44,0.69,Milhões,LASC11
KINEA SECURITIES FUNDO DE INVESTIMENTO IMOBILIÁRIO,35.864.448/0001-38,Geral,Títulos e valores mobiliários,Títulos e Valores Mobiliários,Fundo de papel,Indeterminado,Ativa,1.20,0.00,235611,202202374,8.76,1.77,0.09,Bilhão,KNSC11
LAGO DA PEDRA - FUNDO DE INVESTIMENTO IMOBILIÁRIO,37.262.752/0001-30,Investidor Qualificado,Desenvolvimento para venda,Outros,Outro,Indeterminado,Ativa,0.10,0.00,19,742473,359.95,267.26,4.47,Milhões,LPLP11
FUNDO DE INVESTIMENTO IMOBILIÁRIO LEBLON REALTY DESENVOLVIMENTO I,41.088.534/0001-07,Investidor Qualificado,Híbridos,Híbrido,Fundo de desenvolvimento,Indeterminado,Ativa,,0.00,95,370233,109.55,40.56,32.60,Milhões,LRDI11
Life Capital Partners Fund de Investimento Imob,39.753.295/0001-02,Geral,Híbridos,Outros,Outro,Indeterminado,Ativa,,0.00,18079,37901296,9.96,377.56,0.12,Milhões,LIFE11
MAUÁ CAPITAL LOGÍSTICA FUNDO DE INVESTIMENTO IMOB,57.466.934/0001-30,Geral,Títulos e valores mobiliários,Logístico / Indústria / Galpões,Outro,Determinado,Ativa,,0.00,203,124642849,13.71,1.71,0.08,Bilhão,MCLO11
LOFT II FUNDO DE INVESTIMENTO IMOBILIÁRIO,24.796.967/0001-90,Investidor Qualificado,Híbridos,Outros,Fundo de papel,Indeterminado,Ativa,0.20,0.00,8,664989,51.06,33.95,3.67,Milhões,LFTT11
MMVE OPORTUNIDADES IMOBILIÁRIAS FUNDO DE INVESTIMENTO IMOBILIÁRIO,41.251.337/0001-59,Geral,Renda,Híbrido,Fundo misto,Indeterminado,Ativa,,0.00,130,489025,153.72,75.18, 0.00,Milhões,MMVE11
MANATÍ CAPITAL HEDGE FUND FUNDO DE INVESTIMENTO IMOBILIÁRIO,42.888.583/0001-89,Geral,Títulos e valores mobiliários,Títulos e Valores Mobiliários,Outro,Indeterminado,Ativa,1.00,0.00,31965,37536129,9.35,350.90,0.11,Milhões,MANA11
MAUÁ CAPITAL REAL ESTATE FUNDO DE INVESTIMENTO IMOBILIÁRIO,36.655.973/0001-06,Geral,Títulos e valores mobiliários,Títulos e Valores Mobiliários,Fundo de papel,Indeterminado,Ativa,1.05,23.00,85613,111598910,10.06,1.12,0.11,Bilhão,MCRE11
MÉRITO CEMITÉRIOS FII - FDO DE INV IMOB,46.157.247/0001-17,Geral,Híbridos,Outros,Outro,Indeterminado,Ativa,,0.00,202,3243898,36.23,117.54,0.67,Milhões,MCEM11
FUNDO DE INVESTIMENTO IMOBILIÁRIO MOGNO HOTÉIS,34.197.776/0001-65,Investidor Qualificado,Renda,Hotéis,Fundo de Tijolo,Indeterminado,Ativa,0.85,0.00,3879,1313773,23.14,30.40,0.13,Milhões,MGHT11
MAXI RENDA FUNDO DE INVESTIMENTO IMOBILIÁRIO,97.521.225/0001-25,Geral,Híbridos,Híbrido,Fundo de papel,Indeterminado,Ativa,0.90,0.00,1331808,437325286,9.42,4.12,0.10,Bilhões,MXRF11
MÉRITO DESENVOLVIMENTO IMOBILIÁRIO - FUNDO DE INVESTIMENTO IMOBILIÁRIO,16.915.968/0001-88,Geral,Híbridos,Híbrido,Fundo de desenvolvimento,Indeterminado,Ativa,2.0,0.00,32494,5962384,102.77,612.76,1.07,Milhões,MFII11
NAVI IMOBILIÁRIO TOTAL RETURN FUNDO DE INVESTIMENTO IMOBILIÁRIO,35.652.252/0001-80,Geral,Renda,Títulos e Valores Mobiliários,Fundo de papel,Indeterminado,Ativa,1.0,0.00,2467,612271,85.96,52.63,0.75,Milhões,NAVT11
NAVI RESIDENCIAL FUNDO DE INVESTIMENTO IMOBILIÁRIO,42.432.327/0001-82,Geral,Híbridos,Híbrido,Fundo de Tijolo,Indeterminado,Ativa,1.35,12.00,8082,4612216,9.77,45.05,0.09,Milhões,APTO11
NAVI CRÉDITO IMOBILIÁRIO,40.041.603/0001-56,Geral,Títulos e valores mobiliários,Títulos e Valores Mobiliários,Fundo de papel,Indeterminado,Ativa,,0.00,1203,3949988,9.98,39.41,0.10,Milhões,NCRI11
NEWPORT RENDA URBANA FUNDO DE INVESTIMENTO IMOBILIÁRIO,14.793.782/0001-78,Geral,Renda,Lajes Corporativas,Fundo de Tijolo,Indeterminado,Ativa,0.48,31.54,1080,741989,83.79,62.17,0.25,Milhões,NEWU11
NEWPORT LOGÍSTICA FUNDO DE INVESTIMENTO IMOBILIÁRIO,32.527.626/0001-47,Geral,Híbridos,Híbrido,Fundo de Tijolo,Indeterminado,Ativa,0.95,0.00,9847,2810182,130.25,366.02,0.95,Milhões,NEWL11
OCTO FDO DE INV IMOB,44.680.435/0001-08,Geral,Títulos e valores mobiliários,Títulos e Valores Mobiliários,Fundo misto,Indeterminado,Ativa,,0.00,452,422975,152.63,64.56,0.65,Milhões,OCRE11
ONDA DESENVOLVIMENTO IMOBILIÁRIO FUNDO DE INVESTIMENTO IMOBILIÁRIO,52.966.340/0001-75,Geral,Híbridos,Híbrido,Fundo de desenvolvimento,Indeterminado,Ativa,15000.00 ao mês ou 0.15,0.00,329,1009606,11.83,11.94,0.08,Milhões,ONDV11
FUNDO DE INVESTIMENTO IMOBILIÁRIO ÁTRIO REIT RECEBÍVEIS IMOBILIÁRIOS,32.006.821/0001-21,Geral,Títulos e valores mobiliários,Títulos e Valores Mobiliários,Fundo de papel,Indeterminado,Ativa,0.14,0.00,122,20726962,8.40,174.12,0.09,Milhões,ARRI11
OURINVEST JPP FUNDO DE INVESTIMENTO IMOBILIÁRIO,26.091.656/0001-50,Geral,Títulos e valores mobiliários,Híbrido,Fundo de papel,Indeterminado,Ativa,1.05,0.00,26575,3252373,100.69,327.48,1.05,Milhões,OUJP11
PANORAMA PROPERTIES FUNDO DE INVESTIMENTO IMOBILIÁRIO,26.813.118/0001-22,Investidor Qualificado,Híbridos,Híbrido,Fundo de desenvolvimento,Indeterminado,Ativa,1.00,8.40,16,897805,36.48,32.75,1.23,Milhões,PNPR11
Paramis Hedge Fund,51.868.778/0001-58,Geral,Títulos e valores mobiliários,Híbrido,Outro,Indeterminado,Ativa,,0.00,6814,14803231,9.33,138.11,0.09,Milhões,PMIS11
FUNDO DE INVESTIMENTO IMOBILIÁRIO PANORAMA DESENVOLVIMENTO LOGÍSTICO,37.899.400/0001-90,Investidor Qualificado,Híbridos,Outros,Fundo de desenvolvimento,Determinado,Ativa,1.50,54.46,50,144321,1060.89,153.12,3.41,Milhões,PNDL11
PARQUE ANHANGUERA FUNDO DE INVESTIMENTO IMOBILIÁRIO,12.978.943/0001-72,Geral,Desenvolvimento para renda,Logístico / Indústria / Galpões,Fundo de Tijolo,Indeterminado,Ativa,0.2,0.00,457,13991879,55.34,774.37,0.48,Milhões,PQAG11
Genial Malls Fundo de Investimento Imobiliário,26.499.833/0001-32,Geral,Renda,Shoppings / Varejo,Fundo de Tijolo,Indeterminado,Ativa,0.50,3.40,125852,13982082,122.46,1.71,0.86,Bilhão,PMLL11
CSHG IMOBILIÁRIO FOF - FUNDO DE INVESTIMENTO IMOBILIÁRIO,32.784.898/0001-22,Geral,Títulos e valores mobiliários,Títulos e Valores Mobiliários,Fundo de fundos,Indeterminado,Ativa,0.80,0.00,14784,2863586,71.18,203.82,1.99,Milhões,HGFF11
PÁTRIA EDIFÍCIOS CORPORATIVOS FUNDO DE INVESTIMENTO IMOBILIÁRIO,30.048.651/0001-12,Geral,Renda,Lajes Corporativas,Fundo de Tijolo,Indeterminado,Ativa,1.175,34.70,5032,3477423,41.16,143.14,0.05,Milhões,PATC11
PÁTRIA LOGÍSTICA FUNDO DE INVESTIMENTO IMOBILIÁRIO,35.754.164/0001-99,Geral,Desenvolvimento para renda,Logístico / Indústria / Galpões,Fundo de Tijolo,Indeterminado,Ativa,0.73,2.70,25652,4991524,97.03,484.35,0.57,Milhões,PATL11
CSHG PRIME OFFICES - FUNDO DE INVESTIMENTO IMOBILIÁRIO,11.260.134/0001-68,Geral,Renda,Lajes Corporativas,Fundo de Tijolo,Indeterminado,Passiva,0.625,0.00,9841,1753046,144.97,254.13,130.40,Milhões,HGPO11
CSHG REAL ESTATE - FUNDO DE INVESTIMENTO IMOBILIÁRIO,09.072.017/0001-29,Geral,Renda,Lajes Corporativas,Fundo de Tijolo,Indeterminado,Ativa,1.0,7.70,140433,11817756,156.14,1.85,0.85,Bilhão,HGRE11
CSHG LOGÍSTICA - FUNDO DE INVESTIMENTO IMOBILIÁRIO,11.728.688/0001-47,Geral,Renda,Logístico / Indústria / Galpões,Fundo de Tijolo,Indeterminado,Ativa,0.60,2.80,512960,33787564,162.24,5.48,1.10,Bilhões,HGLG11
VECTIS RENDA RESIDENCIAL FUNDO DE INVESTIMENTO IMOBILIÁRIO,40.041.723/0001-53,Geral,Renda,Outros,Fundo de Tijolo,Indeterminado,Ativa,0.80,20.01,3251,1999989,126.22,252.44,0.50,Milhões,VCRR11
FUNDO DE INVESTIMENTO IMOBILIÁRIO PLURAL RECEBÍVEIS,32.527.683/0001-26,Geral,Títulos e valores mobiliários,Títulos e Valores Mobiliários,Fundo de papel,Indeterminado,Ativa,1.20,0.00,14029,2109158,83.40,175.91,0.80,Milhões,PLCR11
CSHG RENDA URBANA - FUNDO DE INVESTIMENTO IMOBILIÁRIO,29.641.226/0001-53,Geral,Renda,Híbrido,Fundo misto,Indeterminado,Ativa,0.90,0.80,223357,23238013,128.36,2.98,0.95,Bilhões,HGRU11
PERFORMA REAL ESTATE FUNDO DE INVESTIMENTO IMOBILIÁRIO,34.736.510/0001-43,Investidor Qualificado,Títulos e valores mobiliários,Outros,Fundo de papel,Indeterminado,Ativa,0.10,0.00,286,551989,60.36,33.32,1.54,Milhões,PEMA11
POLO FUNDO DE INVESTIMENTO IMOBILIÁRIO - RECEBÍVEIS IMOBILIÁRIOS II,17.156.502/0001-09,Geral,Títulos e valores mobiliários,Títulos e Valores Mobiliários,Fundo de papel,Indeterminado,Ativa,0.90,0.00,46774,37283739,9.57,356.86,0.10,Milhões,PORD11
CSHG RECEBÍVEIS IMOBILIÁRIOS - FUNDO DE INVESTIMENTO IMOBILIÁRIO,11.160.521/0001-22,Geral,Títulos e valores mobiliários,Títulos e Valores Mobiliários,Fundo de papel,Indeterminado,Ativa,0.80,0.00,100369,15418095,96.91,1.49,1.00,Bilhão,HGCR11
POLO FUNDO DE INVESTIMENTO IMOBILIÁRIO - RECEBÍVEIS IMOBILIÁRIOS I,14.080.689/0001-16,Investidor Qualificado,Títulos e valores mobiliários,Títulos e Valores Mobiliários,Fundo de papel,Indeterminado,Ativa,1.00,0.00,840,954293,14.74,14.07,1.36,Milhões,PLRI11
FUNDO DE INVESTIMENTO IMOBILIÁRIO - PRESIDENTE VARGAS,11.281.322/0001-72,Geral,Renda,Lajes Corporativas,Fundo de Tijolo,Indeterminado,Passiva,0.375,100.00,807,239989,135.34,32.48,14.10,Milhões,PRSV11
PERSONALE I FUNDO DE INVESTIMENTO IMOBILIÁRIO,14.056.001/0001-62,Investidor Qualificado,Desenvolvimento para venda,Outros,Fundo de desenvolvimento,Determinado,Ativa,1.50,0.00,936,3231235,2.62,8.45,0.33,Milhões,PRSN11
FUNDO DE INVESTIMENTO IMOBILIÁRIO PROJETO ÁGUA BRANCA,03.251.720/0001-18,Geral,Renda,Lajes Corporativas,Fundo de Tijolo,Indeterminado,Passiva,5.0,11.00,681,749989,358.33,268.75,1.60,Milhões,FPAB11
Raizz Renda Logística,35.652.278/0001-28,Investidor Qualificado,Renda,Logístico / Indústria / Galpões,Fundo de Tijolo,Indeterminado,Passiva,0.20,0.00,432,4813161,166.30,800.42,1.21,Milhões,RZZR11
RB CAPITAL LOGÍSTICO FUNDO DE INVESTIMENTO IMOBILIÁRIO,35.652.227/0001-04,Investidor Qualificado,Renda,Logístico / Indústria / Galpões,Fundo de Tijolo,Indeterminado,Ativa,1.00,0.34,238,640188,65.42,41.88,0.61,Milhões,RBLG11
RB CAPITAL DESENVOLVIMENTO RESIDENCIAL IV FUNDO DE INVESTIMENTO IMOBILIÁRIO,31.161.410/0001-48,Geral,Desenvolvimento para venda,Outros,Fundo de desenvolvimento,Determinado,Ativa,2.0,0.00,1596,1528604,91.72,140.20,3.93,Milhões,RBIR11
RB CAPITAL DESENVOLVIMENTO RESIDENCIAL III FUNDO DE INVESTIMENTO IMOBILIÁRIO,19.249.989/0001-08,Investidor Qualificado,Desenvolvimento para venda,Outros,Fundo de desenvolvimento,Determinado,Ativa,2.00,0.00,134,149000,909.44,135.52,28.19,Milhões,RSPD11
FUNDO DE INVESTIMENTO IMOBILIÁRIO RB CAPITAL I FUNDO DE FUNDOS,34.027.774/0001-28,Geral,Títulos e valores mobiliários,Títulos e Valores Mobiliários,Fundo de fundos,Indeterminado,Ativa,0.80,0.00,3279,767195,70.16,53.82,0.65,Milhões,RFOF11
RB CAPITAL RECEBÍVEIS IMOBILIÁRIOS FUNDO DE INVESTIMENTO IMOBILIÁRIO,35.689.733/0001-60,Geral,Renda,Títulos e Valores Mobiliários,Fundo de papel,Indeterminado,Ativa,1.0,0.00,1557,481746,90.39,43.55,0.85,Milhões,RRCI11
RB CAPITAL RENDA I FUNDO DE INVESTIMENTO IMOBILIÁRIO,08.696.175/0001-97,Geral,Renda,Híbrido,Fundo de Tijolo,Indeterminado,Passiva,R$17426.00 mensais,0.00,6175,927151,200.49,185.89,1.40,Milhões,FIIP11
RB CAPITAL RENDA II FUNDO DE INVESTIMENTO IMOBILIÁRIO,09.006.914/0001-34,Geral,Renda,Híbrido,Fundo de Tijolo,Indeterminado,Passiva,0.17,16.00,7461,1851775,65.01,120.39,0.55,Milhões,RBRD11
RB CAPITAL TFO SITUS FUNDO DE INVESTIMENTO IMOBILIÁRIO,29.299.737/0001-39,Investidor Qualificado,Híbridos,Outros,Fundo de desenvolvimento,Determinado,Ativa,0.12,0.00,122,56514,337.62,19.08,6.19,Milhões,RBTS11
RBR DESENVOLVIMENTO COMERCIAL FEEDER FOF FUNDO DE INVESTIMENTO IMOBILIÁRIO,35.689.670/0001-41,Investidor Qualificado,Títulos e valores mobiliários,Títulos e Valores Mobiliários,Fundo de fundos,Determinado,Ativa,0.20,0.00,125,323189,103.23,33.36,3.55,Milhões,RCFF11
RBR ALPHA MULTIESTRATÉGIA REAL ESTATE FUNDO DE INVESTIMENTO IMOBILIÁRIO,27.529.279/0001-51,Geral,Títulos e valores mobiliários,Títulos e Valores Mobiliários,Fundo de fundos,Indeterminado,Ativa,0.20,0.00,111829,136807689,8.57,1.17,0.12,Bilhão,RBRF11
RBR Premium Recebíveis Imobiliários,42.502.842/0001-91,Geral,Títulos e valores mobiliários,Híbrido,Fundo de papel,Indeterminado,Ativa,1.60,0.00,4327,3471717,98.90,343.36,0.90,Milhões,RPRI11
RBR LOG - FUNDO DE INVESTIMENTO IMOBILIÁRIO,35.705.463/0001-33,Geral,Híbridos,Logístico / Indústria / Galpões,Fundo de Tijolo,Indeterminado,Ativa,0.20,0.00,13341,6687024,105.27,703.93,0.75,Milhões,RBRL11
FII RBR MULT,41.088.458/0001-21,Geral,Títulos e valores mobiliários,Títulos e Valores Mobiliários,Fundo de fundos,Indeterminado,Ativa,,0.00,11758,133387485,9.59,1.28,0.09,Bilhão,RBRX11
REAG MULTI ATIVOS IMOBILIÁRIOS FUNDO DE INVESTIMENTO IMOBILIÁRIO,17.374.696/0001-19,Geral,Renda,Lajes Corporativas,Fundo de Tijolo,Indeterminado,Ativa,0.30,15.90,1055,3141336,109.32,343.43,0.45,Milhões,RMAI11
REAL INVESTOR FUNDO DE INVESTIMENTO IMOBILIÁRIO,44.625.612/0001-45,Geral,Títulos e valores mobiliários,Títulos e Valores Mobiliários,Outro,Indeterminado,Ativa,1.00,0.00,4020,3279521,101.24,332.01,1.05,Milhões,RINV11
REAL INVESTOR RECEBÍVEIS IMOBILIÁRIOS FUNDO DE INVESTIMENTO IMOBILIÁRIO RESPONSABILIDADE LIMITADA,60.801.196/0001-45,Geral,Híbridos,Híbrido,Fundo misto,Indeterminado,Ativa,1.00,0.00,252,422133,98.32,41.51,1.05,Milhões,RCRI11
REC MULTIESTRATÉGIA - FUNDO DE INVESTIMENTO IMOBILIÁRIO - RESPONSABILIDADE LIMITADA,56.430.935/0001-62,Geral,Híbridos,Híbrido,Fundo de papel,Indeterminado,Ativa,,0.00,778,8400506,9.73,81.76,0.12,Milhões,RECM11
RIO BRAVO CRÉDITO IMOBILIÁRIO HIGH YIELD FUNDO DE INVESTIMENTO IMOBILIÁRIO,37.899.479/0001-50,Geral,Títulos e valores mobiliários,Títulos e Valores Mobiliários,Fundo de papel,Indeterminado,Ativa,1.00,0.00,3262,1893494,91.31,172.90,1.05,Milhões,RBHY11
RIO BRAVO CRÉDITO IMOBILIÁRIO HIGH GRADE FUNDO DE INVESTIMENTO IMOBILIÁRIO,30.647.758/0001-87,Geral,Títulos e valores mobiliários,Títulos e Valores Mobiliários,Fundo de papel,Indeterminado,Ativa,1.00,0.00,8129,2167946,86.34,187.18,0.80,Milhões,RBHG11
RIO BRAVO FUNDO DE FUNDOS DE INVESTIMENTO IMOBILIARIO,17.329.029/0001-14,Geral,Títulos e valores mobiliários,Títulos e Valores Mobiliários,Fundo de fundos,Indeterminado,Ativa,0.80,0.00,25429,3749204,62.24,233.37,0.51,Milhões,RBFF11
RIO BRAVO OPORTUNIDADES IMOBILIÁRIAS FII,13.500.306/0001-59,Geral,Renda,Outros,Outro,Indeterminado,Ativa,1.1,68.00,2818,101653,683.74,69.51,3.50,Milhões,RBOP11
FUNDO DE INVESTIMENTO IMOBILIÁRIO RIO NEGRO,15.006.286/0001-90,Geral,Renda,Lajes Corporativas,Fundo de Tijolo,Indeterminado,Passiva,0.22,17.80,7245,2675989,83.74,224.09,0.29,Milhões,RNGO11
RIO BRAVO RENDA RESIDENCIAL FUNDO DE INVESTIMENTO IMOBILIÁRIO,36.517.660/0001-91,Geral,Renda,Híbrido,Fundo de Tijolo,Indeterminado,Ativa,1.0,20.15,917,764441,95.92,73.33,0.34,Milhões,RBRS11
RIZA AKIN FUNDO DE INVESTIMENTO IMOBILIÁRIO,36.642.219/0001-31,Geral,Títulos e valores mobiliários,Títulos e Valores Mobiliários,Fundo de papel,Indeterminado,Ativa,1.20,0.00,44986,8807874,87.69,772.33,1.10,Milhões,RZAK11
RIZA ARCTIUM REAL ESTATE FUNDO DE INVESTIMENTO IMOBILIÁRIO,28.267.696/0001-36,Geral,Híbridos,Híbrido,Fundo de Tijolo,Indeterminado,Ativa,1.00,0.00,34817,4235031,100.75,426.69,0.85,Milhões,RZAT11
FUNDO DE INVESTIMENTO IMOBILIÁRIO - RIO BRAVO RENDA CORPORATIVA,03.683.056/0001-86,Geral,Renda,Lajes Corporativas,Fundo de Tijolo,Indeterminado,Ativa,0.7,0.80,24688,3690684,197.01,727.12,0.94,Milhões,RCRB11
FUNDO DE INVESTIMENTO IMOBILIÁRIO RIO BRAVO RENDA VAREJO - FII,15.576.907/0001-70,Geral,Desenvolvimento para renda,Híbrido,Fundo de Tijolo,Indeterminado,Ativa,0.35,6.40,87501,156143039,10.57,1.65,0.09,Bilhão,RBVA11
SANTANDER PAPÉIS IMOBILIÁRIOS,51.646.298/0001-42,Geral,Títulos e valores mobiliários,Títulos e Valores Mobiliários,Fundo de papel,Indeterminado,Ativa,,0.00,3363,15436829,9.91,153.03,0.11,Milhões,SAPI11
SEQUOIA III RENDA IMOBILIÁRIA - FUNDO DE INVESTIMENTO IMOBILIÁRIO,09.517.273/0001-82,Geral,Renda,Outros,Outro,Indeterminado,Ativa,1.24,6.70,4581,1665684,93.03,154.95,0.58,Milhões,SEQR11
SANTANDER PAPEIS IMOBILIÁRIOS CDI FUNDO DE INVESTIMENTO IMOBILIÁRIO,32.903.521/0001-45,Geral,Títulos e valores mobiliários,Títulos e Valores Mobiliários,Fundo de papel,Indeterminado,Ativa,1.00,0.00,10989,15486829,9.66,149.68,0.11,Milhões,SADI11
SANTANDER RENDA DE ALUGUÉIS FUNDO DE INVESTIMENTO IMOBILIÁRIO,32.903.702/0001-71,Geral,Renda,Híbrido,Fundo misto,Indeterminado,Ativa,1.25,36.13,26582,92343279,5.01,462.45,0.03,Milhões,SARE11
FUNDO DE INVESTIMENTO IMOBILIÁRIO SHOPPING PÁTIO HIGIENÓPOLIS,03.507.519/0001-59,Geral,Renda,Shoppings / Varejo,Fundo de Tijolo,Indeterminado,Passiva,0.20,2.90,2084,608939,1011.12,615.72,4.50,Milhões,SHPH11
SP Downtown Fundo de Investimento,15.538.445/0001-05,Geral,Renda,Lajes Corporativas,Fundo de Tijolo,Indeterminado,Passiva,0.25,0.00,18168,1797989,58.72,105.58,0.42,Milhões,SPTW11
SOLARIUM FUNDO DE INVESTIMENTO IMOBILIÁRIO,22.169.671/0001-13,Investidor Qualificado,Híbridos,Híbrido,Fundo de Tijolo,Indeterminado,Ativa,0.45,0.00,1,65522,869.46,56.98,4.77,Milhões,SOLR11
SJ AU LOGÍSTICA FUNDO DE INVESTIMENTO IMOBILIÁRIO,27.771.547/0001-47,Geral,Renda,Logístico / Indústria / Galpões,Fundo de Tijolo,Indeterminado,Passiva,0.23,0.00,412,7932237,1.43,11.33,11.88,Milhões,SJAU11
FUNDO DE INVESTIMENTO IMOBILIÁRIO - SHOPPING WEST PLAZA,09.326.861/0001-39,Geral,Renda,Shoppings / Varejo,Fundo de Tijolo,Indeterminado,Passiva,0.55,9.00,1556,1169989,66.82,78.18,0.37,Milhões,WPLZ11
SPECIALE REAL ESTATE FUND OF FUNDS FUNDO DE INVESTIMENTO IMOBILIÁRIO,50.135.849/0001-40,Investidor Qualificado,Desenvolvimento para venda,Híbrido,Outro,Determinado,Ativa,0.35,0.00,190,975896,87.71,85.59,0.84,Milhões,PMFO11
SPX SYN MULT,43.010.543/0001-00,Geral,Híbridos,Híbrido,Outro,Indeterminado,Ativa,0.80,0.00,20139,20189029,9.48,191.45,0.11,Milhões,SPXS11
SUNO MULTIESTRATÉGIA,52.227.760/0001-30,Geral,Híbridos,Híbrido,Fundo misto,Indeterminado,Ativa,,0.00,4309,7418232,9.49,70.41,0.15,Milhões,SNME11
FUNDO DE INVEST IMOBILIARIO SUNO ENERGIAS LIMPAS,43.741.171/0001-84,Geral,Híbridos,Outros,Outro,Indeterminado,Ativa,,0.00,56338,40820484,8.25,336.79,0.10,Milhões,SNEL11
Suno Log Fundo de Investimento Imobiliario,40.041.711/0001-29,Geral,Renda,Logístico / Indústria / Galpões,Fundo de Tijolo,Indeterminado,Ativa,1,8.74,8597,2529955,0.50,1.27,0.84,Milhão,SNLG11
SUNO RECEBÍVEIS IMOBILIÁRIOS FUNDO DE INVESTIMENTO IMOBILIÁRIO,41.076.710/0001-82,Geral,Títulos e valores mobiliários,Títulos e Valores Mobiliários,Outro,Indeterminado,Ativa,0.70,0.00,36479,4199989,97.30,408.67,1.00,Milhões,SNCI11
SUNO FUNDO DE FUNDOS IMOBILIÁRIO,40.011.225/0001-68,Geral,Títulos e valores mobiliários,Títulos e Valores Mobiliários,Fundo de fundos,Indeterminado,Ativa,0.78,0.00,26675,4020624,84.00,337.74,1.10,Milhões,SNFF11
TELLUS MULTIESTRATÉGIA - FII FUNDO DE INVESTIMENTO IMOBILIÁRIO RESPONSABILIDADE LIMITADA,45.188.099/0001-35,Investidor Qualificado,Híbridos,Híbrido,Fundo misto,Indeterminado,Ativa,0.90,0.00,111,2147351,9.84,21.12,0.12,Milhões,TELM11
TIVIO RENDA IMOBILIÁRIA FUNDO DE INVESTIMENTO IMOBILIÁRIO,14.410.722/0001-29,Geral,Renda,Agências bancárias,Fundo de Tijolo,Indeterminado,Ativa,0277,3.20,60836,15919679,104.01,1.66,1.05,Bilhão,TVRI11
TISHMAN SPEYER RENDA CORPORATIVA FUNDO DE INVESTIMENTO IMOBILIÁRIO,34.847.042/0001-84,Geral,Renda,Lajes Corporativas,Fundo de Tijolo,Indeterminado,Ativa,1.00,0.00,19,1485493,97.18,144.36,0.98,Milhões,TSER11
FDO DE INVEST IMOB TELLUS RIO BRAVO RENDA LOGISTIC,16.671.412/0001-93,Geral,Renda,Logístico / Indústria / Galpões,Fundo de Tijolo,Indeterminado,Ativa,0.84,31.00,47549,7739081,85.36,660.60,0.60,Milhões,TRBL11
TELLUS PROPERTIES FUNDO DE INVESTIMENTO IMOBILIÁRIO,26.681.370/0001-25,Geral,Renda,Lajes Corporativas,Fundo de Tijolo,Indeterminado,Ativa,1.17,0.00,25789,4221956,97.97,413.63,0.74,Milhões,TEPP11
VOTORANTIM SECURITIES MASTER FUNDO DE INVESTIMENTO IMOBILIÁRIO,17.870.926/0001-30,Geral,Títulos e valores mobiliários,Títulos e Valores Mobiliários,Fundo de papel,Indeterminado,Ativa,1.00,0.00,542,827902,92.78,76.82,0.62,Milhões,VOTS11
TJK RENDA IMOBILIÁRIA FUNDO DE INVESTIMENTO IMOBILIÁRIO,39.714.024/0001-48,Investidor Qualificado,Renda,Lajes Corporativas,Outro,Indeterminado,Ativa,0.45,0.00,436,1164636,260.36,303.23,2.90,Milhões,TJKB11
TRX Hedge Fundo de Investimento Imobiliário de Responsabilidade Limitada,43.985.938/0001-10,Geral,Híbridos,Híbrido,Outro,Indeterminado,Ativa,0,0.00,749,15970278,9.22,147.19,0.11,Milhões,TRXY11
TRX REAL ESTATE FUNDO DE INVESTIMENTO IMOBILIÁRIO,28.548.288/0001-52,Geral,Renda,Híbrido,Fundo de Tijolo,Indeterminado,Ativa,1.00,0.22,204474,32493273,100.73,3.27,0.93,Bilhões,TRXF11
TORDESILHAS EI FUNDO DE INVESTIMENTO IMOBILIÁRIO,30.230.870/0001-18,Geral,Híbridos,Híbrido,Outro,Indeterminado,Ativa,1.50,0.00,47955,5841881,35.22,205.74,0.01,Milhões,TORD11
TRX REAL ESTATE II FUNDO DE INVESTIMENTO IMOBILIÁRIO,36.368.925/0001-37,Geral,Títulos e valores mobiliários,Híbrido,Fundo de desenvolvimento,Determinado,Passiva,1.0,0.00,521,3746009,101.02,378.44,1.60,Milhões,TRXB11
V2 RENDA IMOBILIÁRIA FDO DE INV IMOB,49.184.940/0001-77,Geral,Renda,Híbrido,Outro,Indeterminado,Ativa,,15.09,147,802672,89.35,71.72,0.75,Milhões,VVRI11
V2 EDIFÍCIOS CORPORATIVOS FUNDO DE INVESTIMENTO IMOBILIÁRIO,15.006.267/0001-63,Geral,Renda,Lajes Corporativas,Fundo de Tijolo,Indeterminado,Ativa,1.20,0.00,2541,9899989,14.97,148.25,0.32,Milhões,VVCO11
URCA PRIME RENDA FUNDO DE INVESTIMENTO IMOBILIÁRIO,34.508.872/0001-87,Geral,Híbridos,Outros,Fundo de papel,Indeterminado,Ativa,0.25,0.00,65850,11733884,100.15,1.18,0.35,Bilhão,URPR11
V2 RECEBÍVEIS IMOBILIÁRIOS FUNDO DE INVESTIMENTO IMOBILIÁRIO,23.120.027/0001-13,Geral,Títulos e valores mobiliários,Títulos e Valores Mobiliários,Fundo de papel,Determinado,Ativa,0.90,0.00,2122,7508321,10.15,76.21,0.10,Milhões,VVCR11
VALORA CRI ÍNDICE DE PREÇO FUNDO DE INVESTIMENTO IMOBILIÁRIO,34.197.811/0001-46,Geral,Títulos e valores mobiliários,Títulos e Valores Mobiliários,Fundo de papel,Indeterminado,Ativa,1,0.00,83712,11787236,88.86,1.05,0.65,Bilhão,VGIP11
VALORA RE III FUNDO DE INVESTIMENTO IMOBILIÁRIO,29.852.732/0001-91,Geral,Renda,Títulos e Valores Mobiliários,Fundo de papel,Indeterminado,Ativa,0.20,0.00,260767,146101276,9.81,1.43,0.13,Bilhão,VGIR11
V2 PRIME PROPERTIES FUNDO DE INVESTIMENTO  IMOBILIÁRIO – FII,30.654.849/0001-40,Geral,Renda,Outros,Fundo misto,Indeterminado,Ativa,0.95 a.a,31.15,34612,7316160,38.55,282.06,0.07,Milhões,VPPR11
VBI AGRO - FUNDO DE INVESTIMENTO IMOBILIÁRIO,32.754.734/0001-52,Geral,Renda,Outros,Fundo misto,Indeterminado,Ativa,1.0,0.00,15134,5452623,61.69,336.38,0.48,Milhões,PLAG11
VALORA RENDA IMOB FUNDO DE INVES IMOB -RESP LIMIT,53.656.482/0001-07,Geral,Renda,Híbrido,Fundo de Tijolo,Indeterminado,Ativa,0085,17.00,20775,35021725,10.67,373.56,0.12,Milhões,VGRI11
VECTIS JUROS REAL FUNDO DE INVESTIMENTO IMOBILIÁRIO,32.400.250/0001-05,Geral,Títulos e valores mobiliários,Títulos e Valores Mobiliários,Fundo de papel,Indeterminado,Ativa,1.60,0.00,27388,14723959,93.41,1.38,1.00,Bilhão,VCJR11
VBI OFFICE FUND II - FUNDO DE INVESTIMENTO IMOBILIÁRIO,34.895.894/0001-47,Geral,Híbridos,Lajes Corporativas,Fundo de Tijolo,Determinado,Ativa,1.25,0.00,292,994803,104.67,104.13,0.53,Milhões,BLMO11
VBI REITS FOF - FUNDO DE INVESTIMENTO IMOBILIÁRIO,35.507.457/0001-71,Geral,Renda,Títulos e Valores Mobiliários,Fundo de fundos,Indeterminado,Ativa,0.15,0.00,55889,10276001,73.96,760.04,0.70,Milhões,RVBI11
VALORA HEDGE FUND. FUNDO DE INVESTIMENTO IMOBILIÁRIO - FII,36.771.692/0001-19,Geral,Títulos e valores mobiliários,Híbrido,Fundo de papel,Indeterminado,Ativa,0.90,0.00,392990,164721672,8.54,1.41,0.07,Bilhão,VGHF11
VERSALHES RECEBÍVEIS IMOBILIÁRIOS - FUNDO DE INVESTIMENTO IMOBILIÁRIO,36.244.015/0001-42,Geral,Híbridos,Outros,Fundo de papel,Indeterminado,Ativa,de 1.00,0.00,65493,29864080,10.11,301.78,0.03,Milhões,VSLH11
FUNDO DE INVESTIMENTO IMOBILIÁRIO VIA PARQUE SHOPPING,00.332.266/0001-31,Geral,Renda,Shoppings / Varejo,Fundo de Tijolo,Indeterminado,Passiva,0.12,10.90,3795,2800138,158.65,444.23,0.20,Milhões,FVPQ11
VINCI IMÓVEIS URBANOS FUNDO DE INVESTIMENTO IMOBILIÁRIO,36.445.587/0001-90,Geral,Renda,Outros,Fundo misto,Indeterminado,Ativa,0.85,3.00,44197,26946209,8.74,235.42,0.07,Milhões,VIUR11
VINCI LOGÍSTICA FUNDO DE INVESTIMENTO IMOBILIÁRIO,24.853.044/0001-22,Geral,Renda,Logístico / Indústria / Galpões,Fundo de Tijolo,Indeterminado,Ativa,0.95,2.00,142742,14997385,113.43,1.70,0.72,Bilhão,VILG11
VINCI INSTRUMENTOS FINANCEIROS FUNDO DE INVESTIMENTO IMOBILIÁRIO,31.547.855/0001-60,Geral,Títulos e valores mobiliários,Títulos e Valores Mobiliários,Fundo de fundos,Indeterminado,Ativa,0.95,0.00,5516,8089179,7.97,64.51,0.07,Milhões,VIFI11
VINCI OFFICES FUNDO DE INVESTIMENTO IMOBILIÁRIO,12.516.185/0001-70,Geral,Renda,Lajes Corporativas,Fundo de Tijolo,Indeterminado,Ativa,1.20,9.00,138669,82826284,10.05,832.57,0.05,Milhões,VINO11
VINCI SHOPPING CENTERS FUNDO DE INVESTIMENTO IMOBILIÁRIO,17.554.274/0001-25,Geral,Renda,Shoppings / Varejo,Fundo de Tijolo,Indeterminado,Ativa,1.35,5.20,337626,28828629,123.15,3.55,0.81,Bilhões,VISC11
WARREN SECURITIES FUNDO DE INVESTIMENTO IMOBILIÁRIO,43.440.579/0001-16,Investidor Qualificado,Títulos e valores mobiliários,Títulos e Valores Mobiliários,Fundo de papel,Indeterminado,Ativa,1.00,0.00,913,2456499,1.47,3.60,0.02,Milhões,WSEC11
WHG REAL ESTATE FUNDO DE INVESTIMENTO IMOBILIÁRIO,41.256.643/0001-88,Geral,Híbridos,Híbrido,Fundo misto,Indeterminado,Ativa,1.00,0.00,14652,30912367,9.68,299.27,0.10,Milhões,WHGR11
ZAGROS MULTIESTRATÉGIA FUNDO DE INVESTIMENTO IMOBILIÁRIO,45.188.066/0001-95,Investidor Qualificado,Híbridos,Híbrido,Fundo misto,Indeterminado,Ativa,1.5,0.00,442,8891651,8.99,79.98,0.06,Milhões,ZAGH11
XP LOG FUNDO DE INVESTIMENTO IMOBILIÁRIO,26.502.794/0001-85,Geral,Renda,Logístico / Indústria / Galpões,Fundo de Tijolo,Indeterminado,Ativa,0.95,4.40,336113,31175920,105.97,3.30,0.82,Bilhões,XPLG11
XP Malls Fundo de Investimento Imobiliario - Fii,28.757.546/0001-00,Geral,Renda,Shoppings / Varejo,Fundo de Tijolo,Indeterminado,Ativa,0.55,4.10,626953,58567563,108.73,6.37,0.92,Bilhões,XPML11
XP CREDITO IMOBILIÁRIO - FUNDO DE INVESTIMENTO IMOBILIÁRIO,28.516.301/0001-91,Geral,Títulos e valores mobiliários,Títulos e Valores Mobiliários,Fundo de papel,Indeterminado,Ativa,1.00,0.00,71329,8701540,88.43,769.50,0.90,Milhões,XPCI11
XP SELECTION FUNDO DE FUNDOS DE INVESTIMENTO IMOBILIÁRIO,30.983.020/0001-90,Geral,Títulos e valores mobiliários,Títulos e Valores Mobiliários,Fundo de fundos,Indeterminado,Ativa,1,0.00,56830,43302129,7.85,340.01,0.07,Milhões,XPSF11
XP CORPORATE MACAÉ FUNDO DE INVESTIMENTO IMOBILIÁRIO,16.802.320/0001-03,Geral,Renda,Lajes Corporativas,Fundo de Tijolo,Indeterminado,Passiva,0.80,57.00,2,2414559,28.86,69.69,0.02,Milhões,XPCM11
XP INDUSTRIAL FUNDO DE INVESTIMENTO IMOBILIARIO,28.516.325/0001-40,Geral,Renda,Outros,Fundo de Tijolo,Indeterminado,Ativa,,5.00,41608,7150411,101.79,727.81,0.85,Milhões,XPIN11
FUNDO DE INVESTIMENTO IMOBILIÁRIO ZAVIT REAL ESTATE,40.575.940/0001-23,Geral,Renda,Híbrido,Fundo misto,Indeterminado,Ativa,1.25,0.90,2377,1173311,142.60,167.32,1.10,Milhões,ZAVI11
ZION CAPITAL FUNDO DE INVESTIMENTO IMOBILIÁRIO,35.820.768/0001-96,Geral,Desenvolvimento para renda,Híbrido,Fundo de desenvolvimento,Indeterminado,Ativa,1.00,0.00,86,47474,1762.33,83.68,3.30,Milhões,ZIFI11
